aid,prn,t,rh,tanededt,minelv,maxelv,azi,dt,ahgt,sp,ptn,clr,pr,ms,vs,af,df
0,2,1408341088,5.348,2184.071,5.068,24.906,149.512,2820,0.185,9.631,3.766,2.823,1.121,49.806,387.883,7413.281,0.079
0,2,1408354440,3.216,-3528.448,18.991,24.917,64.897,900,0.185,3.320,4.252,3.795,1.166,9.487,12.176,566.061,-0.439
0,2,1408356448,18.306,-1303.636,5.012,13.292,64.000,1230,0.185,1.081,1.792,1.403,1.009,7.309,5.359,87.614,0.076
0,2,1408388046,1.647,2619.878,5.004,24.977,328.972,3180,0.185,2.811,4.688,3.794,1.151,14.691,24.399,2695.746,-0.124
0,2,1408400058,11.187,-2506.777,5.074,25.000,255.399,3200,0.185,28.128,5.375,5.122,1.816,104.255,1811.194,15371.428,2.544
0,3,1408323368,11.877,-2213.003,5.072,24.979,221.282,2860,0.185,20.904,5.101,4.528,1.873,92.656,1115.038,9651.630,1.888
0,3,1408350850,0.747,2423.872,5.055,24.880,118.150,2940,0.185,2.376,4.276,3.687,1.472,9.713,27.001,2860.205,0.128
0,3,1408363231,0.803,-2269.746,5.074,24.877,38.014,2960,0.185,1.012,3.968,3.272,1.445,6.678,6.888,1611.880,-0.067
0,3,1408396166,6.170,2349.463,6.446,24.914,306.747,2660,0.185,11.029,6.434,5.289,1.546,36.986,204.675,5509.446,0.709
0,4,1408331293,10.874,-2127.002,5.043,24.979,187.777,2770,0.185,18.772,5.667,5.021,1.618,84.988,731.134,9136.329,-1.930
0,4,1408358493,10.880,1616.520,5.024,16.889,86.402,1920,0.185,0.703,2.156,1.882,1.030,5.642,2.762,139.280,-0.072
0,4,1408360691,7.836,4530.312,19.999,24.937,77.437,930,0.185,2.173,2.399,1.819,1.008,7.781,9.097,262.251,0.860
0,4,1408370102,0.743,-2597.813,5.047,24.955,14.567,3370,0.185,0.926,3.248,2.551,1.320,5.027,4.056,826.207,-0.165
0,4,1408402453,7.016,2189.407,5.041,24.883,278.000,2850,0.185,30.447,7.020,6.266,2.021,101.462,1405.802,18136.296,1.722
0,5,1408327846,1.971,3084.086,5.294,24.685,56.417,3480,0.185,1.327,2.453,1.975,1.184,7.127,8.838,558.658,0.123
0,5,1408337091,6.831,-2903.481,5.047,24.970,302.953,3620,0.185,13.125,5.714,4.899,1.331,54.843,434.880,13341.348,-2.250
0,5,1408366388,9.306,2081.926,5.039,24.889,198.641,2710,0.185,18.300,3.488,2.794,1.109,117.069,1524.212,10056.639,-2.390
0,5,1408380983,3.992,-3198.634,19.458,24.939,104.000,750,0.185,2.872,2.876,2.435,1.049,12.280,17.665,393.577,0.418
0,6,1408323740,7.027,-2788.749,5.047,24.955,301.794,3490,0.185,9.847,4.893,4.167,1.109,46.800,292.440,10482.728,-0.985
0,6,1408352683,10.571,2062.968,5.041,24.903,197.967,2690,0.185,25.600,7.246,6.058,1.619,96.536,998.327,10627.833,-2.242
0,6,1408367806,1.096,-2925.231,14.736,24.962,104.000,1410,0.185,2.384,3.472,3.118,1.680,8.209,11.231,687.089,0.063
0,6,1408369686,11.647,-986.458,5.112,9.165,105.000,580,0.185,0.621,2.401,1.831,1.207,3.239,0.862,43.781,0.116
0,6,1408400072,8.988,2833.357,5.142,24.950,31.855,3460,0.185,1.141,2.706,2.135,1.102,6.726,6.476,664.926,0.102
0,7,1408326878,6.630,2258.598,5.029,24.951,266.000,2940,0.185,23.797,4.794,4.107,1.188,98.576,1554.936,17007.019,1.594
0,7,1408342633,9.101,-2124.228,5.103,24.969,176.464,2750,0.185,24.357,7.298,5.963,1.655,88.712,846.748,11067.728,-1.852
0,7,1408371737,2.385,3882.104,10.520,24.954,65.857,2790,0.185,3.502,3.733,3.725,1.093,12.646,26.782,1782.448,0.333
0,7,1408380970,8.696,-3301.053,10.874,24.968,7.431,2690,0.185,0.980,3.171,2.281,1.137,4.562,3.638,646.980,0.111
0,7,1408382673,7.478,-1141.428,5.028,8.894,1.984,630,0.185,0.239,2.388,2.040,1.182,2.895,0.347,22.982,-0.054
0,8,1408331927,10.270,2123.787,5.006,24.971,171.141,2770,0.185,15.438,5.113,4.378,1.571,67.576,619.565,7223.013,-0.384
0,8,1408345584,7.548,-3444.090,19.490,24.996,81.600,800,0.185,1.287,2.030,1.659,1.133,6.523,3.567,52.649,0.057
0,8,1408379518,0.533,2907.864,5.269,24.954,342.910,3350,0.185,2.021,3.835,3.067,1.412,13.161,14.395,2405.289,-0.252
0,8,1408389768,7.029,-2771.822,5.121,24.992,276.473,3480,0.185,24.467,4.903,4.342,1.171,108.259,1778.492,23325.835,2.268
0,9,1408320923,5.993,2821.392,12.480,24.932,293.940,1810,0.185,13.471,4.915,3.980,1.386,52.915,320.137,4742.080,-1.851
0,9,1408334438,10.296,-2204.184,5.128,24.998,207.323,2840,0.185,24.517,6.417,6.325,2.268,95.472,1224.870,13927.919,-2.339
0,9,1408361452,16.486,1749.824,5.160,17.228,105.280,1890,0.185,0.442,2.304,1.827,1.069,5.454,1.583,195.553,-0.017
0,9,1408363379,3.217,4138.046,19.744,24.962,97.736,890,0.185,2.880,2.001,1.670,1.013,10.912,20.325,219.720,0.492
0,9,1408373744,2.467,-2407.243,5.115,24.988,28.807,3180,0.185,0.898,2.908,2.364,1.030,5.182,4.884,1020.759,0.243
0,9,1408405738,7.383,1419.455,5.056,14.064,295.000,1320,0.185,21.333,4.198,3.696,1.665,67.389,768.574,5647.281,2.894
0,10,1408339039,5.557,1444.169,5.310,14.070,64.575,1440,0.185,0.624,1.960,1.473,1.023,5.945,2.657,98.046,0.176
0,10,1408341339,1.674,4517.063,17.376,24.958,55.235,1500,0.185,3.323,3.334,2.967,1.011,10.442,20.841,1060.559,-0.363
0,10,1408350215,0.990,-2766.258,5.084,24.983,271.245,3480,0.185,1.116,3.083,2.489,1.087,7.106,7.047,1251.525,0.054
0,10,1408381643,9.890,2170.536,5.029,24.890,257.570,2830,0.185,38.879,6.311,5.039,1.690,114.876,2614.096,16589.488,-3.184
0,10,1408397577,10.522,-2050.968,5.077,24.935,164.270,2670,0.185,14.016,4.278,3.776,1.096,77.178,681.842,6623.492,1.101
0,11,1408320240,9.922,6661.465,23.747,24.956,10.783,310,0.185,3.089,2.291,0.000,0.000,8.317,12.046,76.091,0.034
0,11,1408327407,4.630,-3168.325,5.150,24.984,321.530,3820,0.185,1.464,2.362,1.756,1.061,18.737,23.744,2178.770,-0.350
0,11,1408357523,11.373,2122.769,5.040,24.958,216.000,2770,0.185,15.414,3.635,2.964,1.026,99.547,1090.927,9765.989,-0.527
0,11,1408372908,0.650,-2840.325,10.252,24.987,122.029,2030,0.185,6.361,3.794,3.082,1.087,18.878,84.494,2616.319,-0.291
0,11,1408374818,5.583,-878.155,5.128,7.358,123.000,320,0.185,0.475,2.102,1.997,1.186,3.241,0.663,20.730,0.452
0,11,1408403273,14.211,1420.731,5.156,12.495,25.143,1240,0.185,1.315,2.257,1.767,1.047,6.519,6.075,102.578,-0.002
0,11,1408405251,4.532,4207.305,14.304,24.249,17.055,2100,0.185,1.354,2.850,2.122,1.412,6.277,5.569,366.615,0.317
0,12,1408352059,6.116,2318.754,5.023,24.927,299.361,2880,0.185,15.347,5.725,4.918,1.002,46.849,489.937,9764.893,-1.029
0,12,1408365627,6.065,-2220.094,5.051,24.987,213.312,2880,0.185,26.548,5.398,4.327,1.184,106.220,1642.623,15788.152,-2.268
0,12,1408393476,0.692,2620.484,5.030,24.939,108.922,3120,0.185,2.311,3.673,3.287,1.134,9.710,17.614,1409.009,0.123
0,12,1408405129,0.840,-2370.715,6.496,24.976,33.020,2900,0.185,0.914,3.284,2.581,1.101,6.090,4.153,796.686,0.097
0,13,1408334050,2.979,2526.093,5.102,24.945,330.162,3060,0.185,2.594,5.143,4.139,1.011,14.645,17.155,2819.902,0.022
0,13,1408345618,9.007,-2448.042,5.050,24.990,254.679,3140,0.185,33.068,6.418,5.414,1.490,93.178,1925.758,20027.627,-2.263
0,13,1408373280,5.482,2154.986,5.032,24.944,151.371,2800,0.185,11.837,4.848,3.620,1.182,49.518,350.915,7664.250,-0.599
0,13,1408387203,0.907,-2220.992,5.110,24.948,63.559,2870,0.185,1.410,5.862,5.155,1.183,5.806,6.273,1832.833,0.061
0,14,1408337348,9.136,2193.859,5.048,24.971,250.491,2860,0.185,33.140,6.492,5.713,1.836,96.214,1972.007,17300.488,-2.485
0,14,1408353143,6.455,-2118.976,5.029,24.997,158.281,2770,0.185,9.986,4.330,3.684,1.077,53.998,381.535,7148.134,0.809
0,14,1408381096,16.245,1182.813,5.019,8.431,57.971,590,0.185,1.157,2.292,1.893,1.118,5.501,2.631,49.494,0.035
0,14,1408383627,0.756,4537.069,13.882,24.950,47.090,2390,0.185,1.535,2.830,2.247,1.242,9.080,9.567,896.292,0.027
0,14,1408391111,1.311,-4231.874,13.058,24.896,282.746,2540,0.185,1.631,2.480,1.898,1.084,9.940,12.543,867.577,-0.177
0,14,1408393014,15.462,-1531.395,6.426,11.256,348.167,820,0.185,0.697,2.184,1.613,1.026,6.050,3.172,59.683,0.038
0,15,1408337023,4.115,3298.403,8.127,24.969,347.359,3090,0.185,1.476,2.974,2.548,1.062,11.484,14.888,1665.262,-0.067
0,15,1408346223,6.812,-2932.450,5.039,24.987,285.288,3670,0.185,15.505,3.649,3.017,1.075,92.428,1170.021,20376.883,-2.045
0,15,1408375243,11.194,2134.947,5.006,24.946,179.525,2790,0.185,21.980,7.447,7.188,2.119,88.420,737.490,8195.546,-3.187
0,15,1408389816,0.864,-2316.042,5.392,24.998,88.227,2820,0.185,1.671,4.989,3.964,1.528,6.847,10.850,1626.114,-0.075
0,16,1408322233,12.256,2074.635,5.028,24.946,185.173,2710,0.185,14.111,4.168,3.580,1.272,84.898,696.417,6206.808,-0.243
0,16,1408337301,2.113,-2185.328,5.116,24.949,92.187,2840,0.185,0.784,5.203,4.344,1.404,4.462,3.074,1188.832,0.043
0,16,1408370081,8.840,3192.537,6.556,24.788,352.565,3190,0.185,1.499,2.428,1.971,1.100,9.260,18.294,1592.614,-0.090
0,16,1408379456,6.654,-2845.597,5.051,24.981,289.619,3570,0.185,14.787,4.947,4.109,1.406,71.614,571.673,13779.268,-1.400
0,17,1408344053,9.174,2108.178,5.038,24.966,219.000,2750,0.185,37.595,9.218,8.049,2.495,103.923,1429.668,15037.538,1.467
0,17,1408360478,0.605,-2162.506,5.132,24.988,126.379,2800,0.185,7.108,7.461,6.557,1.829,15.019,78.626,7979.711,0.648
0,17,1408391495,0.594,3774.176,9.394,24.956,20.409,3140,0.185,0.818,2.204,1.624,1.052,7.124,6.661,568.611,-0.045
0,17,1408399990,1.977,-3479.213,5.396,24.989,325.766,3850,0.185,2.033,2.827,2.217,1.118,17.448,27.660,2854.682,-0.107
0,18,1408326940,18.282,1321.802,5.425,13.210,75.350,1260,0.185,0.907,2.166,1.684,1.080,4.506,2.005,59.744,0.037
0,18,1408329141,2.311,4091.168,15.131,24.911,66.333,1820,0.185,2.045,2.255,1.847,1.017,11.933,16.564,619.760,0.379
0,18,1408338096,0.505,-3044.152,7.816,24.939,5.722,3000,0.185,0.774,3.548,2.874,1.001,3.939,2.580,892.802,-0.058
0,18,1408370352,6.136,2171.278,5.056,24.892,267.574,2820,0.185,25.198,4.982,3.804,1.040,104.333,1680.744,19921.429,0.617
0,18,1408385793,9.607,-2080.596,5.063,24.928,175.018,2710,0.185,22.162,6.841,6.033,1.679,89.106,824.240,10079.329,-2.990
0,19,1408347308,9.362,2152.130,5.055,24.931,229.865,2800,0.185,26.189,6.182,5.280,1.729,103.706,1411.691,13817.551,-2.836
0,19,1408363228,1.104,-2067.817,5.054,24.952,135.000,2690,0.185,6.774,6.017,4.583,1.085,23.823,100.024,6425.750,-1.154
0,19,1408393996,5.572,3275.931,5.020,24.960,31.051,3870,0.185,1.167,2.897,2.305,1.067,7.670,7.792,1173.843,-0.157
0,19,1408402599,0.601,-3181.428,5.196,24.970,333.926,3770,0.185,3.185,4.974,4.008,2.173,12.414,25.794,4698.632,0.035
0,20,1408322599,7.168,1094.395,5.007,8.091,3.364,510,0.185,0.736,1.712,1.373,1.015,4.099,1.591,25.503,-0.040
0,20,1408325057,1.882,4237.870,14.133,24.950,354.325,2150,0.185,1.934,2.943,2.244,1.211,9.503,15.345,731.506,-0.152
0,20,1408333783,5.920,-2962.710,5.079,24.959,296.334,3670,0.185,12.996,4.340,3.518,1.165,60.916,567.800,13758.641,-0.787
0,20,1408362673,12.549,2143.341,5.047,24.919,189.646,2790,0.185,16.724,4.418,3.635,1.133,96.199,928.077,8604.591,-1.672
0,20,1408378272,1.978,-2148.059,5.051,24.977,98.000,2820,0.185,1.777,4.829,4.039,1.002,6.269,10.518,1378.124,0.525
0,21,1408339488,1.577,2168.011,5.047,24.876,141.363,2800,0.185,8.557,5.208,4.472,1.073,31.773,214.691,7989.123,0.356
0,21,1408353348,0.532,-2408.491,5.120,24.940,57.659,3100,0.185,1.898,6.540,5.558,1.051,5.847,7.805,2380.115,0.130
0,21,1408386039,4.802,2509.160,5.067,24.972,322.584,3040,0.185,2.900,4.459,3.534,1.348,18.599,24.737,2448.617,0.054
0,21,1408398498,10.740,-2515.476,5.026,24.993,247.178,3240,0.185,29.514,5.911,5.077,1.767,103.427,1803.608,16058.456,-5.330
0,22,1408340003,8.862,2157.853,5.022,24.923,257.429,2810,0.185,31.817,5.638,4.654,1.574,100.085,2160.718,16569.370,-2.644
0,22,1408356033,11.235,-2163.463,5.077,24.989,166.301,2810,0.185,11.581,4.553,3.698,1.067,65.099,448.924,7189.019,1.415
0,22,1408385224,3.525,3495.360,8.273,24.932,57.211,3150,0.185,1.275,2.786,2.174,1.024,8.538,8.845,550.329,-0.040
0,22,1408394123,0.539,-3537.181,7.429,24.960,183.578,3370,0.185,1.217,2.537,1.850,1.023,7.836,11.345,1453.152,-0.227
0,23,1408335779,9.806,1581.051,5.133,14.008,48.842,1480,0.185,0.556,2.615,2.145,1.307,4.791,1.987,95.919,-0.100
0,23,1408337827,2.827,4458.827,16.529,24.883,40.145,1720,0.185,1.985,3.447,2.997,1.369,10.727,8.443,747.622,-0.812
0,23,1408346222,10.385,-2940.256,5.064,24.996,343.487,3650,0.185,1.253,3.086,2.267,1.050,9.788,12.704,1507.592,0.160
0,23,1408377278,10.720,2127.998,5.031,24.947,242.441,2780,0.185,32.996,5.652,4.502,1.611,105.712,2338.510,13722.630,-3.747
0,23,1408393313,6.032,-2078.329,5.093,24.990,148.000,2700,0.185,10.838,5.480,4.127,1.432,42.907,262.439,5918.039,-0.127
0,24,1408344750,2.456,2670.395,5.513,24.945,325.986,3110,0.185,2.515,4.723,4.022,1.460,14.819,18.471,1683.169,0.640
0,24,1408355948,6.201,-2580.213,5.056,24.998,252.779,3300,0.185,16.162,3.910,3.238,1.250,80.811,1024.929,13111.416,2.173
0,24,1408383951,9.753,2228.244,5.049,24.898,148.107,2890,0.185,8.817,3.842,3.229,1.014,42.642,341.052,6888.535,2.439
0,24,1408397080,4.714,-2634.089,7.889,24.941,63.031,2560,0.185,1.165,2.908,2.433,1.160,7.156,5.278,559.188,0.055
0,25,1408322512,1.646,-2347.615,5.134,24.949,48.767,3000,0.185,1.373,4.857,4.316,1.174,4.779,5.794,1064.924,0.138
0,25,1408355848,0.771,2384.729,5.122,24.945,314.451,2980,0.185,3.774,4.828,4.054,1.061,22.938,42.077,4089.632,0.235
0,25,1408368313,12.528,-2371.427,5.081,24.948,234.435,3050,0.185,19.651,4.152,3.396,1.088,91.556,1332.617,11413.664,-2.145
0,25,1408396122,1.585,2480.777,6.353,24.902,130.063,2770,0.185,6.392,6.312,5.171,1.088,19.156,79.455,5640.848,-1.196
0,26,1408331568,3.652,-3575.951,19.139,24.950,86.686,850,0.185,2.466,3.338,3.253,1.287,7.412,6.387,113.372,0.649
0,26,1408333989,14.995,-1001.441,5.507,7.765,86.000,340,0.185,1.593,1.904,1.222,1.149,5.646,5.102,33.717,0.030
0,26,1408364096,9.197,1162.996,5.054,10.437,350.708,880,0.185,1.758,1.966,1.701,1.071,5.089,5.316,38.867,0.001
0,26,1408366257,1.015,3854.766,12.345,24.966,342.955,2400,0.185,2.183,2.809,2.088,1.313,13.488,17.943,1321.129,-0.117
0,26,1408375413,7.277,-2967.521,5.057,24.991,282.376,3710,0.185,16.486,4.630,4.053,1.168,82.654,879.880,17577.707,0.494
0,26,1408404098,11.917,2145.330,5.000,24.868,175.434,2800,0.185,13.957,4.770,4.150,1.037,75.388,579.208,6529.599,-2.583
0,27,1408328841,11.033,2142.345,5.011,24.962,154.554,2800,0.185,7.700,3.472,2.763,1.021,50.457,311.939,6139.945,0.383
0,27,1408342774,0.876,-2266.493,5.095,24.964,66.497,2910,0.185,1.451,7.732,6.381,2.561,6.175,8.081,2565.712,0.128
0,27,1408375853,0.941,2530.496,5.246,24.947,331.927,3090,0.185,2.640,5.043,4.059,1.039,12.539,16.949,2797.161,0.270
0,27,1408387143,9.546,-2538.101,5.101,24.980,258.327,3230,0.185,29.866,5.425,4.933,1.734,101.876,2089.974,18502.526,-3.239
0,28,1408324613,3.219,-2157.100,5.063,24.991,104.191,2810,0.185,1.237,4.168,4.052,1.249,5.102,6.003,1114.670,0.024
0,28,1408356428,1.544,2962.444,5.005,24.947,82.597,3700,0.185,1.460,2.832,2.312,1.188,6.995,9.462,775.172,0.324
0,28,1408365838,6.794,-2981.952,5.038,24.978,302.940,3710,0.185,10.924,5.113,4.637,1.316,49.382,354.442,12578.309,-1.472
0,28,1408395053,10.403,2105.996,5.010,24.868,197.214,2750,0.185,25.020,5.894,5.120,1.683,108.892,1351.892,12340.937,-3.048
0,29,1408329276,0.744,-2860.141,9.331,24.978,21.298,2590,0.185,1.516,3.341,2.550,1.456,7.374,6.982,700.727,0.036
0,29,1408362103,7.328,2200.493,5.002,24.965,285.795,2870,0.185,19.103,5.393,4.417,1.193,91.527,921.723,15154.401,0.390
0,29,1408376723,11.106,-2140.819,5.120,24.979,196.291,2770,0.185,30.992,7.236,6.164,1.215,116.159,1552.856,14474.256,-3.784
0,29,1408403834,14.429,1732.684,5.777,16.277,94.762,1670,0.185,0.651,2.116,1.721,1.099,5.495,2.256,81.801,-0.006
0,29,1408405800,7.226,4165.425,18.832,24.930,87.094,1060,0.185,1.494,2.063,1.502,1.048,8.289,5.675,182.690,-0.226
0,30,1408330913,7.088,2266.733,5.019,24.899,279.564,2950,0.185,28.889,7.565,7.037,2.175,92.456,1102.345,17177.946,1.337
0,30,1408345758,8.978,-2185.269,5.132,24.949,191.516,2820,0.185,32.255,9.637,8.082,1.593,95.556,1062.141,13693.093,-1.351
0,30,1408374569,4.940,3627.411,9.143,24.943,81.630,2900,0.185,1.768,3.189,2.640,1.449,6.783,6.768,298.088,0.361
0,30,1408384337,5.486,-2892.783,5.549,24.959,19.000,3430,0.185,0.630,2.502,2.036,1.097,5.172,3.660,819.476,-0.038
0,31,1408328570,0.842,-2261.706,5.070,24.977,117.000,2830,0.185,2.541,4.353,3.847,1.147,8.413,18.290,1950.981,0.135
0,31,1408358668,1.537,1229.603,5.051,10.044,20.432,830,0.185,1.028,3.036,2.496,1.496,5.169,1.541,77.242,0.125
0,31,1408361052,0.889,4483.123,13.993,24.966,9.852,2330,0.185,1.415,2.348,1.751,1.057,7.433,8.855,406.615,0.151
0,31,1408368966,0.799,-3159.443,5.060,24.973,316.249,3930,0.185,4.521,4.483,3.278,1.334,26.121,78.674,8058.873,-0.641
0,31,1408399093,11.088,2079.792,5.051,24.911,210.890,2710,0.185,24.153,5.458,4.496,1.441,112.819,1380.702,10928.486,-3.060
0,32,1408348947,4.878,3985.920,9.281,24.966,25.047,3210,0.185,1.129,2.598,2.111,1.081,7.973,8.844,772.143,-0.080
0,32,1408357290,0.516,-3212.149,5.045,24.988,330.725,3900,0.185,2.838,3.991,3.016,1.595,14.441,31.827,5431.640,-0.127
0,32,1408387723,9.533,2140.772,5.042,24.893,225.436,2790,0.185,42.125,6.769,5.540,1.597,130.747,2697.162,19321.619,-1.654
0,32,1408404015,1.247,-2082.348,5.082,24.930,132.092,2750,0.185,7.448,8.319,6.594,1.335,19.263,145.894,9746.292,0.057
0,101,1408325903,10.807,-1792.742,5.021,24.946,187.000,2350,0.185,7.082,3.737,2.831,1.127,63.003,231.206,2848.091,0.823
0,101,1408351835,12.529,2006.380,5.004,24.420,83.241,2510,0.185,1.107,2.666,1.998,1.028,3.886,3.915,100.678,-0.091
0,101,1408361984,5.612,-3103.738,18.977,24.945,1.911,800,0.185,2.147,2.334,1.894,1.481,8.635,8.506,186.583,-0.064
0,101,1408363172,6.547,-1710.486,5.285,16.531,358.522,1460,0.185,1.602,2.116,1.805,1.015,4.367,2.506,17.543,0.022
0,101,1408392083,5.881,1856.508,5.036,24.923,268.029,2430,0.185,7.409,4.218,3.240,1.220,73.079,199.472,3959.321,-0.696
0,101,1408406083,6.832,-2718.640,19.507,24.925,163.000,630,0.185,8.442,4.066,3.728,1.736,62.305,85.435,723.365,1.380
0,102,1408330638,11.214,-1803.261,5.127,25.000,206.651,2340,0.185,9.336,2.924,2.131,1.091,116.586,705.359,4063.303,0.097
0,102,1408356628,4.735,2525.640,7.220,24.865,101.421,2200,0.185,1.710,2.222,1.792,1.144,6.466,9.718,186.064,-0.065
0,102,1408367883,4.217,-1943.686,5.062,24.936,14.286,2510,0.185,1.256,3.525,3.012,1.024,7.114,7.631,1204.883,-0.016
0,102,1408397473,7.053,1854.038,5.018,24.851,286.381,2430,0.185,8.910,3.712,2.975,1.287,71.592,355.010,4623.868,-0.886
0,103,1408322610,3.657,2063.177,5.270,24.872,324.872,2430,0.185,3.425,4.978,4.509,1.477,12.698,26.319,1352.632,0.439
0,103,1408335238,9.773,-1841.396,5.120,24.924,230.402,2380,0.185,18.167,4.847,3.932,1.690,120.635,878.432,7644.686,-1.379
0,103,1408360942,0.761,2361.047,12.677,24.921,125.520,1480,0.185,4.534,3.620,2.823,1.111,16.927,57.546,1888.933,-0.180
0,103,1408373153,1.000,-1893.629,5.107,24.922,32.378,2450,0.185,2.486,7.715,6.747,2.414,7.883,7.956,2039.146,0.309
0,103,1408403211,4.773,2009.457,5.832,24.895,306.668,2340,0.185,6.010,3.781,2.987,1.079,43.181,140.930,4931.277,-0.734
0,104,1408327879,2.193,2298.581,6.693,24.927,341.401,2290,0.185,2.794,5.375,4.221,1.682,8.092,11.558,779.427,0.412
0,104,1408339533,9.190,-1897.825,5.102,24.970,251.610,2450,0.185,14.118,5.214,4.077,1.485,102.848,534.008,6152.119,-0.420
0,104,1408364889,5.767,1801.829,5.067,24.946,148.060,2350,0.185,5.421,3.393,2.672,1.012,53.883,151.208,3086.816,0.319
0,104,1408378372,3.627,-1869.692,5.089,24.991,49.172,2440,0.185,0.847,4.817,3.916,1.168,4.701,2.548,539.284,0.039
0,105,1408333110,5.259,2699.725,12.756,24.930,357.019,1580,0.185,1.671,3.377,2.967,1.176,7.707,6.080,280.713,0.073
0,105,1408343723,8.852,-1967.019,5.082,24.940,273.142,2530,0.185,9.499,3.404,2.580,1.055,95.855,525.742,5066.059,-0.450
0,105,1408369508,11.992,1786.654,5.033,24.967,170.000,2340,0.185,10.169,3.165,2.366,1.001,97.996,615.995,4459.216,-0.856
0,105,1408383219,6.714,-2392.581,5.977,24.972,67.152,2310,0.185,2.373,3.078,2.508,1.062,8.997,11.311,361.876,-0.022
0,106,1408338948,18.651,2743.091,11.563,24.655,19.810,1780,0.185,0.759,2.426,1.834,1.114,3.086,1.303,30.204,0.036
0,106,1408348811,6.517,-2065.439,5.055,24.852,302.208,2660,0.185,2.007,3.890,3.064,1.214,11.111,17.078,1378.583,0.259
0,106,1408375583,11.256,1790.563,5.003,24.905,200.373,2350,0.185,2.745,3.227,2.514,1.023,38.630,42.589,1375.981,0.008
0,106,1408390309,17.850,-2069.807,5.542,24.977,95.205,2370,0.185,0.988,2.543,1.863,1.175,3.857,3.680,91.584,0.058
0,107,1408343233,7.764,2537.576,6.127,24.966,37.283,2570,0.185,1.330,2.978,2.361,1.129,8.893,10.169,1079.517,-0.166
0,107,1408353186,1.390,-2096.696,5.064,24.978,319.877,2690,0.185,1.762,3.008,2.255,1.021,11.703,21.939,1748.541,0.131
0,107,1408380643,9.876,1809.444,5.033,24.868,220.508,2370,0.185,16.965,4.734,3.873,1.412,119.117,862.219,6645.758,1.631
0,107,1408395888,3.603,-1842.274,5.085,24.934,114.701,2400,0.185,1.247,4.489,3.827,1.562,6.918,10.564,1625.213,0.087
0,108,1408320768,6.109,-1360.984,5.016,17.529,159.695,1500,0.185,9.898,2.903,2.201,1.085,99.729,422.638,2774.748,-0.994
0,108,1408347349,0.797,2389.331,5.003,24.678,56.762,2640,0.185,1.181,2.803,2.109,1.292,4.785,4.799,231.762,0.004
0,108,1408357574,5.478,-2077.380,5.022,24.941,338.038,2670,0.185,1.345,3.039,2.529,1.442,6.010,10.065,732.517,0.251
0,108,1408385813,9.405,1836.437,5.019,24.904,241.926,2410,0.185,15.549,6.991,5.935,2.418,73.325,370.088,4837.362,-0.323
0,108,1408401093,3.906,-1821.704,5.093,24.932,136.168,2370,0.185,4.819,4.326,3.178,1.201,21.570,81.725,2786.843,-0.185
0,109,1408321098,0.895,-1731.017,5.082,22.554,52.581,2160,0.185,1.014,6.370,6.066,1.301,3.893,3.078,914.314,0.074
0,109,1408351188,0.628,2128.133,5.341,24.924,324.708,2470,0.185,2.059,3.247,2.421,1.092,8.207,17.331,900.716,0.280
0,109,1408363643,12.353,-1878.315,5.095,24.936,231.951,2430,0.185,15.825,4.034,3.209,1.097,120.374,983.896,6680.712,-2.535
0,109,1408389156,5.794,2085.747,5.390,24.917,126.518,2410,0.185,1.824,2.463,1.940,1.010,10.398,24.847,671.176,0.235
0,109,1408401581,0.650,-1925.988,5.091,24.941,34.312,2490,0.185,1.032,3.747,2.927,1.004,6.474,5.106,941.699,-0.029
0,110,1408325295,19.505,-2296.204,6.109,24.924,67.340,2310,0.185,0.696,2.216,1.543,1.117,3.213,1.607,41.217,0.008
0,110,1408356277,18.455,2803.751,15.891,24.898,338.387,1140,0.185,1.119,2.478,1.832,1.198,3.387,2.292,24.389,0.027
0,110,1408367479,8.313,-1916.925,5.066,24.926,250.101,2480,0.185,4.541,4.015,3.043,1.343,36.389,71.361,1979.950,-0.465
0,110,1408392885,6.543,1806.334,5.029,24.942,145.860,2370,0.185,2.677,4.025,3.052,1.101,16.970,26.023,1291.562,-0.081
0,110,1408405693,6.154,-2458.651,13.628,24.944,48.000,1390,0.185,0.189,2.229,1.786,1.170,2.979,0.302,50.406,0.030
0,111,1408331562,7.288,-1850.591,5.093,24.978,88.693,2430,0.185,0.598,2.690,2.263,1.183,3.826,2.721,304.567,0.110
0,111,1408361425,2.518,2664.022,12.192,24.905,356.350,1660,0.185,2.999,3.848,3.044,1.162,9.601,15.743,878.196,-0.029
0,111,1408372013,6.662,-2006.246,5.129,24.927,273.360,2570,0.185,11.199,4.053,3.149,1.336,102.177,501.303,6306.343,0.093
0,111,1408397833,8.081,1792.118,5.080,24.886,169.731,2330,0.185,5.967,2.599,1.995,1.051,91.877,310.874,3415.832,-0.458
0,112,1408322688,8.602,1816.049,5.050,24.941,218.423,2380,0.185,14.323,4.228,3.719,1.311,120.386,739.300,5817.199,-2.459
0,112,1408337883,0.510,-1856.136,5.036,24.997,113.070,2430,0.185,1.933,6.322,5.239,1.205,6.061,7.785,1725.258,0.129
0,112,1408366908,1.309,2716.598,12.586,24.932,15.707,1700,0.185,1.944,3.349,2.920,1.058,11.920,11.669,1034.884,-0.434
0,112,1408376888,7.485,-2086.118,5.028,24.994,297.892,2680,0.185,7.220,3.546,2.773,1.166,55.203,235.366,4208.102,-0.614
0,112,1408403488,11.354,1787.086,5.009,24.870,195.153,2340,0.185,8.707,3.335,2.604,1.061,112.713,412.642,3721.423,-0.283
0,113,1408327528,5.335,1846.111,5.035,24.977,239.230,2420,0.185,5.216,3.623,2.956,1.163,63.290,121.855,2476.464,-0.489
0,113,1408342610,6.456,-1967.794,5.283,24.983,133.456,2370,0.185,1.999,2.988,2.255,1.058,8.051,17.987,805.817,0.050
0,113,1408370728,4.818,2344.471,5.503,24.923,33.705,2650,0.185,0.972,2.707,1.948,1.185,5.158,4.820,238.519,0.029
0,113,1408380621,5.148,-2264.041,5.103,24.947,317.166,2710,0.185,1.375,3.774,2.967,1.062,6.304,7.735,634.450,0.006
0,114,1408333913,6.445,1856.803,5.045,24.908,264.221,2430,0.185,10.410,4.862,3.938,1.266,67.972,300.239,5668.130,0.266
0,114,1408348843,6.791,-1811.278,5.136,24.931,159.758,2350,0.185,8.255,4.955,4.060,1.362,59.941,192.115,3506.536,0.630
0,114,1408376125,1.788,2616.807,6.002,24.909,55.548,2580,0.185,1.883,3.328,2.862,1.017,7.296,7.403,216.147,0.309
0,114,1408386086,14.614,-2054.107,5.132,24.997,338.687,2710,0.185,0.638,2.521,1.841,1.032,3.885,2.857,195.558,-0.011
0,115,1408339558,7.007,1868.929,5.079,24.967,284.878,2440,0.185,9.969,3.745,2.867,1.329,88.029,447.224,4656.702,-0.692
0,115,1408353958,5.358,-1803.965,5.145,24.980,182.055,2340,0.185,7.106,3.337,2.518,1.119,78.855,260.514,3967.449,-0.460
0,115,1408380388,2.918,2430.793,5.362,24.959,77.292,2580,0.185,1.659,3.064,2.467,1.026,5.577,8.985,287.962,0.031
0,115,1408391037,4.957,-1932.369,5.092,24.966,351.452,2640,0.185,0.764,3.231,2.603,1.494,5.290,6.076,951.811,0.111
0,116,1408345313,0.918,1941.851,5.068,24.863,305.617,2430,0.185,6.703,5.848,5.318,1.017,33.521,114.091,4917.645,-0.197
0,116,1408358908,6.739,-1804.675,5.127,24.933,205.889,2340,0.185,11.218,3.395,2.728,1.094,137.818,666.221,6241.150,-0.454
0,116,1408384625,2.116,2194.775,5.050,24.911,101.393,2510,0.185,1.368,2.532,2.064,1.103,4.843,7.672,207.456,0.096
0,116,1408395853,3.072,-2242.570,5.414,24.973,14.418,2480,0.185,2.091,4.306,3.751,1.326,10.350,11.766,1377.124,-0.102
0,117,1408320548,7.182,-1198.427,5.126,13.373,294.907,1060,0.185,7.202,2.343,1.838,1.076,47.486,202.959,1517.846,0.109
0,117,1408346328,9.353,1786.168,5.054,24.970,195.974,2340,0.185,14.293,3.467,2.605,1.164,111.846,1072.662,5653.816,1.470
0,117,1408361200,0.558,-1850.359,5.089,24.984,90.789,2420,0.185,0.494,2.816,2.228,1.041,3.574,1.776,432.329,0.041
0,117,1408389830,0.635,1400.944,5.147,16.372,1.902,1420,0.185,1.495,2.411,1.856,1.245,5.753,5.810,184.959,0.047
0,117,1408391219,3.844,3021.590,18.931,24.910,358.377,790,0.185,1.737,2.921,2.545,1.416,9.223,6.762,210.020,-0.037
0,117,1408401528,4.251,-1968.592,5.125,24.954,275.466,2520,0.185,7.851,3.250,2.344,1.228,98.215,344.700,4221.027,-0.495
0,118,1408323949,7.236,-2087.165,5.260,24.967,315.904,2620,0.185,1.901,3.159,2.492,1.102,11.773,20.684,1179.715,-0.173
0,118,1408351248,10.347,1799.832,5.049,24.962,216.776,2360,0.185,12.857,3.851,2.884,1.025,114.891,772.912,6080.860,-0.054
0,118,1408366450,0.512,-1840.487,5.097,24.964,110.438,2410,0.185,1.493,4.266,3.578,1.123,4.943,7.264,1246.840,0.109
0,118,1408395198,6.374,2316.095,5.110,24.913,15.979,2580,0.185,1.229,2.473,2.059,1.045,9.242,9.858,818.768,-0.082
0,118,1408405363,7.792,-2344.672,9.271,24.950,295.812,2070,0.185,7.354,4.039,3.298,1.269,50.617,165.237,3177.311,-1.049
0,119,1408327657,2.274,-2288.299,10.178,24.865,331.095,1930,0.185,0.976,2.443,1.873,1.193,3.841,2.081,52.130,0.075
0,119,1408355800,11.230,1814.857,5.079,24.842,234.349,2360,0.185,5.548,5.618,4.800,1.991,38.100,65.714,1606.260,-0.520
0,119,1408370746,5.514,-2175.572,5.368,24.760,126.864,2320,0.185,1.522,3.419,2.830,1.405,5.439,6.216,222.387,0.056
0,119,1408398784,11.066,1903.128,5.046,24.865,31.579,2620,0.185,0.713,2.423,1.811,1.069,4.312,3.449,153.701,-0.018
0,120,1408322851,10.312,2148.851,6.588,24.854,76.143,2350,0.185,0.774,2.385,1.723,1.074,2.989,0.728,17.139,-0.002
0,120,1408362568,6.827,1831.915,5.049,24.896,261.519,2400,0.185,2.629,3.707,2.828,1.219,32.636,31.011,1155.095,0.278
0,120,1408377613,6.592,-1788.645,5.087,24.945,155.316,2330,0.185,2.402,6.771,6.113,2.029,23.573,31.450,3692.098,-0.235
0,120,1408404429,17.836,2022.579,5.377,23.524,55.079,2350,0.185,1.124,2.761,2.113,1.045,3.714,1.674,34.376,-0.007
0,121,1408327959,2.433,2883.505,19.501,24.859,99.220,670,0.185,2.585,2.453,2.164,1.140,9.186,14.085,209.219,-0.524
0,121,1408338868,1.110,-1931.140,5.142,24.924,12.542,2480,0.185,0.955,8.301,7.382,2.185,7.374,5.613,1918.504,-0.028
0,121,1408368433,6.967,1859.252,5.067,24.960,285.303,2430,0.185,7.642,3.841,2.888,1.072,78.390,250.973,3992.854,-0.219
0,121,1408382873,9.920,-1777.031,5.126,24.971,181.241,2310,0.185,8.251,3.699,2.872,1.144,79.232,339.506,3168.490,-0.864
0,122,1408332001,6.313,2155.304,5.075,24.968,122.598,2430,0.185,2.720,3.084,2.674,1.165,11.866,30.238,1651.990,-0.080
0,122,1408344062,3.235,-2121.217,5.700,24.973,30.355,2400,0.185,1.029,2.916,2.226,1.058,6.521,6.244,463.912,0.092
0,122,1408374337,6.330,2024.881,5.892,24.902,303.808,2330,0.185,8.219,5.287,4.293,1.580,35.836,143.579,4289.772,-0.885
0,122,1408387933,9.674,-1804.674,5.071,24.920,203.903,2350,0.185,13.559,3.875,2.859,1.163,117.473,763.610,6032.182,0.111
0,123,1408335993,6.023,1787.649,5.054,24.919,146.312,2330,0.185,6.323,4.957,3.704,1.043,40.385,105.935,2755.476,0.689
0,123,1408349441,1.015,-1824.115,5.117,24.975,47.180,2420,0.185,0.530,3.825,2.999,1.082,3.794,1.391,378.798,0.144
0,123,1408379573,0.778,2091.058,5.448,24.904,322.928,2370,0.185,1.941,3.299,2.637,1.092,8.437,14.871,628.454,0.184
0,123,1408392308,9.479,-1813.870,5.078,24.967,226.228,2360,0.185,14.786,5.251,4.329,1.778,101.030,562.943,5595.937,-1.181
0,202,1408320783,1.006,-1677.502,5.056,13.668,33.253,1530,0.185,1.001,4.348,4.196,1.543,3.937,1.778,476.429,0.020
0,202,1408359071,1.695,3308.360,9.173,24.921,321.889,2890,0.185,2.686,4.424,3.845,1.322,15.606,18.558,2240.343,0.619
0,202,1408373343,6.556,-2777.866,5.048,24.965,253.489,3570,0.185,11.246,2.865,2.262,1.067,78.534,805.115,13381.008,1.510
0,202,1408404833,11.629,2456.300,5.039,23.954,172.092,3130,0.185,12.192,5.086,4.355,1.090,64.765,396.249,6842.284,-2.223
0,203,1408354118,6.221,-3366.399,5.067,24.973,307.865,4200,0.185,5.879,5.326,4.280,1.137,24.653,96.584,9659.846,-0.852
0,203,1408388768,9.586,2550.683,5.043,24.904,226.871,3320,0.185,28.524,7.715,6.282,1.682,87.437,1103.725,16015.044,-2.844
0,204,1408322016,7.525,2693.995,5.048,24.945,297.000,3500,0.185,11.962,4.962,3.951,1.121,47.167,424.521,12863.670,-0.652
0,204,1408338743,9.343,-2608.701,5.008,24.961,222.124,3390,0.185,24.673,7.375,6.940,2.020,78.983,892.540,15883.299,-1.370
0,204,1408369733,1.174,2588.388,5.003,24.929,140.828,3370,0.185,5.828,4.212,3.580,1.038,26.180,138.741,7694.371,1.322
0,204,1408386628,0.850,-2696.840,5.083,24.978,65.246,3480,0.185,1.401,7.838,6.670,1.564,5.454,4.306,2424.403,0.109
0,205,1408336685,2.465,3734.084,10.774,24.956,341.032,2810,0.185,1.563,4.616,4.074,1.088,10.682,5.988,1338.499,0.336
0,205,1408349083,6.999,-3041.585,5.075,24.958,279.920,3850,0.185,17.650,4.968,4.214,1.164,79.364,870.662,20465.267,1.300
0,205,1408381893,9.965,2511.287,5.041,24.890,198.351,3270,0.185,21.905,5.830,4.854,1.057,89.675,1006.976,15598.100,-0.782
0,205,1408401401,0.528,-2560.976,5.061,24.948,117.819,3370,0.185,1.928,5.364,4.988,2.173,6.252,9.350,2893.564,0.445
0,206,1408325966,6.156,3021.566,7.544,24.967,308.540,3140,0.185,8.804,6.931,5.716,1.424,29.838,118.655,6560.464,0.006
0,206,1408341458,9.175,-2715.636,5.059,24.991,236.715,3500,0.185,29.918,7.476,6.902,2.916,85.095,1248.560,20229.688,-2.389
0,206,1408372616,5.727,2536.770,5.046,24.893,155.214,3330,0.185,6.913,3.451,2.857,1.030,44.034,225.118,7025.499,-0.341
0,206,1408389298,4.218,-3848.020,20.213,22.265,78.000,360,0.185,1.170,2.105,1.943,1.787,7.513,1.450,31.062,-0.001
0,207,1408320548,1.535,-1398.700,5.073,11.315,135.308,1060,0.185,7.636,4.708,4.872,1.260,12.702,70.852,1986.811,0.456
0,207,1408355594,7.537,5910.503,20.108,24.943,47.756,1170,0.185,1.047,2.064,1.577,1.114,7.728,2.905,202.201,-0.008
0,207,1408365184,9.657,-3917.705,15.267,19.011,357.500,820,0.185,1.138,1.801,1.623,1.115,6.576,3.428,88.011,-0.305
0,207,1408403443,7.175,2658.213,5.043,24.886,281.335,3450,0.185,23.604,6.510,5.958,1.428,84.560,953.367,21438.190,-0.443
0,208,1408348764,8.781,3597.305,14.648,18.880,26.784,860,0.185,1.335,2.464,2.150,1.091,5.333,1.829,42.366,-0.049
0,208,1408349921,2.875,5885.506,20.424,24.906,22.520,1120,0.185,0.963,2.168,1.579,1.027,5.617,1.842,24.101,0.123
0,208,1408359131,0.655,-3953.526,7.726,24.968,334.191,3780,0.185,1.306,3.085,2.307,1.144,10.281,9.687,2207.678,-0.153
0,208,1408395928,10.501,2604.380,5.055,24.919,254.599,3380,0.185,23.996,5.384,4.627,1.352,85.170,1356.605,14866.686,0.276
0,209,1408329316,3.715,3185.815,7.167,24.922,319.467,3220,0.185,2.711,4.625,3.896,1.427,18.358,19.415,2080.516,0.205
0,209,1408343913,8.936,-2738.281,5.042,24.973,249.938,3530,0.185,29.595,8.177,7.387,2.592,78.611,1144.405,19042.395,-3.547
0,209,1408375338,11.375,2510.819,5.003,24.945,168.726,3280,0.185,12.982,5.387,4.689,1.163,57.066,401.546,7142.705,-2.331
0,209,1408393789,2.866,-2627.317,5.057,24.984,89.643,3420,0.185,0.437,3.888,3.045,1.553,4.312,2.333,999.822,0.024
0,210,1408322373,7.067,-2929.009,5.076,24.963,288.220,3710,0.185,11.484,4.897,4.002,1.058,66.659,391.130,12820.821,-0.948
0,210,1408355483,11.251,2464.280,5.046,24.930,208.885,3210,0.185,16.459,5.436,4.765,1.432,80.694,646.528,8984.956,-0.874
0,210,1408375236,0.548,-2515.960,5.099,24.984,126.780,3270,0.185,4.970,6.584,6.261,1.518,11.985,46.605,6891.272,0.278
0,211,1408325158,5.886,-3067.844,5.023,24.981,302.982,3880,0.185,5.719,4.647,3.663,1.038,24.893,115.576,7783.155,-0.659
0,211,1408359238,12.248,2496.196,5.018,24.888,224.260,3260,0.185,11.522,4.337,3.660,1.034,56.819,427.720,7372.798,-1.572
0,211,1408379063,0.517,-2492.062,5.089,24.941,142.185,3230,0.185,7.029,6.458,5.450,1.064,19.316,112.909,8943.412,0.850
0,212,1408320883,6.052,-1767.440,5.066,14.994,272.529,1730,0.185,13.538,3.224,2.930,1.041,60.061,581.333,5098.667,6.119
0,212,1408352298,10.484,2451.968,5.036,24.961,194.953,3200,0.185,15.056,7.863,7.363,1.984,58.019,310.654,8004.626,-2.337
0,212,1408371802,0.909,-2531.859,5.090,24.988,113.246,3310,0.185,1.403,5.765,5.710,2.025,4.313,4.944,1682.647,0.532
0,213,1408335860,7.197,4095.859,19.365,24.904,105.369,970,0.185,2.052,3.491,2.952,1.794,9.153,5.559,224.949,-0.406
0,213,1408349653,0.556,-2735.504,5.073,24.952,36.548,3510,0.185,0.788,4.653,3.963,1.251,5.605,2.480,1279.844,-0.044
0,213,1408388616,4.101,3165.067,7.846,24.943,326.985,3050,0.185,1.943,3.630,2.924,1.163,12.946,13.974,1728.894,0.103
0,213,1408402943,11.351,-2697.923,5.108,24.996,257.098,3450,0.185,15.265,3.953,3.199,1.150,76.108,946.124,15442.308,-0.518
0,214,1408392923,7.539,-1765.864,5.092,15.980,289.124,1770,0.185,18.795,4.872,4.110,1.259,66.092,523.867,6075.692,3.731
0,215,1408330978,14.262,5171.546,22.401,24.927,74.469,520,0.185,1.474,2.211,2.129,1.301,9.395,6.341,98.492,-0.587
0,215,1408381303,6.184,2993.198,8.854,24.953,303.971,2770,0.185,13.486,7.474,7.177,2.266,33.535,211.694,7838.088,0.550
0,215,1408397523,10.425,-2534.868,5.098,24.978,227.704,3270,0.185,25.524,7.772,6.847,2.236,85.604,891.666,13382.128,-2.664
0,218,1408372558,11.986,-1546.674,5.148,20.464,179.541,1820,0.185,12.995,6.059,5.512,2.266,55.809,262.578,2725.942,-2.038
0,219,1408332163,10.090,-2518.332,5.103,24.947,189.163,3250,0.185,8.148,4.692,4.238,1.002,49.811,198.610,5914.487,-1.719
0,219,1408365216,6.378,4566.347,21.694,24.830,104.088,570,0.185,1.533,2.245,1.983,1.286,6.578,2.504,56.929,-0.108
0,219,1408377424,5.817,-4136.673,15.334,24.931,39.747,1810,0.185,0.718,2.325,1.934,1.282,5.459,1.517,101.610,0.013
0,221,1408322733,11.837,2509.558,5.042,24.957,190.549,3270,0.185,13.605,5.066,4.094,1.075,78.859,498.551,8400.017,-1.590
0,221,1408342012,0.838,-2597.206,5.069,24.988,110.142,3380,0.185,2.583,7.387,6.380,1.002,5.429,13.742,3514.020,0.648
0,221,1408379830,11.538,6280.066,19.859,24.518,25.286,1200,0.185,1.560,2.194,1.774,1.130,6.430,3.272,17.079,-0.004
0,221,1408388687,0.842,-4133.254,8.562,24.973,338.385,3670,0.185,1.581,4.086,3.115,1.105,9.964,8.176,1605.773,0.180
0,224,1408343998,6.756,2636.295,5.024,24.940,274.003,3440,0.185,25.486,6.053,5.672,1.607,86.599,1264.954,20019.418,1.490
0,224,1408362223,12.345,-2538.721,5.081,24.979,195.391,3290,0.185,14.740,4.401,3.734,1.310,85.586,710.413,9802.154,-2.492
0,224,1408394688,1.230,4096.684,18.505,24.905,111.680,1170,0.185,2.308,2.709,2.167,1.119,11.492,11.246,588.817,0.289
0,225,1408351528,6.076,2786.712,5.932,24.908,299.394,3340,0.185,12.973,5.892,4.497,1.100,38.198,340.903,11533.083,-0.211
0,225,1408368018,12.437,-2619.236,5.058,24.950,224.714,3380,0.185,14.931,4.207,3.486,1.294,81.502,804.037,9278.199,-2.523
0,225,1408399003,5.644,2577.095,5.012,24.895,143.452,3350,0.185,9.667,6.172,5.422,1.273,32.233,225.770,12834.717,0.918
0,226,1408340150,0.564,2545.807,5.043,24.927,137.146,3290,0.185,5.653,5.993,4.849,1.273,19.919,68.596,8310.435,0.035
0,226,1408356968,0.521,-2646.105,5.102,24.977,60.469,3420,0.185,1.144,5.928,4.754,1.194,4.955,3.201,1718.907,0.061
0,226,1408395883,1.451,3849.525,12.929,24.951,348.288,2360,0.185,1.707,3.741,2.889,1.178,10.633,10.658,1195.648,-0.255
0,227,1408334438,2.700,-2662.336,5.107,24.983,82.728,3440,0.185,0.328,3.456,2.735,1.015,3.309,0.793,378.799,0.059
0,227,1408373642,2.398,5784.522,21.121,24.111,2.243,730,0.185,1.161,1.884,1.301,1.150,6.808,2.363,71.216,0.044
0,227,1408383573,0.805,-3369.677,5.094,24.963,310.988,4190,0.185,4.068,4.362,3.659,1.157,23.825,72.540,9293.841,-0.496
0,229,1408326576,11.468,-2526.365,5.070,24.959,164.085,3290,0.185,11.347,5.327,4.574,1.161,52.069,328.464,6861.671,1.210
0,229,1408360853,4.136,5436.238,21.455,24.925,77.697,770,0.185,2.472,2.292,1.847,1.410,6.941,4.963,72.927,-0.363
0,229,1408371055,6.314,-4751.808,18.045,24.697,22.850,1390,0.185,0.991,2.162,1.617,1.041,6.838,3.154,249.237,-0.087
0,230,1408327013,2.243,-2725.037,5.109,24.949,58.077,3510,0.185,0.867,4.642,3.974,1.191,4.553,2.912,1384.300,-0.008
0,230,1408366310,0.789,3889.509,11.731,24.937,343.183,2680,0.185,2.559,5.256,4.517,1.662,12.064,11.362,2644.929,-0.017
0,230,1408378458,7.091,-3090.400,5.065,24.967,282.977,3900,0.185,19.560,5.404,4.872,1.640,79.183,905.739,20539.380,0.321
0,231,1408336628,9.175,2597.711,5.046,24.945,247.265,3380,0.185,32.593,7.928,6.875,2.461,78.712,1311.835,20343.344,-1.276
0,231,1408355993,11.425,-2510.646,5.075,24.992,167.000,3270,0.185,9.146,4.237,3.681,1.023,51.250,295.827,7137.924,1.169
0,231,1408400918,9.578,-4216.880,18.659,21.882,23.227,650,0.185,1.638,2.019,1.553,1.037,5.779,3.592,20.012,0.089
0,233,1408345643,9.190,2456.556,5.047,24.928,164.747,3190,0.185,15.152,5.748,5.074,1.701,51.284,476.981,9836.564,-2.378
0,233,1408364003,1.951,-2588.013,5.073,24.959,84.381,3360,0.185,0.623,4.393,4.064,1.013,3.654,1.533,585.821,0.285
0,234,1408325697,5.349,5394.859,20.705,24.878,47.027,940,0.185,2.216,3.218,2.700,1.365,7.984,5.491,327.686,0.565
0,234,1408335843,1.534,-3745.928,13.067,22.766,352.747,1970,0.185,0.977,2.656,2.248,1.204,8.352,4.117,663.613,-0.163
0,234,1408373638,7.046,2574.602,5.015,24.911,278.976,3360,0.185,21.704,6.942,6.169,1.875,84.999,710.799,16645.945,1.072
0,234,1408391813,9.496,-2457.506,5.081,24.950,199.188,3190,0.185,33.234,8.895,7.193,1.971,94.753,1165.312,17075.403,-0.807
0,236,1408330368,13.594,-3193.285,5.078,24.967,328.028,3980,0.185,1.099,2.845,2.010,1.019,9.930,9.518,1662.250,-0.001
0,236,1408366204,6.183,2538.521,5.033,24.923,251.704,3310,0.185,14.139,4.494,3.799,1.122,70.591,606.675,12207.237,1.479
0,236,1408385568,9.598,-2453.244,5.104,24.983,170.154,3180,0.185,19.521,8.008,7.061,1.814,63.714,509.392,10393.398,-2.960
1,2,1408341093,5.812,2189.592,5.068,24.975,149.507,2830,0.185,12.541,6.090,4.702,1.041,53.218,316.977,8557.317,1.509
1,2,1408355498,0.904,-2314.279,5.012,24.983,64.266,3000,0.185,1.943,6.489,5.567,1.012,5.963,9.107,2385.696,0.116
1,2,1408388067,3.859,2643.312,5.004,24.977,328.840,3180,0.185,2.192,3.618,2.937,1.100,16.199,21.840,1692.002,-0.028
1,2,1408400058,11.206,-2506.777,5.074,25.000,255.449,3200,0.185,26.751,6.042,5.296,2.219,124.106,1443.502,13455.758,-5.220
1,3,1408323366,11.976,-2215.111,5.072,24.979,221.322,2860,0.185,27.330,6.779,6.487,2.711,95.123,1303.793,10750.863,-4.431
1,3,1408350810,5.822,2380.790,5.055,24.880,118.300,2940,0.185,2.473,3.893,3.764,1.014,10.154,20.593,1039.223,0.557
1,3,1408363339,4.293,-2153.873,5.074,24.750,37.761,2940,0.185,0.574,5.049,4.443,2.066,4.555,2.546,967.985,0.030
1,3,1408396155,6.201,2337.811,5.617,24.914,306.768,2780,0.185,13.038,6.911,5.911,2.212,51.482,269.009,6539.897,1.276
1,4,1408331288,10.878,-2132.093,5.112,24.979,187.765,2760,0.185,21.335,5.381,4.639,1.404,81.480,1054.778,10725.696,-2.155
1,4,1408358436,4.632,1547.199,5.087,15.162,86.475,1620,0.185,0.690,2.103,1.642,1.013,6.360,3.324,212.810,0.059
1,4,1408360654,4.245,4470.264,19.661,24.937,77.581,990,0.185,2.393,2.948,2.365,1.451,9.912,9.932,363.587,0.629
1,4,1408370081,2.464,-2620.964,5.047,24.955,14.632,3370,0.185,1.081,3.004,2.516,1.172,7.331,6.865,925.112,0.119
1,4,1408402453,7.101,2189.407,5.041,24.883,278.000,2850,0.185,17.359,5.420,4.713,1.663,104.031,663.833,11236.962,0.037
1,5,1408327553,2.539,2771.139,5.046,24.943,34.592,3580,0.185,1.147,2.567,1.979,1.086,6.928,7.501,837.206,-0.136
1,5,1408337088,6.844,-2906.926,5.047,24.970,302.931,3620,0.185,17.739,6.252,5.142,1.318,71.572,673.359,17886.656,-2.728
1,5,1408366383,9.328,2076.021,5.039,24.889,198.651,2710,0.185,19.527,3.462,2.664,1.043,119.149,1833.068,10782.730,-2.976
1,5,1408381006,3.003,-3172.292,19.094,24.939,104.000,800,0.185,2.237,2.674,2.219,1.214,14.550,12.734,371.455,-0.404
1,6,1408323743,7.068,-2786.197,5.047,24.955,301.749,3490,0.185,11.800,4.952,4.088,1.124,59.406,428.668,12996.423,-1.534
1,6,1408352683,10.582,2062.968,5.041,24.903,197.963,2690,0.185,29.152,6.941,5.695,2.067,97.749,1273.924,11790.748,-2.609
1,6,1408368395,0.792,-2305.171,5.112,24.962,104.179,2770,0.185,2.787,6.951,6.309,1.132,7.043,12.462,2190.498,0.284
1,6,1408398900,15.254,1440.490,5.269,12.907,10.017,1220,0.185,1.039,2.182,1.661,1.199,5.938,4.634,84.415,-0.043
1,6,1408400960,7.060,4203.949,16.993,24.674,52.930,1470,0.185,1.951,2.801,2.239,1.307,7.671,9.731,244.634,-0.195
1,7,1408326876,6.614,2256.479,5.029,24.951,266.000,2940,0.185,19.640,4.642,3.824,1.237,107.061,1130.779,13500.658,-0.300
1,7,1408342633,9.002,-2124.228,5.103,24.969,176.446,2750,0.185,22.423,6.761,5.547,1.491,77.163,855.255,10715.962,-3.100
1,7,1408371548,0.814,3597.477,8.157,24.954,66.784,3180,0.185,2.453,4.797,4.471,2.629,7.754,9.853,1310.124,0.371
1,7,1408380524,9.645,-3836.498,11.997,24.968,9.373,2500,0.185,1.903,3.401,2.783,1.345,7.561,8.360,254.013,0.091
1,8,1408331927,10.199,2123.787,5.006,24.971,171.159,2770,0.185,15.283,4.888,4.136,1.763,56.707,612.013,7431.960,-0.536
1,8,1408345570,2.359,-3459.949,19.421,24.996,81.655,810,0.185,1.707,2.767,2.432,1.816,8.981,4.800,179.248,-0.026
1,8,1408347619,1.899,-1256.175,5.051,13.437,81.000,1230,0.185,0.726,2.395,2.002,1.113,3.924,1.664,178.498,0.343
1,8,1408379463,5.591,2831.176,5.009,24.856,343.078,3370,0.185,1.750,3.009,2.576,1.432,8.656,11.491,836.233,0.031
1,8,1408389768,7.024,-2771.822,5.121,24.992,276.493,3480,0.185,15.411,4.604,4.137,1.036,97.396,822.113,15354.704,0.109
1,9,1408320923,7.845,2821.392,12.480,24.932,293.929,1810,0.185,14.723,4.624,3.679,1.010,70.877,433.278,5474.621,-2.857
1,9,1408334438,10.228,-2204.184,5.128,24.998,207.361,2840,0.185,27.989,6.603,6.393,2.222,102.085,1443.405,14691.471,-3.405
1,9,1408361528,16.739,1830.546,5.289,17.414,104.955,1900,0.185,0.576,2.240,1.648,1.085,6.092,3.124,155.028,-0.053
1,9,1408363350,6.219,4100.716,19.623,24.962,98.086,910,0.185,3.177,2.331,1.807,1.051,15.351,20.451,324.721,0.193
1,9,1408373802,7.109,-2345.962,5.115,24.988,28.655,3180,0.185,0.989,2.781,2.243,1.179,5.510,5.734,877.089,0.111
1,9,1408405733,7.345,1413.817,5.056,14.000,295.000,1310,0.185,32.417,5.031,4.583,1.569,90.380,1425.750,8251.100,3.245
1,10,1408340036,3.864,2627.240,5.123,24.823,60.618,3520,0.185,1.071,2.744,2.137,1.010,6.127,5.036,417.536,-0.053
1,10,1408350125,10.936,-2859.117,5.084,24.983,255.228,3480,0.185,1.025,2.982,2.270,1.110,7.143,5.298,736.071,0.080
1,10,1408381643,9.909,2170.536,5.029,24.890,257.567,2830,0.185,37.830,7.097,5.849,1.939,126.549,2081.567,16271.591,-3.169
1,10,1408397569,10.365,-2059.860,5.077,24.935,164.281,2670,0.185,12.705,4.099,3.395,1.052,65.680,554.771,5665.921,-2.728
1,11,1408320235,11.310,6646.314,23.706,24.956,10.786,320,0.185,2.319,1.842,1.251,1.251,9.835,10.158,86.319,0.374
1,11,1408327473,1.276,-3092.572,5.089,24.984,321.201,3830,0.185,2.284,3.132,2.320,1.066,20.887,37.609,3329.105,-0.843
1,11,1408357523,11.426,2122.769,5.040,24.958,216.000,2770,0.185,17.093,3.444,2.741,1.104,112.976,1401.862,10697.238,-1.720
1,11,1408373596,0.664,-2108.616,5.059,24.987,122.292,2770,0.185,2.284,3.479,3.186,1.201,8.696,24.374,2423.712,0.344
1,11,1408404695,4.579,3163.508,5.035,24.213,19.251,3670,0.185,1.365,2.804,2.211,1.186,8.336,9.498,1029.493,0.052
1,12,1408352050,6.502,2308.809,5.023,24.927,299.376,2880,0.185,20.067,5.993,4.992,1.191,61.775,772.227,11416.584,1.585
1,12,1408365628,12.574,-2220.018,5.051,24.987,213.294,2880,0.185,26.477,5.116,4.503,1.033,126.188,1907.556,14756.060,-2.961
1,12,1408393373,1.494,2508.624,5.030,24.939,109.223,3120,0.185,1.842,3.408,2.840,1.101,10.902,14.008,1528.551,0.136
1,12,1408404901,0.822,-2603.690,7.838,23.367,33.475,2420,0.185,1.301,3.486,2.870,1.245,6.168,6.333,777.201,0.123
1,13,1408334035,1.141,2509.455,5.035,24.945,330.214,3070,0.185,1.938,3.346,2.655,1.003,14.079,18.560,1831.144,0.088
1,13,1408345618,9.008,-2448.042,5.050,24.990,254.695,3140,0.185,35.796,7.093,6.246,1.746,109.951,1936.357,21530.526,-3.277
1,13,1408373278,5.474,2152.525,5.032,24.944,151.345,2800,0.185,15.487,6.540,5.498,1.246,53.735,380.186,9327.651,1.693
1,13,1408387203,0.870,-2220.992,5.110,24.948,63.531,2870,0.185,0.977,4.494,3.936,1.219,5.139,4.373,1259.834,0.071
1,14,1408337348,9.130,2193.859,5.048,24.971,250.456,2860,0.185,40.067,7.842,6.891,1.848,110.556,2116.530,19238.659,-3.275
1,14,1408353143,9.983,-2118.976,5.029,24.997,158.277,2770,0.185,9.350,4.301,3.452,1.034,52.569,307.321,6216.040,0.641
1,14,1408381066,9.155,1151.886,5.019,8.259,58.300,560,0.185,0.700,2.364,1.836,1.282,5.529,1.127,21.758,0.021
1,14,1408383467,1.412,4349.897,13.882,24.950,47.791,2390,0.185,0.623,2.361,1.701,1.094,6.754,3.335,318.817,0.018
1,14,1408391553,7.486,-3409.456,6.487,24.967,285.486,3690,0.185,0.815,3.354,2.741,1.167,7.044,4.191,580.035,-0.130
1,15,1408336875,0.983,3131.402,8.065,24.969,347.970,3100,0.185,0.994,2.625,2.194,1.094,7.227,6.811,604.045,0.141
1,15,1408346223,6.104,-2932.450,5.039,24.987,285.250,3670,0.185,14.654,4.421,3.875,1.153,106.214,770.759,15913.901,-2.250
1,15,1408375243,11.169,2134.947,5.006,24.946,179.532,2790,0.185,21.969,6.166,5.736,1.869,81.400,980.346,9361.280,-3.698
1,15,1408389973,1.212,-2148.119,5.053,24.998,88.198,2870,0.185,1.625,4.962,4.324,1.026,5.884,7.344,1177.904,0.358
1,16,1408322233,12.221,2074.635,5.028,24.946,185.195,2710,0.185,16.210,4.007,3.341,1.204,80.319,942.525,7312.214,-2.621
1,16,1408336332,3.631,-3209.825,18.054,24.949,92.099,970,0.185,1.904,3.094,2.349,1.318,12.475,7.647,366.951,-0.452
1,16,1408368651,1.927,1487.771,6.812,11.669,358.158,770,0.185,1.018,1.769,1.454,1.154,6.365,4.338,80.508,-0.275
1,16,1408370474,3.475,3902.337,14.900,24.650,351.074,1820,0.185,1.896,2.687,2.308,1.044,7.383,12.249,377.183,0.448
1,16,1408379453,6.677,-2849.711,5.051,24.981,289.631,3570,0.185,12.959,4.359,3.326,1.256,81.908,550.156,12713.078,-1.387
1,17,1408344053,9.165,2108.178,5.038,24.966,219.000,2750,0.185,45.282,9.468,8.026,2.355,115.936,1928.753,18697.188,-0.136
1,17,1408360480,0.593,-2160.459,5.132,24.988,126.393,2800,0.185,5.248,7.845,6.471,2.021,11.694,38.692,6134.360,0.299
1,17,1408391505,5.227,3787.166,9.277,24.956,20.353,3160,0.185,0.793,2.436,1.871,1.024,8.536,5.477,894.301,-0.014
1,17,1408400254,1.996,-3172.193,5.097,24.989,324.796,3900,0.185,3.245,4.199,3.411,1.270,16.475,38.616,4078.285,0.312
1,18,1408326864,5.082,1236.886,5.550,9.898,75.535,700,0.185,0.656,2.447,1.927,1.193,4.916,1.387,51.620,0.261
1,18,1408329020,0.790,3843.976,12.114,24.818,66.916,2300,0.185,3.647,4.694,4.627,1.647,9.305,18.770,2105.035,-0.282
1,18,1408338136,1.245,-2994.871,7.879,24.844,5.577,2970,0.185,0.833,2.830,2.379,1.062,5.549,4.353,830.844,0.292
1,18,1408370348,6.164,2166.079,5.056,24.892,267.541,2820,0.185,17.473,4.545,3.594,1.324,97.560,901.184,12733.697,-0.615
1,18,1408385793,9.564,-2080.596,5.063,24.928,175.018,2710,0.185,22.595,7.188,6.335,1.562,77.388,817.506,10107.575,-3.450
1,19,1408347308,9.261,2152.130,5.055,24.931,229.872,2800,0.185,35.759,8.863,8.319,2.851,105.349,1498.824,15555.440,-4.615
1,19,1408363200,6.633,-2097.836,5.054,24.952,135.000,2690,0.185,7.041,5.750,4.657,1.598,23.595,103.089,4245.664,-0.190
1,19,1408394025,5.280,3300.586,5.020,24.960,30.801,3870,0.185,1.263,3.314,2.749,1.412,7.394,7.092,855.638,0.081
1,19,1408402925,2.784,-2823.643,5.073,24.970,332.339,3790,0.185,1.829,4.049,3.246,1.840,11.038,24.687,3335.921,-0.060
1,20,1408322635,13.365,1131.309,5.188,8.574,3.217,560,0.185,1.456,1.848,1.457,1.284,5.078,4.641,27.872,-0.193
1,20,1408324840,0.881,3986.014,14.018,24.950,355.250,2170,0.185,1.431,2.557,2.007,1.024,6.754,8.132,257.550,0.096
1,20,1408333783,5.920,-2962.710,5.079,24.959,296.304,3670,0.185,16.454,4.716,3.960,1.193,76.709,784.438,17128.634,-0.162
1,20,1408362673,12.533,2143.341,5.047,24.919,189.700,2790,0.185,19.975,4.284,3.725,1.280,94.006,1355.993,9343.327,-3.363
1,20,1408378271,1.173,-2148.699,5.051,24.977,98.000,2820,0.185,1.587,4.777,4.327,1.092,6.167,7.558,1395.809,0.586
1,21,1408339491,5.818,2172.085,5.047,24.876,141.346,2800,0.185,10.097,6.974,6.197,1.558,33.949,163.111,5755.376,0.938
1,21,1408353399,0.922,-2353.164,5.120,24.940,57.642,3100,0.185,0.987,4.184,3.788,1.026,4.523,4.015,1001.256,0.183
1,21,1408386021,2.278,2489.676,5.135,24.972,322.643,3030,0.185,2.397,3.785,3.052,1.181,20.748,25.545,1831.089,0.321
1,21,1408398498,10.606,-2515.476,5.026,24.993,247.185,3240,0.185,26.735,5.445,4.968,2.034,112.003,1595.456,14995.980,-4.307
1,22,1408340003,8.816,2157.853,5.022,24.923,257.429,2810,0.185,34.637,6.744,5.796,1.937,117.102,1977.120,17343.058,-3.473
1,22,1408356033,11.242,-2163.463,5.077,24.989,166.305,2810,0.185,13.065,5.009,4.161,1.577,56.554,459.628,6789.948,0.219
1,22,1408385046,18.117,3353.566,9.960,24.932,58.059,2870,0.185,0.764,2.390,1.771,1.011,6.892,4.445,327.199,0.091
1,22,1408393245,8.367,-4999.268,19.085,24.960,3.731,1250,0.185,1.636,2.193,1.636,1.115,8.268,10.590,337.897,0.210
1,22,1408394990,1.565,-2473.822,9.658,17.183,356.339,1370,0.185,1.889,3.182,2.817,1.717,7.746,6.942,280.569,-0.328
1,23,1408336659,19.995,2689.919,5.009,24.676,45.157,3620,0.185,0.604,2.887,2.191,1.136,5.708,2.539,403.708,0.040
1,23,1408346292,1.021,-2855.050,5.064,24.872,343.185,3620,0.185,1.133,3.211,2.407,1.271,7.589,6.465,725.885,0.110
1,23,1408377278,10.699,2127.998,5.031,24.947,242.430,2780,0.185,31.790,6.907,5.935,2.261,114.595,1564.791,12479.026,-3.462
1,23,1408393318,6.023,-2073.872,5.093,24.990,148.000,2700,0.185,10.606,6.206,4.907,1.442,46.317,205.340,5819.492,1.045
1,24,1408344743,2.572,2660.504,5.121,24.945,326.071,3170,0.185,2.689,4.039,3.330,1.334,16.050,23.966,1890.880,0.009
1,24,1408355948,6.168,-2580.213,5.056,24.998,252.798,3300,0.185,13.965,3.384,2.808,1.132,92.725,962.578,12504.460,1.057
1,24,1408383953,5.723,2230.233,5.049,24.898,148.107,2890,0.185,11.969,6.538,5.871,1.343,44.002,253.538,7367.547,1.628
1,24,1408396924,1.057,-2810.668,11.440,24.941,63.141,2030,0.185,1.215,4.082,3.400,1.689,5.524,3.984,752.757,0.258
1,25,1408322489,0.709,-2372.187,5.067,24.949,48.812,3010,0.185,0.969,4.456,3.730,1.075,4.496,3.227,930.042,0.148
1,25,1408355831,8.637,2366.564,5.054,24.945,314.540,2990,0.185,2.244,3.298,2.775,1.019,28.925,31.275,2142.513,-0.465
1,25,1408368313,12.435,-2371.427,5.081,24.948,234.373,3050,0.185,21.719,4.912,4.398,1.452,98.659,1273.151,11971.749,-0.794
1,25,1408396156,5.093,2517.509,6.150,24.902,129.905,2800,0.185,4.138,4.353,3.229,1.084,14.820,46.941,3000.875,-0.203
1,26,1408331638,1.918,-3494.425,19.482,24.950,86.485,800,0.185,2.218,3.041,2.611,1.408,9.671,6.926,282.191,-0.047
1,26,1408333996,3.009,-990.125,5.441,9.512,86.000,610,0.185,1.073,2.338,2.281,1.364,5.884,2.065,12.484,-0.057
1,26,1408365922,4.554,3282.100,5.054,24.966,344.258,3600,0.185,1.858,2.811,2.407,1.188,7.897,11.254,978.345,-0.111
1,26,1408375413,11.510,-2967.521,5.057,24.991,282.398,3710,0.185,10.509,3.717,3.039,1.006,86.235,488.253,11833.471,-1.042
1,26,1408404106,11.865,2153.917,5.000,24.868,175.452,2800,0.185,14.633,4.748,4.177,1.787,68.923,613.707,8363.228,0.045
1,27,1408328852,5.130,2155.170,5.011,24.962,154.571,2800,0.185,9.224,4.532,3.632,1.016,51.607,276.988,6637.108,0.892
1,27,1408342800,0.530,-2238.318,5.095,24.964,66.507,2910,0.185,1.287,4.243,3.782,1.109,5.529,5.869,1489.475,0.069
1,27,1408375869,1.620,2547.629,5.046,24.947,331.862,3120,0.185,2.314,2.984,2.458,1.103,13.111,25.881,2194.486,-0.028
1,27,1408387143,9.536,-2538.101,5.101,24.980,258.312,3230,0.185,27.400,6.089,5.710,1.820,107.562,1410.136,17003.974,-3.880
1,28,1408324608,0.556,-2162.170,5.131,24.991,104.192,2800,0.185,2.131,7.386,6.837,1.185,6.563,7.820,2303.969,0.136
1,28,1408356201,17.063,2705.291,5.066,24.947,81.732,3690,0.185,1.154,2.693,2.079,1.122,6.879,7.580,813.647,0.041
1,28,1408365847,6.845,-2972.529,5.038,24.978,302.905,3710,0.185,14.936,5.703,4.776,1.332,63.697,536.033,16204.875,-1.997
1,28,1408395053,10.402,2105.996,5.010,24.868,197.221,2750,0.185,30.962,6.374,5.243,1.497,109.610,1682.951,13353.628,-4.104
1,29,1408329254,0.847,-2883.026,9.138,24.978,21.326,2620,0.185,1.277,2.867,2.361,1.143,7.917,7.630,744.979,-0.039
1,29,1408362103,6.848,2200.493,5.002,24.965,285.788,2870,0.185,14.493,4.345,3.541,1.176,105.633,693.732,11392.848,-2.178
1,29,1408376728,11.104,-2135.655,5.050,24.979,196.308,2780,0.185,33.744,6.774,5.495,1.139,119.337,2107.243,16896.879,-4.540
1,29,1408404648,0.786,2643.499,5.003,24.930,91.557,3270,0.185,1.803,3.883,3.119,1.160,8.665,10.605,1383.945,0.448
1,30,1408330913,7.064,2266.733,5.019,24.899,279.551,2950,0.185,17.662,6.099,5.087,1.627,92.298,561.724,11317.068,-0.944
1,30,1408345763,8.928,-2180.130,5.063,24.949,191.514,2830,0.185,38.779,9.539,7.781,1.770,98.318,1498.470,16407.382,-2.089
1,30,1408372291,8.530,976.970,5.030,7.212,90.375,360,0.185,1.015,2.143,1.410,1.410,6.277,2.207,28.728,0.352
1,30,1408374691,5.968,3879.917,13.531,24.943,81.114,2160,0.185,1.137,2.179,1.680,1.027,8.164,9.072,380.708,0.174
1,30,1408384228,0.558,-3005.523,5.176,24.959,19.433,3490,0.185,1.118,3.735,3.043,1.515,6.937,5.045,817.268,-0.049
1,31,1408328572,1.038,-2260.100,5.070,24.977,117.000,2830,0.185,2.273,3.807,3.011,1.295,9.624,17.088,1280.303,0.175
1,31,1408358705,1.354,1269.257,5.051,10.454,20.352,900,0.185,1.113,2.684,1.932,1.111,5.802,3.046,99.804,0.023
1,31,1408360810,17.232,4162.440,13.322,24.966,11.223,2450,0.185,1.524,2.373,1.860,1.035,8.590,9.762,714.921,0.271
1,31,1408368965,0.805,-3160.065,5.060,24.973,316.237,3930,0.185,5.442,5.426,4.033,1.562,31.599,87.932,9743.875,-0.832
1,31,1408399093,11.123,2079.792,5.051,24.911,210.908,2710,0.185,29.039,5.651,4.618,1.090,127.178,1912.663,13306.263,-3.333
1,32,1408348888,9.413,3860.471,7.867,24.932,25.327,3440,0.185,1.428,3.245,2.571,1.226,8.271,7.917,873.256,-0.111
1,32,1408357229,1.921,-3283.274,5.045,24.988,331.003,3900,0.185,2.316,5.171,4.247,2.163,15.246,34.582,6267.410,-0.072
1,32,1408387723,9.524,2140.772,5.042,24.893,225.439,2790,0.185,43.707,7.429,6.205,1.389,127.377,2628.923,20336.951,-4.487
1,32,1408403719,6.444,-2388.399,8.973,24.930,132.000,2200,0.185,6.359,5.697,4.440,1.190,19.574,71.012,2428.418,-0.179
1,101,1408325903,11.577,-1792.742,5.021,24.946,187.000,2350,0.185,19.173,5.921,5.235,2.186,85.272,797.205,5875.049,-2.446
1,101,1408351818,3.164,1986.996,5.004,24.788,83.258,2560,0.185,1.190,2.760,2.163,1.033,5.443,5.870,273.988,0.232
1,101,1408361978,3.689,-3113.157,19.129,24.945,1.962,780,0.185,2.136,2.254,1.925,1.083,14.880,13.283,317.195,0.295
1,101,1408392105,5.956,1880.819,5.036,24.923,268.120,2430,0.185,11.912,3.658,3.082,1.124,52.842,568.984,6696.698,0.196
1,101,1408406078,6.792,-2723.470,19.592,24.925,163.000,620,0.185,8.276,2.770,2.515,1.070,62.214,148.768,927.870,0.697
1,102,1408330638,10.940,-1803.261,5.127,25.000,206.643,2340,0.185,19.107,5.334,4.417,2.187,105.845,863.144,6753.922,-0.419
1,102,1408356304,0.862,2168.131,5.075,24.865,102.345,2470,0.185,3.484,4.138,3.529,1.619,8.607,27.407,778.940,0.142
1,102,1408367893,1.656,-1932.553,5.062,24.936,14.277,2510,0.185,1.535,5.765,4.675,1.903,8.735,15.427,2597.532,-0.089
1,102,1408397473,7.446,1854.038,5.018,24.851,286.418,2430,0.185,9.650,3.632,2.699,1.185,87.979,400.189,5080.881,0.181
1,103,1408322577,0.808,2028.250,5.191,24.872,324.871,2440,0.185,3.335,4.095,3.033,1.232,19.354,37.014,2375.373,-0.034
1,103,1408335238,9.958,-1841.396,5.120,24.924,230.368,2380,0.185,22.981,4.983,4.454,2.057,119.902,1407.619,10241.928,-1.890
1,103,1408360905,6.392,2322.365,11.534,24.921,125.578,1620,0.185,7.745,6.477,5.740,2.434,17.632,64.632,1697.256,0.136
1,103,1408373148,0.915,-1898.470,5.107,24.922,32.358,2450,0.185,2.049,5.098,4.140,1.383,9.628,14.600,1894.839,0.060
1,103,1408403183,4.098,1981.950,5.282,24.895,306.655,2410,0.185,6.940,3.578,2.732,1.133,65.085,297.423,7946.041,-1.217
1,104,1408327744,1.812,2150.837,5.023,24.927,341.595,2500,0.185,3.001,4.607,3.829,1.094,17.709,23.495,2321.536,-0.465
1,104,1408339533,9.239,-1897.825,5.102,24.970,251.659,2450,0.185,27.489,6.084,5.644,2.110,116.484,1525.622,13899.941,-0.600
1,104,1408364893,5.620,1805.283,5.067,24.946,148.055,2350,0.185,7.155,3.666,2.853,1.126,69.874,217.993,3158.794,1.141
1,104,1408378368,2.763,-1874.829,5.089,24.991,49.200,2440,0.185,0.901,7.455,7.422,4.108,6.796,10.383,2158.833,0.312
1,105,1408333023,0.728,2595.916,12.118,24.930,357.255,1660,0.185,3.280,3.901,3.114,1.503,19.747,24.274,1527.769,-0.318
1,105,1408343723,6.180,-1967.019,5.082,24.940,273.138,2530,0.185,17.235,3.716,2.969,1.021,83.581,1421.423,12077.592,2.774
1,105,1408369508,6.576,1786.654,5.033,24.967,170.000,2340,0.185,8.999,3.620,2.706,1.334,71.437,351.188,3665.740,0.693
1,105,1408383708,0.848,-1858.682,5.106,24.972,67.630,2420,0.185,2.073,7.123,6.530,1.598,6.969,11.856,2299.212,0.168
1,106,1408338678,6.758,2434.815,9.737,24.931,20.775,2060,0.185,0.922,3.392,2.607,1.603,5.043,3.095,173.677,-0.021
1,106,1408348790,6.579,-2088.113,5.055,24.921,302.307,2670,0.185,3.542,3.956,3.204,1.357,21.956,45.707,2025.884,-0.606
1,106,1408375583,10.937,1790.563,5.003,24.905,200.373,2350,0.185,6.469,5.018,4.074,1.301,29.817,108.185,2067.639,-0.646
1,106,1408390343,11.588,-2028.984,5.700,24.977,95.167,2350,0.185,0.293,2.510,1.979,1.083,3.127,0.949,169.157,-0.112
1,107,1408343078,2.251,2361.381,5.133,24.966,37.778,2700,0.185,2.037,3.833,3.322,1.325,9.510,12.910,1147.592,-0.161
1,107,1408353184,9.094,-2098.454,5.064,24.978,319.903,2690,0.185,1.894,2.845,2.124,1.116,16.565,27.796,1502.183,0.145
1,107,1408380643,9.912,1809.444,5.033,24.868,220.445,2370,0.185,28.908,6.415,5.300,1.811,127.394,1463.491,9597.145,-2.262
1,107,1408395888,0.518,-1842.274,5.085,24.934,114.676,2400,0.185,2.831,5.901,5.530,1.267,9.045,18.206,2355.992,0.412
1,108,1408320768,5.775,-1360.984,5.016,17.529,159.722,1500,0.185,9.721,3.017,2.386,1.106,73.539,367.780,2857.350,0.422
1,108,1408347217,2.223,2242.326,5.003,24.884,57.000,2670,0.185,1.507,3.541,2.890,1.195,6.167,4.580,170.988,0.117
1,108,1408357575,4.254,-2075.783,5.022,24.941,338.004,2670,0.185,1.592,2.434,1.815,1.085,12.170,24.166,1424.723,0.074
1,108,1408385813,9.497,1836.437,5.019,24.904,241.917,2410,0.185,26.890,9.136,7.904,3.566,81.044,737.235,8255.163,-1.288
1,108,1408401093,6.642,-1821.704,5.093,24.932,136.155,2370,0.185,7.115,5.291,4.429,1.248,31.176,124.086,3192.154,0.415
1,109,1408321098,0.889,-1731.017,5.082,22.554,52.535,2160,0.185,1.337,7.482,6.354,1.700,4.611,4.597,1196.587,0.109
1,109,1408351099,4.358,2031.587,5.185,24.924,324.747,2490,0.185,2.126,3.222,2.546,1.227,14.606,23.261,1145.039,-0.001
1,109,1408363643,8.995,-1878.315,5.095,24.936,231.967,2430,0.185,14.866,3.956,3.127,1.116,113.537,862.832,6511.720,-1.732
1,109,1408389231,6.339,2168.862,5.076,24.917,126.401,2450,0.185,3.797,4.512,3.738,1.348,13.122,32.519,998.403,-0.231
1,109,1408401585,0.913,-1921.219,5.091,24.941,34.351,2490,0.185,1.079,3.227,2.501,1.226,7.484,6.761,926.408,0.193
1,110,1408325384,4.464,-2201.181,5.325,24.924,67.394,2410,0.185,1.080,2.565,1.909,1.041,4.972,4.455,115.475,-0.026
1,110,1408355754,2.690,2197.024,5.099,24.821,339.272,2480,0.185,1.301,3.401,2.926,1.086,5.374,5.461,228.570,0.199
1,110,1408367478,4.913,-1918.510,5.066,24.926,250.141,2480,0.185,5.209,3.482,2.636,1.093,40.456,136.444,2934.710,0.389
1,110,1408392893,5.617,1814.133,5.029,24.942,145.912,2370,0.185,3.217,5.390,4.319,1.548,21.353,23.061,1404.227,0.364
1,110,1408405653,6.453,-2499.941,14.267,24.944,48.000,1310,0.185,1.137,2.683,2.181,1.109,3.867,2.352,69.394,-0.058
1,111,1408331559,0.923,-1853.785,5.093,24.978,88.661,2430,0.185,1.520,4.631,3.837,1.015,5.561,8.274,1257.085,0.066
1,111,1408361337,0.976,2557.553,9.005,24.905,356.630,2070,0.185,4.168,4.692,4.150,1.191,19.611,31.291,1965.565,-0.451
1,111,1408372013,7.014,-2006.246,5.129,24.927,273.345,2570,0.185,20.370,4.210,3.459,1.145,87.419,1412.214,12416.578,2.793
1,111,1408397833,10.751,1792.118,5.080,24.886,169.744,2330,0.185,12.148,5.763,5.008,1.415,67.351,301.315,3817.425,-1.574
1,112,1408322688,12.042,1816.049,5.050,24.941,218.439,2380,0.185,19.763,4.176,3.666,1.357,120.653,1360.857,7883.973,-1.040
1,112,1408337746,0.536,-2002.072,5.114,24.997,112.854,2420,0.185,3.385,6.560,5.899,1.183,9.848,18.456,2383.752,0.008
1,112,1408366715,1.662,2450.385,5.174,24.932,16.378,2670,0.185,2.183,3.403,2.915,1.244,13.526,19.355,1577.052,-0.178
1,112,1408376888,6.938,-2086.118,5.028,24.994,297.784,2680,0.185,9.199,3.007,2.265,1.062,95.723,564.487,6191.029,-0.874
1,112,1408403488,11.754,1787.086,5.009,24.870,195.170,2340,0.185,24.203,6.381,4.984,1.655,104.249,1042.660,7142.440,-0.857
1,113,1408327528,11.052,1846.457,5.035,24.977,239.256,2420,0.185,8.490,3.745,2.974,1.006,62.241,341.568,4753.395,-1.230
1,113,1408342682,3.264,-1888.989,5.123,24.983,133.521,2390,0.185,2.441,4.442,3.303,1.374,9.026,18.014,1010.933,-0.404
1,113,1408370816,2.815,2441.143,5.203,24.923,33.413,2690,0.185,1.479,3.418,2.781,1.404,6.209,7.030,287.839,0.151
1,113,1408380739,5.135,-2134.631,5.103,24.947,316.683,2710,0.185,1.179,2.430,1.891,1.013,13.066,14.391,958.290,-0.177
1,114,1408333913,5.884,1856.803,5.045,24.908,264.205,2430,0.185,12.900,4.462,3.837,1.102,53.420,557.249,7915.283,0.286
1,114,1408348843,9.310,-1811.278,5.136,24.931,159.767,2350,0.185,6.893,3.986,3.114,1.035,48.757,182.008,4022.299,-0.173
1,114,1408376083,1.250,2572.930,6.153,24.975,55.727,2570,0.185,2.009,3.874,3.308,1.313,6.908,8.641,458.425,0.260
1,114,1408386009,7.495,-2138.871,5.132,24.997,338.902,2710,0.185,1.376,3.082,2.503,1.073,8.904,11.465,1138.013,0.269
1,115,1408339558,7.356,1868.929,5.079,24.967,284.898,2440,0.185,21.908,4.854,3.680,1.184,110.854,1366.311,10235.948,1.620
1,115,1408353963,10.489,-1798.983,5.063,24.980,182.051,2350,0.185,25.010,7.121,6.003,2.294,101.581,992.527,7592.069,-2.252
1,115,1408380401,3.688,2444.117,5.054,24.959,77.144,2620,0.185,2.151,3.091,2.563,1.030,8.686,16.233,545.762,0.062
1,115,1408391016,1.570,-1953.920,5.092,24.966,345.742,2640,0.185,1.304,7.613,6.912,3.159,10.714,16.969,2966.366,-0.017
1,116,1408345277,5.915,1903.401,5.147,24.863,305.610,2420,0.185,8.178,4.912,3.755,1.443,51.538,192.752,5362.681,-0.444
1,116,1408358908,11.724,-1804.675,5.127,24.933,205.919,2340,0.185,25.993,5.907,5.168,2.300,119.588,1323.484,8199.679,-2.400
1,116,1408384680,1.603,2253.839,5.050,24.911,101.230,2510,0.185,2.158,3.351,2.834,1.015,8.175,13.938,500.863,0.178
1,116,1408396118,1.065,-1954.981,5.101,24.973,13.941,2520,0.185,2.101,4.470,3.846,1.342,11.084,17.067,2203.402,-0.060
1,117,1408320548,6.772,-1198.427,5.126,13.373,294.879,1060,0.185,13.802,2.668,2.195,1.218,87.065,588.686,2656.496,-1.263
1,117,1408346328,9.441,1786.168,5.054,24.970,195.991,2340,0.185,43.847,7.901,6.287,1.703,112.911,2205.030,13596.858,-0.564
1,117,1408360439,2.700,-2659.400,11.393,24.984,89.350,1630,0.185,2.857,2.797,2.254,1.187,11.179,19.130,504.257,-0.136
1,117,1408389956,0.601,1532.224,5.304,16.059,1.744,1360,0.185,2.807,2.055,1.689,1.115,9.624,13.846,208.176,0.086
1,117,1408391268,3.506,3081.969,19.316,24.910,358.240,740,0.185,2.989,3.261,2.860,1.667,23.532,15.050,449.676,-0.336
1,117,1408401528,6.970,-1968.592,5.125,24.954,275.462,2520,0.185,17.000,4.256,3.344,1.107,87.043,1051.590,10131.107,2.331
1,118,1408323969,0.701,-2064.554,5.105,24.967,315.886,2640,0.185,3.843,4.127,2.997,1.149,25.798,53.749,3470.351,-0.068
1,118,1408351248,5.712,1799.832,5.049,24.962,216.802,2360,0.185,16.102,4.434,3.265,1.204,96.844,868.923,6713.869,0.775
1,118,1408366238,0.551,-2067.563,5.415,24.964,110.021,2370,0.185,3.466,5.485,4.769,1.119,8.406,22.260,1725.157,0.176
1,118,1408395376,9.803,2530.921,9.810,24.913,15.530,1980,0.185,1.371,2.602,1.996,1.009,13.426,11.945,768.026,-0.180
1,118,1408405358,5.116,-2350.604,9.349,24.950,295.783,2060,0.185,9.767,3.608,2.829,1.188,79.161,340.088,3920.672,-0.650
1,119,1408327689,13.058,-2238.140,5.192,24.936,331.035,2580,0.185,1.015,2.303,1.765,1.020,6.911,7.399,449.235,0.057
1,119,1408355803,11.324,1817.196,5.079,24.928,234.332,2370,0.185,8.241,5.780,5.169,2.325,35.869,133.913,2366.392,-0.837
1,119,1408371073,1.923,-1821.460,5.128,24.935,127.504,2370,0.185,0.705,2.661,2.320,1.061,4.052,4.008,473.991,0.215
1,119,1408398966,9.146,2111.508,9.110,23.445,31.316,1900,0.185,0.411,2.702,2.008,1.071,4.167,0.547,76.992,-0.053
1,120,1408322934,6.697,2235.339,5.066,24.854,76.020,2540,0.185,0.835,2.410,1.875,1.066,4.366,3.107,144.971,0.086
1,120,1408333152,18.904,-2619.283,9.506,24.981,353.848,2010,0.185,0.995,2.997,2.267,1.029,4.722,3.066,125.005,-0.115
1,120,1408362568,4.428,1831.915,5.049,24.896,261.531,2400,0.185,5.795,4.371,3.683,1.160,31.813,109.553,3173.118,-0.296
1,120,1408377616,10.702,-1785.165,5.087,24.945,155.288,2330,0.185,2.405,3.497,2.700,1.152,23.198,29.125,1644.836,0.043
1,120,1408404505,7.202,2111.855,5.297,24.685,54.873,2520,0.185,0.735,2.294,1.686,1.121,3.830,2.160,81.370,0.014
1,121,1408327773,5.437,2666.658,9.174,24.859,99.750,1960,0.185,3.519,2.811,2.479,1.104,13.764,30.862,723.349,-0.038
1,121,1408338575,2.256,-2249.683,5.379,24.924,13.030,2450,0.185,1.993,3.270,2.692,1.106,12.632,14.795,1373.160,-0.109
1,121,1408368433,7.349,1859.252,5.067,24.960,285.336,2430,0.185,20.677,4.892,3.986,1.249,102.262,1174.269,10224.672,2.238
1,121,1408382873,9.943,-1777.031,5.126,24.971,181.250,2310,0.185,24.308,6.946,6.141,2.678,102.259,972.082,7703.138,-2.681
1,122,1408331988,0.951,2141.268,5.075,24.968,122.580,2430,0.185,3.354,3.153,2.454,1.006,12.602,44.342,2071.308,-0.168
1,122,1408344278,3.239,-1889.362,5.150,24.973,30.279,2470,0.185,1.152,3.170,2.420,1.241,8.784,7.189,687.282,0.063
1,122,1408374283,5.923,1968.089,5.258,24.902,303.778,2410,0.185,8.740,4.168,3.476,1.407,60.087,262.042,6798.058,-1.028
1,122,1408387933,9.482,-1804.674,5.071,24.920,203.873,2350,0.185,29.793,8.600,6.998,1.934,96.554,987.128,8969.023,-0.949
1,123,1408335993,7.359,1787.649,5.054,24.919,146.346,2330,0.185,4.687,3.591,2.654,1.063,51.868,101.755,2149.058,0.961
1,123,1408349408,2.680,-1860.615,5.117,24.975,47.181,2420,0.185,0.947,11.270,12.168,3.996,7.792,9.787,2612.864,0.275
1,123,1408379533,6.264,2045.035,6.410,24.904,322.897,2250,0.185,2.069,3.324,2.601,1.088,15.514,20.164,887.733,0.231
1,123,1408392308,9.545,-1813.870,5.078,24.967,226.232,2360,0.185,27.571,8.810,7.606,3.280,102.405,850.915,8431.016,-2.314
1,202,1408358907,4.579,3110.793,6.967,24.921,322.016,3280,0.185,2.265,3.456,2.742,1.087,18.195,22.338,2049.239,0.306
1,202,1408373343,12.160,-2777.866,5.048,24.965,253.469,3570,0.185,12.244,3.233,2.682,1.109,90.503,804.401,12305.173,0.510
1,202,1408404828,11.666,2450.703,5.039,23.895,172.096,3120,0.185,13.933,5.442,4.580,1.094,53.578,446.407,7401.420,-2.591
1,203,1408354118,6.250,-3366.399,5.067,24.973,307.879,4200,0.185,7.031,5.634,5.183,1.323,33.904,142.691,12159.344,-0.582
1,203,1408388768,9.519,2550.683,5.043,24.904,226.868,3320,0.185,30.286,8.188,7.834,3.055,89.101,1228.185,18058.824,-3.941
1,204,1408322018,7.583,2695.174,5.048,24.945,297.000,3500,0.185,14.465,5.043,4.006,1.162,61.657,619.512,15712.852,-1.272
1,204,1408338743,9.351,-2608.701,5.008,24.961,222.109,3390,0.185,32.284,9.564,8.968,2.753,84.846,1128.561,19067.880,-3.256
1,204,1408369730,5.901,2585.604,5.003,24.929,140.866,3370,0.185,8.580,6.331,5.280,1.782,28.105,122.991,6085.814,1.198
1,204,1408386628,0.874,-2696.840,5.083,24.978,65.269,3480,0.185,1.052,6.359,5.812,1.246,4.775,2.669,1493.800,0.074
1,205,1408336790,3.674,3854.618,10.890,24.956,340.788,2790,0.185,1.046,3.249,2.385,1.093,8.878,4.572,740.766,-0.187
1,205,1408349083,6.946,-3041.585,5.075,24.958,279.948,3850,0.185,11.810,4.596,3.772,1.348,79.093,446.588,13165.619,-1.084
1,205,1408381893,9.969,2511.287,5.041,24.890,198.357,3270,0.185,23.986,6.280,4.922,1.105,90.665,1045.154,15371.693,-1.809
1,205,1408401355,0.738,-2609.640,5.061,24.948,117.842,3370,0.185,1.181,3.106,2.654,1.121,6.480,7.478,1563.249,0.174
1,206,1408325931,6.202,2983.132,7.210,24.967,308.545,3200,0.185,11.570,9.236,7.961,2.229,40.768,144.207,8220.855,0.457
1,206,1408341458,9.147,-2715.636,5.059,24.991,236.698,3500,0.185,28.827,8.155,7.585,2.524,92.571,1091.994,20303.146,-2.193
1,206,1408372635,5.699,2556.760,5.046,24.893,155.187,3330,0.185,7.163,3.913,3.011,1.076,43.577,189.172,6846.397,0.501
1,206,1408388936,7.751,-4269.937,21.011,24.944,78.000,690,0.185,1.189,1.872,1.505,1.100,8.146,6.762,121.443,0.010
1,207,1408320548,4.969,-1398.700,5.073,11.315,135.318,1060,0.185,4.976,4.275,4.577,1.386,12.600,35.245,1027.446,3.310
1,207,1408363646,16.304,-6417.568,23.381,24.976,3.000,400,0.185,1.712,2.535,1.923,1.684,6.340,2.316,25.921,0.208
1,207,1408403443,7.155,2658.213,5.043,24.886,281.321,3450,0.185,14.462,4.821,3.886,1.052,91.340,638.754,16109.669,-2.760
1,208,1408350039,12.817,6000.040,21.845,23.496,21.920,410,0.185,1.002,1.895,1.651,1.109,6.830,4.108,31.666,-0.040
1,208,1408358238,3.998,-5590.093,18.254,24.968,337.131,1660,0.185,1.706,1.962,1.624,1.005,9.997,11.681,581.171,0.746
1,208,1408360247,1.411,-2466.324,7.672,15.911,330.639,1620,0.185,2.026,2.683,2.153,1.264,10.024,9.542,813.983,-0.249
1,208,1408395928,10.493,2604.380,5.055,24.919,254.617,3380,0.185,22.477,5.739,5.056,1.710,102.172,1069.063,13097.725,-4.145
1,209,1408329102,4.236,2948.891,6.495,24.922,319.698,3340,0.185,2.149,3.625,2.751,1.141,20.098,21.248,2283.482,0.021
1,209,1408343913,8.922,-2738.281,5.042,24.973,249.912,3530,0.185,32.628,9.124,8.321,2.827,95.300,1277.027,20825.155,-4.293
1,209,1408375338,11.373,2510.819,5.003,24.945,168.729,3280,0.185,13.305,5.663,4.857,1.115,47.066,390.328,7151.630,-2.542
1,209,1408393793,0.884,-2622.993,5.057,24.984,89.647,3420,0.185,0.877,6.055,5.325,1.636,4.878,2.729,1615.498,0.043
1,210,1408322373,7.073,-2929.009,5.076,24.963,288.212,3710,0.185,12.071,5.477,4.709,1.655,79.340,343.242,12427.550,-0.946
1,210,1408355483,11.306,2464.280,5.046,24.930,208.916,3210,0.185,18.095,5.629,5.086,1.177,86.606,803.110,11092.274,-0.035
1,210,1408375236,0.534,-2515.806,5.099,24.984,126.778,3270,0.185,2.909,5.310,4.273,1.246,8.786,21.581,3890.681,0.228
1,211,1408325158,6.437,-3067.844,5.023,24.981,303.049,3880,0.185,9.444,6.155,5.337,1.312,33.913,207.047,10364.863,-1.035
1,211,1408359238,11.962,2496.196,5.018,24.888,224.278,3260,0.185,15.367,5.784,4.892,1.010,57.779,503.347,8480.139,-2.380
1,211,1408379063,6.019,-2492.062,5.089,24.941,142.167,3230,0.185,5.644,5.706,4.551,1.185,19.932,71.690,5545.236,0.627
1,212,1408320883,6.578,-1767.440,5.066,14.994,272.500,1730,0.185,13.749,4.186,3.515,1.292,52.587,381.583,4694.621,4.391
1,212,1408352298,10.508,2451.968,5.036,24.961,194.960,3200,0.185,17.987,7.829,6.714,1.778,59.511,438.297,9823.402,-2.508
1,212,1408371783,5.440,-2552.595,5.090,24.988,113.235,3310,0.185,0.433,5.249,4.360,2.266,4.720,2.096,1277.509,0.013
1,213,1408335863,1.931,4101.072,19.482,24.904,105.302,950,0.185,1.777,2.410,1.961,1.008,12.835,8.488,412.029,-0.079
1,213,1408388660,4.162,3213.049,7.846,24.943,326.969,3050,0.185,1.897,3.199,2.641,1.188,13.738,15.879,1500.956,0.036
1,213,1408402943,11.394,-2697.923,5.108,24.996,257.081,3450,0.185,15.308,4.579,3.670,1.344,90.639,736.443,11796.104,-1.138
1,214,1408392353,7.464,-2556.266,5.092,21.199,293.360,2910,0.185,14.510,4.178,3.269,1.299,67.544,585.133,10492.942,0.621
1,215,1408330998,4.439,5200.321,22.598,24.927,74.408,480,0.185,1.608,2.266,1.880,1.466,11.465,5.024,118.996,0.119
1,215,1408341680,13.324,-4261.546,19.550,22.122,15.703,500,0.185,0.621,1.770,1.295,1.063,7.473,1.196,30.979,-0.053
1,215,1408381243,6.191,2930.367,8.171,24.953,303.997,2890,0.185,17.174,8.917,8.279,2.983,46.288,279.528,10066.131,0.797
1,215,1408397523,10.401,-2534.868,5.098,24.978,227.689,3270,0.185,27.715,9.512,8.886,3.126,84.573,849.494,13834.863,-4.125
1,218,1408372558,11.991,-1546.674,5.148,20.464,179.607,1820,0.185,14.068,6.134,5.829,2.323,50.604,298.402,2904.348,-2.049
1,219,1408332163,10.086,-2518.332,5.103,24.947,189.160,3250,0.185,10.516,5.052,4.517,1.059,48.904,299.910,7574.486,-2.024
1,219,1408364954,4.061,4204.082,19.148,24.938,104.939,1040,0.185,0.879,2.140,1.685,1.110,8.005,3.441,194.438,-0.010
1,221,1408322733,11.862,2509.558,5.042,24.957,190.552,3270,0.185,17.428,5.119,4.322,1.166,74.588,738.387,9962.542,-2.302
1,221,1408342008,0.535,-2601.534,5.069,24.988,110.156,3380,0.185,1.370,5.964,5.035,1.058,6.224,5.109,2068.153,-0.013
1,221,1408378751,13.473,4511.183,15.490,21.425,29.463,1380,0.185,0.985,2.046,1.647,1.037,6.603,3.197,125.428,0.077
1,221,1408388787,6.797,-4076.051,12.006,23.812,337.911,2660,0.185,1.299,2.318,1.740,1.074,8.851,7.895,398.943,0.123
1,221,1408390484,7.178,-1905.368,8.562,10.371,333.114,360,0.185,1.145,1.842,1.414,1.029,8.088,4.544,61.838,0.033
1,224,1408343998,6.748,2636.295,5.024,24.940,274.000,3440,0.185,18.635,6.300,5.693,1.565,85.091,653.358,13854.032,0.178
1,224,1408362223,12.346,-2538.721,5.081,24.979,195.370,3290,0.185,18.315,4.624,4.036,1.333,88.413,1027.672,11841.729,-1.483
1,224,1408394747,5.669,4164.582,18.339,24.905,111.555,1200,0.185,2.421,3.351,2.598,1.305,13.383,13.284,601.664,-0.502
1,225,1408351487,6.067,2740.329,5.005,24.908,299.382,3500,0.185,13.985,5.452,4.418,1.042,51.022,491.579,13186.701,0.216
1,225,1408368018,12.383,-2619.236,5.058,24.950,224.658,3380,0.185,18.180,5.235,5.021,1.804,80.700,842.485,10826.263,-3.120
1,225,1408399003,5.650,2577.095,5.012,24.895,143.423,3350,0.185,10.978,7.467,6.935,1.817,31.626,183.399,8160.941,0.685
1,226,1408340168,3.980,2565.208,5.283,24.927,137.127,3250,0.185,4.922,4.891,3.973,1.183,20.665,77.824,5528.270,0.043
1,226,1408356968,0.874,-2646.105,5.102,24.977,60.493,3420,0.185,0.723,4.318,3.267,1.062,4.045,2.288,1078.541,0.040
1,227,1408334438,2.153,-2662.336,5.107,24.983,82.733,3440,0.185,0.639,4.370,3.754,1.094,4.022,1.832,891.488,-0.000
1,227,1408373220,18.425,5033.091,17.521,22.466,3.889,1150,0.185,1.101,2.125,1.680,1.148,7.002,2.519,54.826,0.003
1,227,1408383573,0.812,-3369.677,5.094,24.963,311.029,4190,0.185,4.841,4.683,3.937,1.174,30.254,111.377,11852.824,-0.688
1,229,1408326570,11.460,-2532.519,5.070,24.959,164.088,3290,0.185,9.674,4.523,3.871,1.189,46.203,298.128,5874.200,0.414
1,229,1408360863,4.273,5444.900,20.145,24.925,77.595,1060,0.185,1.138,2.217,1.985,1.166,8.431,3.729,159.881,-0.070
1,229,1408371265,17.343,-4462.621,17.996,23.461,22.289,1130,0.185,1.272,2.890,2.096,1.272,6.061,2.616,77.077,0.308
1,230,1408327045,0.918,-2689.583,5.109,24.784,58.064,3480,0.185,0.692,4.252,3.611,1.286,3.599,1.899,947.389,0.271
1,230,1408366407,0.889,4011.608,13.142,24.937,342.916,2400,0.185,1.548,3.573,2.714,1.390,8.480,4.997,687.406,0.021
1,230,1408378458,7.056,-3090.400,5.065,24.967,283.020,3900,0.185,13.707,4.708,3.955,1.547,81.803,560.313,14585.715,-0.949
1,231,1408336628,9.173,2597.711,5.046,24.945,247.280,3380,0.185,32.600,9.097,8.472,2.776,87.767,1148.412,19745.444,-1.742
1,231,1408355993,11.312,-2510.646,5.075,24.992,167.000,3270,0.185,9.050,4.173,3.801,1.663,41.662,280.259,6140.882,0.209
1,231,1408389913,4.763,5164.678,20.476,24.938,81.508,960,0.185,1.406,1.976,1.510,1.180,7.422,4.579,152.669,0.522
1,233,1408345643,9.075,2456.556,5.047,24.928,164.741,3190,0.185,13.968,6.133,5.149,2.033,44.199,355.104,8202.610,-2.467
1,233,1408364008,2.577,-2582.822,5.073,24.959,84.392,3360,0.185,0.336,4.064,3.164,1.604,3.735,1.298,785.508,0.015
1,233,1408402789,7.403,5524.364,21.679,24.622,6.465,660,0.185,1.547,2.242,1.524,1.202,7.450,5.812,84.069,-0.250
1,234,1408325642,5.280,5241.781,19.543,24.282,47.385,1050,0.185,1.335,1.865,1.481,1.086,6.243,3.918,34.528,-0.019
1,234,1408373638,7.052,2574.602,5.015,24.911,278.994,3360,0.185,10.919,4.552,3.733,1.214,81.395,367.394,9924.951,-1.289
1,234,1408391813,9.486,-2457.506,5.081,24.950,199.172,3190,0.185,33.272,8.889,7.424,1.720,95.290,1198.665,16579.540,-3.090
1,236,1408330480,2.688,-3070.295,5.078,24.967,327.696,3980,0.185,1.408,4.323,3.557,1.801,10.735,15.133,3464.159,0.052
1,236,1408366203,6.176,2536.706,5.033,24.923,251.717,3310,0.185,12.348,3.967,3.141,1.130,85.718,582.606,11697.325,0.536
1,236,1408385568,9.575,-2453.244,5.104,24.983,170.150,3180,0.185,18.998,8.393,8.290,4.012,50.981,450.648,9835.733,-3.200
2,2,1408341093,5.423,2189.592,5.068,24.975,149.489,2830,0.095,9.443,4.611,3.635,1.010,43.716,292.121,8156.283,0.208
2,2,1408355504,0.834,-2307.517,5.012,24.983,64.258,3000,0.095,0.625,5.749,4.754,2.186,4.879,2.798,1337.866,0.048
2,2,1408386729,9.782,1174.591,5.004,10.758,331.757,880,0.095,1.075,1.737,1.473,1.119,5.767,3.746,29.849,-0.084
2,2,1408388652,7.044,3374.169,13.399,24.977,327.538,1890,0.095,1.876,3.033,2.610,1.106,8.769,10.220,521.571,0.314
2,2,1408400058,6.219,-2506.777,5.074,25.000,255.449,3200,0.095,15.233,4.000,3.401,1.052,67.555,858.382,12076.149,2.143
2,3,1408323364,11.934,-2216.320,5.072,24.979,221.339,2860,0.095,17.556,6.020,5.498,2.250,80.882,627.244,7308.302,-2.512
2,3,1408351104,3.333,2702.515,5.190,24.880,117.435,2920,0.095,3.830,4.044,3.147,1.118,15.746,34.335,1868.982,-0.083
2,3,1408363308,0.836,-2187.154,5.074,24.941,37.842,2970,0.095,0.608,3.324,2.743,1.484,4.371,2.059,751.895,0.086
2,3,1408396192,6.104,2377.505,6.930,24.914,306.770,2590,0.095,15.408,10.194,9.618,3.088,34.213,219.889,7466.295,0.886
2,4,1408331288,10.733,-2132.093,5.112,24.979,187.744,2760,0.095,16.593,6.935,6.839,1.979,80.689,433.833,7429.300,-1.838
2,4,1408358473,1.484,1582.775,5.150,14.740,86.526,1540,0.095,0.542,2.410,1.880,1.088,5.429,1.573,162.955,0.030
2,4,1408360621,13.697,4423.510,19.661,24.837,77.654,970,0.095,0.964,2.318,1.749,1.350,4.639,1.580,45.742,-0.215
2,4,1408370052,1.151,-2654.032,5.047,24.905,14.678,3360,0.095,0.617,3.019,2.346,1.281,5.751,2.127,299.562,-0.028
2,4,1408402453,7.027,2189.709,5.041,24.883,278.000,2850,0.095,19.234,6.189,5.408,2.188,59.337,667.297,12062.269,1.401
2,5,1408326291,1.487,1265.189,5.170,10.817,10.448,920,0.095,1.084,2.083,1.545,1.007,4.915,3.134,97.789,-0.164
2,5,1408328387,4.035,3921.178,12.976,24.943,104.585,2280,0.095,1.266,2.963,2.571,1.455,6.363,4.113,282.796,0.004
2,5,1408337088,5.931,-2906.490,5.047,24.970,302.934,3620,0.095,16.389,7.037,6.021,1.592,44.204,469.191,14980.383,-0.725
2,5,1408366383,12.772,2076.021,5.039,24.889,198.640,2710,0.095,11.724,3.271,2.678,1.025,109.777,731.917,7075.289,-1.089
2,5,1408381993,0.908,-2134.564,5.125,24.939,104.381,2770,0.095,0.974,5.928,4.898,1.592,6.349,5.270,1717.162,0.031
2,6,1408323748,5.913,-2780.049,5.047,24.955,301.729,3490,0.095,11.454,5.730,4.687,1.565,35.917,299.585,10509.887,-0.212
2,6,1408352683,10.465,2062.968,5.041,24.903,197.970,2690,0.095,18.287,6.644,5.550,1.537,88.084,589.096,7679.996,-1.829
2,6,1408367839,1.150,-2886.511,15.312,24.962,104.000,1330,0.095,1.947,3.528,3.459,1.007,6.947,8.480,707.638,-0.046
2,6,1408398995,15.639,1539.105,5.333,13.150,9.667,1250,0.095,0.895,2.490,1.824,1.074,4.916,2.909,68.048,0.118
2,6,1408400843,8.479,4033.919,16.358,24.674,40.754,1580,0.095,0.920,2.159,1.715,1.116,7.641,3.855,253.400,0.265
2,7,1408326878,6.557,2258.598,5.029,24.951,266.000,2940,0.095,19.770,4.741,3.963,1.142,83.384,1115.261,14081.193,2.442
2,7,1408342633,8.790,-2124.228,5.103,24.969,176.471,2750,0.095,13.514,5.975,5.114,1.150,88.973,404.281,7453.080,-0.786
2,7,1408371719,1.387,3860.322,10.641,24.912,65.837,2760,0.095,1.795,4.551,3.805,1.032,7.932,6.522,646.046,0.527
2,7,1408381189,6.470,-2892.913,5.028,24.925,6.869,3640,0.095,0.682,2.874,2.308,1.003,4.845,3.198,908.265,0.103
2,8,1408331923,9.969,2119.294,5.006,24.971,171.122,2770,0.095,7.337,3.963,3.423,1.139,74.251,225.660,4197.954,-0.895
2,8,1408346668,2.879,-2244.021,5.118,24.996,81.137,2900,0.095,0.229,2.344,1.745,1.066,3.953,0.722,233.050,0.017
2,8,1408379563,3.800,2959.909,5.269,24.806,342.881,3320,0.095,1.429,2.913,2.340,1.278,7.294,7.454,412.321,0.181
2,8,1408389768,6.799,-2771.822,5.121,24.992,276.473,3480,0.095,17.522,4.957,4.240,1.339,65.255,862.258,15679.933,1.305
2,9,1408320923,5.962,2821.392,12.480,24.932,293.951,1810,0.095,20.070,7.220,6.201,1.676,47.382,403.622,6691.095,-0.980
2,9,1408334443,9.840,-2198.967,5.059,24.998,207.360,2850,0.095,15.781,5.535,4.336,1.052,78.540,640.792,9787.126,-1.404
2,9,1408361542,15.128,1845.199,5.031,17.352,104.947,1930,0.095,0.395,2.593,1.835,1.149,5.291,0.902,62.857,-0.039
2,9,1408363334,8.332,4090.849,20.047,24.905,98.125,830,0.095,3.258,2.555,1.997,1.459,10.880,16.361,217.452,0.354
2,9,1408373870,12.172,-2272.070,5.115,24.762,28.406,3140,0.095,0.424,2.661,2.045,1.097,3.940,1.447,420.697,0.018
2,9,1408405738,7.225,1419.455,5.056,14.064,295.000,1320,0.095,21.121,4.683,4.157,1.587,57.280,584.295,4783.547,2.930
2,10,1408338990,12.397,1386.326,5.060,13.071,64.654,1310,0.095,0.569,2.181,1.723,1.091,5.517,1.623,97.959,0.198
2,10,1408341289,2.858,4449.755,17.432,24.778,55.284,1450,0.095,3.690,5.441,7.082,4.679,11.733,14.606,798.845,-0.254
2,10,1408350133,1.100,-2852.626,5.084,24.938,261.512,3470,0.095,1.029,2.620,2.081,1.247,6.840,5.385,558.651,-0.006
2,10,1408381643,9.802,2170.536,5.029,24.890,257.602,2830,0.095,19.904,4.572,3.708,1.368,77.200,1205.923,11738.588,1.616
2,10,1408397573,10.608,-2055.669,5.077,24.935,164.269,2670,0.095,7.337,4.127,3.212,1.115,87.162,197.501,4885.114,0.004
2,11,1408327528,1.338,-3032.721,5.089,24.984,320.947,3830,0.095,2.855,5.122,3.670,1.167,10.290,23.380,3904.143,-0.730
2,11,1408357523,5.720,2122.769,5.040,24.958,216.000,2770,0.095,12.859,4.051,3.075,1.026,91.284,653.915,8453.650,-0.292
2,11,1408372859,6.416,-2881.050,14.045,24.987,122.000,1500,0.095,5.940,3.757,2.832,1.044,23.197,72.432,2145.165,-0.597
2,11,1408403168,11.803,1304.516,5.759,9.996,25.538,710,0.095,0.748,2.345,1.983,1.212,4.782,1.410,25.157,-0.152
2,11,1408405272,2.462,4092.135,12.093,24.213,16.752,2480,0.095,1.057,2.848,2.316,1.165,6.706,3.350,238.640,-0.090
2,12,1408352090,6.042,2350.891,5.640,24.927,299.337,2790,0.095,18.944,6.441,4.990,1.241,47.916,644.533,10969.752,1.859
2,12,1408365623,12.482,-2225.220,5.119,24.987,213.253,2870,0.095,16.023,4.781,3.925,1.193,99.368,706.046,9280.869,0.521
2,12,1408393680,8.257,2844.578,5.227,24.939,108.219,3090,0.095,1.924,4.425,3.822,1.467,10.144,14.764,1126.141,0.114
2,12,1408405159,2.042,-2338.776,6.559,24.976,32.937,2890,0.095,0.789,3.729,2.986,1.239,5.848,2.523,486.254,0.064
2,13,1408333941,2.362,2407.486,5.236,24.767,330.429,3010,0.095,0.937,3.366,2.777,1.042,5.525,3.380,492.087,0.003
2,13,1408345618,8.909,-2448.042,5.050,24.990,254.746,3140,0.095,20.589,5.530,4.403,1.657,64.925,906.113,12486.773,-1.160
2,13,1408373278,5.520,2152.525,5.032,24.944,151.395,2800,0.095,11.140,5.493,4.217,1.077,46.608,294.869,7977.319,0.550
2,13,1408387203,0.846,-2220.992,5.110,24.948,63.559,2870,0.095,0.366,4.388,3.377,1.644,4.656,1.483,681.347,0.025
2,14,1408337348,9.024,2193.859,5.048,24.971,250.470,2860,0.095,22.620,6.160,5.236,1.724,74.002,885.984,10945.827,-0.614
2,14,1408353143,5.605,-2118.976,5.029,24.997,158.273,2770,0.095,8.140,4.983,4.127,1.221,62.028,184.087,5446.568,0.279
2,14,1408381017,18.718,1102.583,5.019,8.431,58.281,590,0.095,1.433,1.774,1.463,1.224,5.659,7.574,34.387,0.117
2,14,1408383051,9.822,3583.223,13.667,20.955,50.235,1450,0.095,0.870,2.816,2.069,1.177,5.985,2.598,123.646,0.178
2,14,1408390877,12.857,-4520.316,13.334,24.967,235.714,2510,0.095,1.335,2.650,2.273,1.355,8.100,8.294,315.991,0.208
2,14,1408393004,6.052,-1542.664,6.487,11.313,348.254,820,0.095,0.527,1.978,1.441,1.006,5.473,0.986,46.781,0.185
2,15,1408336847,3.865,3100.795,8.188,24.969,348.081,3080,0.095,1.612,3.962,3.195,1.661,7.581,7.972,855.818,0.299
2,15,1408346223,6.850,-2932.450,5.039,24.987,285.231,3670,0.095,13.458,3.802,3.107,1.051,63.066,788.177,16148.132,1.211
2,15,1408375243,11.079,2134.947,5.006,24.946,179.539,2790,0.095,13.285,5.851,5.472,1.177,97.860,409.079,6723.564,2.087
2,15,1408389923,1.715,-2200.937,5.053,24.998,88.160,2870,0.095,0.576,3.249,2.706,1.195,4.406,2.351,639.743,0.036
2,16,1408322233,12.103,2074.635,5.028,24.946,185.188,2710,0.095,11.579,4.391,3.597,1.295,83.998,426.075,5348.281,0.126
2,16,1408337313,0.925,-2172.487,5.116,24.949,92.223,2840,0.095,0.683,3.340,2.978,1.023,4.036,2.436,730.682,0.101
2,16,1408368658,19.910,1497.898,6.812,12.103,358.200,840,0.095,0.682,3.144,2.343,1.522,4.999,0.889,26.644,0.012
2,16,1408370733,7.834,4268.235,16.026,24.970,349.693,1700,0.095,1.704,2.448,2.032,1.118,8.244,11.095,414.442,0.085
2,16,1408379453,6.523,-2849.711,5.051,24.981,289.601,3570,0.095,12.428,4.667,3.631,1.040,48.344,480.650,13252.273,0.365
2,17,1408344053,9.054,2108.178,5.038,24.966,219.000,2750,0.095,40.761,11.019,9.850,2.451,98.370,1340.510,16120.567,1.612
2,17,1408360475,6.358,-2164.991,5.132,24.988,126.401,2800,0.095,6.813,6.144,5.639,1.528,14.984,94.958,5136.049,-0.311
2,17,1408391545,12.245,3677.534,5.409,24.956,20.012,3810,0.095,0.952,2.862,2.152,1.060,7.193,5.114,444.276,-0.202
2,17,1408400345,1.156,-3073.246,5.097,24.989,324.273,3900,0.095,2.361,4.796,3.958,1.703,8.197,13.362,2846.950,-0.517
2,18,1408326799,13.756,1171.182,5.053,9.960,75.658,790,0.095,0.745,2.104,1.471,1.179,4.313,1.633,28.148,-0.137
2,18,1408328954,6.963,3832.132,13.935,24.818,67.310,2000,0.095,0.771,2.025,1.546,1.062,6.359,3.824,199.497,0.006
2,18,1408338056,0.613,-3081.975,7.816,24.844,5.929,2980,0.095,0.952,3.905,3.166,1.700,4.514,3.052,1066.301,-0.052
2,18,1408370348,6.037,2166.079,5.056,24.892,267.548,2820,0.095,16.664,4.548,3.488,1.074,79.848,842.435,13735.955,0.364
2,18,1408385793,9.399,-2080.596,5.063,24.928,175.000,2710,0.095,14.157,6.751,6.249,1.845,92.035,351.986,6297.006,-1.864
2,19,1408347308,9.260,2152.130,5.055,24.931,229.890,2800,0.095,20.047,6.020,5.414,1.664,92.433,810.139,10451.529,-2.059
2,19,1408363228,1.079,-2067.736,5.125,24.952,135.000,2680,0.095,9.925,6.618,5.024,1.195,28.857,189.063,8097.881,-1.502
2,19,1408394086,8.697,3387.740,5.319,24.960,30.589,3820,0.095,0.970,3.436,2.622,1.301,5.959,3.169,454.139,-0.060
2,19,1408402635,0.885,-3131.991,5.073,24.970,333.734,3790,0.095,1.968,4.438,3.591,1.564,7.332,12.624,2228.564,-0.243
2,20,1408322668,16.039,1163.731,5.490,8.453,3.333,490,0.095,0.683,2.382,1.891,1.496,4.122,0.725,12.846,-0.060
2,20,1408325023,3.244,4207.908,14.362,24.950,354.450,2110,0.095,1.496,2.443,1.890,1.156,6.926,7.590,339.655,0.170
2,20,1408333783,5.852,-2962.710,5.079,24.959,296.285,3670,0.095,13.849,4.851,4.253,1.482,50.258,541.416,14525.833,1.010
2,20,1408362673,12.426,2143.341,5.047,24.919,189.668,2790,0.095,12.874,5.157,4.382,1.382,94.838,406.490,5279.072,-2.138
2,20,1408378279,0.943,-2139.873,5.051,24.977,98.000,2820,0.095,1.453,5.134,5.168,1.109,5.285,6.522,1301.692,0.252
2,21,1408339487,1.327,2167.348,5.047,24.876,141.325,2800,0.095,10.058,5.916,4.868,1.297,33.212,246.224,9704.508,2.396
2,21,1408353377,1.356,-2376.373,5.120,24.940,57.663,3100,0.095,0.732,4.166,3.341,1.281,4.843,2.107,757.011,0.268
2,21,1408385925,1.613,2385.439,5.067,24.972,322.811,3040,0.095,2.083,3.701,3.034,1.133,8.312,12.082,822.025,0.001
2,21,1408398498,10.549,-2515.476,5.026,24.993,247.163,3240,0.095,13.391,4.394,3.670,1.013,75.281,686.009,12686.910,0.587
2,22,1408340003,8.764,2157.853,5.022,24.923,257.415,2810,0.095,21.676,5.275,4.393,1.567,69.972,1114.930,11706.177,-0.540
2,22,1408356033,11.075,-2163.463,5.077,24.989,166.284,2810,0.095,8.045,4.944,4.020,1.500,77.686,170.829,3369.856,-1.362
2,22,1408385215,0.618,3440.427,7.485,24.265,57.373,3120,0.095,1.453,2.877,2.235,1.030,8.004,8.074,595.379,0.098
2,22,1408394051,6.020,-3599.048,6.592,24.960,181.151,3510,0.095,0.913,2.616,1.934,1.035,6.748,4.365,455.751,0.001
2,23,1408335800,19.921,1615.896,5.319,15.310,48.835,1680,0.095,0.504,2.321,1.796,1.156,4.684,1.573,92.863,0.063
2,23,1408337841,18.817,4447.715,17.665,23.737,40.114,1240,0.095,0.569,2.251,1.783,1.327,5.274,1.865,84.800,0.105
2,23,1408346039,1.470,-3128.475,5.064,24.996,344.312,3650,0.095,0.883,2.372,1.762,1.057,7.633,6.581,468.385,0.028
2,23,1408377278,10.472,2127.998,5.031,24.947,242.409,2780,0.095,16.544,5.185,3.970,1.043,92.327,737.715,7955.893,1.211
2,23,1408393314,6.127,-2078.021,5.093,24.990,148.000,2700,0.095,11.218,5.716,4.742,1.199,41.183,287.900,7496.285,-0.151
2,24,1408344800,1.111,2737.556,7.608,24.945,325.861,2790,0.095,1.178,2.680,2.109,1.052,7.617,6.585,505.892,-0.008
2,24,1408355948,5.509,-2580.213,5.056,24.998,252.758,3300,0.095,12.367,4.478,3.715,1.007,55.933,473.777,11875.057,1.075
2,24,1408383955,5.784,2233.375,5.049,24.898,148.083,2890,0.095,9.839,5.414,4.486,1.173,39.744,228.031,7413.050,0.356
2,24,1408397521,1.144,-2154.893,5.069,24.941,62.661,2980,0.095,1.401,5.930,5.141,1.261,5.007,4.207,926.836,0.367
2,25,1408322534,1.441,-2323.550,5.067,24.949,48.746,3010,0.095,0.769,4.265,3.406,1.131,4.529,2.252,614.979,0.178
2,25,1408355855,5.941,2393.027,5.122,24.945,314.467,2980,0.095,3.307,5.072,4.453,1.516,14.078,29.677,1882.800,0.377
2,25,1408368313,12.442,-2371.427,5.081,24.948,234.399,3050,0.095,14.796,5.708,5.276,1.766,83.418,479.153,6418.836,0.079
2,25,1408396039,0.854,2389.603,5.207,24.902,130.286,2940,0.095,6.102,7.608,6.459,2.012,20.498,161.835,10918.726,-1.018
2,26,1408331726,5.435,-3386.733,13.318,24.950,86.418,1700,0.095,1.872,3.399,3.002,1.029,6.845,4.772,117.942,0.118
2,26,1408334038,14.102,-953.199,5.112,7.765,86.000,400,0.095,0.521,2.226,1.553,1.278,3.561,0.559,13.755,0.003
2,26,1408364106,4.852,1170.893,5.178,9.834,350.636,760,0.095,0.761,2.258,1.709,1.166,4.160,0.607,12.350,0.021
2,26,1408366320,9.489,3894.153,11.693,24.966,342.583,2510,0.095,1.587,2.717,2.216,1.034,8.078,9.120,283.578,-0.087
2,26,1408375409,7.056,-2971.813,5.057,24.991,282.377,3710,0.095,13.806,4.770,4.272,2.051,52.627,540.201,13239.081,2.061
2,26,1408404098,11.834,2145.330,5.000,24.868,175.452,2800,0.095,9.558,4.793,4.162,1.066,86.889,285.561,4240.274,-2.004
2,27,1408328843,5.553,2144.432,5.011,24.891,154.575,2790,0.095,9.588,5.293,4.535,1.123,50.009,234.962,7128.922,0.970
2,27,1408342826,5.132,-2210.537,5.095,24.896,66.486,2900,0.095,0.425,2.855,2.243,1.021,4.018,1.515,410.784,0.016
2,27,1408374469,6.950,995.413,5.179,8.273,335.353,460,0.095,1.448,2.685,1.933,1.126,5.666,3.769,55.604,-0.034
2,27,1408376215,8.259,2997.810,10.644,24.777,330.899,2260,0.095,0.979,2.432,1.837,1.037,6.455,4.992,275.276,-0.008
2,27,1408387143,9.435,-2538.101,5.101,24.980,258.315,3230,0.095,18.316,4.990,4.237,1.508,67.507,816.545,11391.367,-1.218
2,28,1408324613,3.688,-2157.100,5.063,24.991,104.199,2810,0.095,0.751,3.676,3.019,1.245,5.172,3.919,1082.121,0.008
2,28,1408355565,0.674,1867.235,5.005,16.463,7.275,1950,0.095,0.942,2.325,1.722,1.095,5.858,3.456,268.419,-0.041
2,28,1408357640,3.783,4916.166,18.344,24.947,261.317,1400,0.095,1.850,2.611,2.000,1.532,7.363,5.923,192.686,0.127
2,28,1408365851,5.957,-2967.500,5.038,24.978,302.885,3710,0.095,14.868,7.069,6.365,1.666,43.633,379.740,13998.183,-0.285
2,28,1408395053,10.257,2105.996,5.010,24.868,197.214,2750,0.095,20.077,7.198,7.030,2.228,99.837,643.626,8751.955,-2.715
2,29,1408329747,0.652,-2308.913,5.759,24.870,19.865,3120,0.095,1.163,4.553,3.762,1.939,5.329,3.903,1111.491,0.115
2,29,1408362103,7.177,2200.493,5.002,24.965,285.812,2870,0.095,18.993,5.723,4.829,1.679,61.696,821.804,14235.560,1.513
2,29,1408376728,11.006,-2135.655,5.050,24.979,196.287,2780,0.095,23.277,7.326,6.126,1.253,106.229,886.612,10419.717,-3.236
2,29,1408404426,6.549,2401.790,5.003,24.604,92.362,3210,0.095,1.371,3.447,2.802,1.159,6.453,6.121,364.597,0.051
2,30,1408330924,7.005,2279.187,5.019,24.899,279.540,2950,0.095,18.611,7.417,6.662,1.777,52.266,471.714,10455.238,1.493
2,30,1408345758,8.802,-2185.269,5.132,24.949,191.523,2820,0.095,21.058,8.875,7.197,1.254,89.094,539.282,9871.239,-1.640
2,30,1408374527,1.336,3704.666,13.822,24.943,81.897,2110,0.095,0.698,2.460,1.953,1.132,5.791,2.731,336.423,0.215
2,30,1408384412,7.117,-2801.321,5.114,24.959,18.858,3500,0.095,0.466,2.507,2.007,1.107,4.734,2.613,738.894,-0.053
2,31,1408328567,1.189,-2266.492,5.070,24.977,117.000,2830,0.095,2.740,3.901,3.261,1.145,13.546,22.258,1952.106,0.493
2,31,1408358687,1.543,1251.827,5.235,10.278,20.352,840,0.095,0.955,3.019,2.549,1.625,5.113,1.651,98.428,0.078
2,31,1408360788,17.941,4110.919,13.041,24.894,11.223,2480,0.095,1.220,2.412,1.739,1.188,7.370,5.559,412.116,0.143
2,31,1408369036,0.748,-3085.104,5.060,24.973,315.833,3930,0.095,5.295,6.037,4.724,1.211,16.696,71.971,8117.106,-0.959
2,31,1408399093,11.011,2079.792,5.051,24.911,210.908,2710,0.095,20.139,5.970,4.734,1.292,100.054,869.443,8755.596,1.462
2,32,1408348869,4.680,3897.012,9.516,24.966,25.363,3170,0.095,0.837,2.348,1.788,1.023,6.068,3.685,253.491,-0.007
2,32,1408357291,1.200,-3209.133,5.045,24.988,330.757,3900,0.095,2.041,4.414,3.557,1.383,7.018,14.565,3476.902,-0.247
2,32,1408387723,9.435,2140.772,5.042,24.893,225.450,2790,0.095,35.829,7.503,6.025,1.263,117.325,1765.814,17056.350,-1.617
2,32,1408403734,1.631,-2373.568,8.618,24.930,132.000,2250,0.095,8.960,4.761,4.055,1.371,26.418,222.938,5979.629,-0.366
2,101,1408325898,11.587,-1797.750,5.102,24.946,187.000,2340,0.095,9.905,4.686,4.183,1.319,58.429,285.971,3666.921,0.636
2,101,1408361995,5.007,-3094.010,19.205,24.945,1.866,770,0.095,1.612,2.588,2.115,1.339,8.271,5.114,196.910,-0.206
2,101,1408392070,5.817,1843.226,5.036,24.923,268.008,2430,0.095,14.536,5.042,4.397,1.040,64.557,561.449,7065.407,-0.961
2,101,1408406083,6.697,-2718.640,19.507,24.925,163.000,630,0.095,19.123,5.649,5.739,3.576,90.759,240.933,1754.031,0.906
2,102,1408330638,10.991,-1803.261,5.127,25.000,206.634,2340,0.095,11.687,4.717,4.069,1.289,107.201,406.282,4429.987,-0.179
2,102,1408356948,2.523,2938.472,19.182,24.865,100.438,720,0.095,3.263,3.058,2.610,1.594,11.499,16.674,441.204,-0.977
2,102,1408367883,1.066,-1943.686,5.062,24.936,14.278,2510,0.095,1.153,7.345,5.746,2.630,6.454,5.905,1819.012,0.068
2,102,1408397473,6.964,1854.038,5.018,24.851,286.418,2430,0.095,16.483,5.659,4.925,1.788,70.080,545.411,7614.716,-0.799
2,103,1408322696,4.375,2157.170,5.270,24.872,324.841,2430,0.095,3.005,5.082,4.422,1.167,16.353,18.896,901.905,0.389
2,103,1408335238,6.431,-1841.396,5.120,24.924,230.435,2380,0.095,9.124,3.852,3.040,1.045,102.175,352.946,5502.162,0.514
2,103,1408360898,6.095,2313.384,12.023,24.921,125.650,1560,0.095,6.210,3.992,3.212,1.516,21.305,83.869,1601.923,0.004
2,103,1408373153,0.912,-1893.629,5.107,24.922,32.350,2450,0.095,1.597,4.747,4.020,1.210,9.372,8.298,1356.125,0.091
2,103,1408403216,4.214,2017.193,5.361,24.895,306.696,2400,0.095,9.476,4.161,3.370,1.429,72.080,333.381,10878.752,-2.006
2,104,1408327843,2.215,2261.221,10.284,24.927,341.516,1840,0.095,1.524,3.165,2.547,1.260,7.680,7.025,403.426,0.195
2,104,1408339533,9.085,-1897.825,5.102,24.970,251.622,2450,0.095,20.324,6.242,5.697,1.666,88.534,805.826,8311.626,-2.273
2,104,1408364893,5.836,1805.283,5.067,24.946,148.072,2350,0.095,18.008,6.579,5.450,1.456,61.528,535.982,8437.710,0.335
2,104,1408377703,2.561,-2570.258,14.977,24.991,49.000,1210,0.095,1.865,4.304,3.907,1.334,9.370,6.668,458.088,-0.254
2,105,1408333113,2.838,2719.757,14.900,24.930,357.106,1310,0.095,1.128,3.563,2.676,1.217,10.143,3.302,365.023,0.042
2,105,1408343723,8.771,-1967.019,5.082,24.940,273.161,2530,0.095,16.254,4.251,3.498,1.185,75.392,922.349,8438.928,0.456
2,105,1408369508,6.274,1786.654,5.033,24.967,170.000,2340,0.095,13.802,4.674,3.542,1.014,103.503,538.404,6241.700,2.417
2,105,1408383708,1.161,-1858.682,5.106,24.972,67.630,2420,0.095,1.233,4.270,3.763,1.123,4.787,5.236,884.843,0.478
2,106,1408338548,7.302,2288.114,9.281,24.931,21.200,2120,0.095,0.888,2.394,1.796,1.013,3.629,1.763,34.496,0.000
2,106,1408348783,6.304,-2096.708,5.055,24.989,302.266,2680,0.095,3.839,6.378,5.433,1.141,17.268,30.476,2484.999,-0.141
2,106,1408375583,10.905,1790.563,5.003,24.905,200.411,2350,0.095,5.745,5.770,4.950,1.491,36.225,75.688,2078.768,-0.362
2,106,1408390156,15.254,-2218.941,8.635,24.977,94.868,1980,0.095,0.230,2.178,1.644,1.025,3.289,0.581,176.622,-0.041
2,107,1408343514,7.044,2907.724,13.962,24.966,36.287,1530,0.095,1.062,2.739,2.271,1.122,9.953,5.162,285.479,0.128
2,107,1408353183,1.176,-2100.272,5.064,24.978,319.926,2690,0.095,2.233,4.130,3.222,1.651,15.432,18.040,1902.528,0.091
2,107,1408380643,9.804,1809.444,5.033,24.868,220.508,2370,0.095,14.398,4.620,3.792,1.172,130.001,662.247,5918.764,-1.615
2,107,1408395888,0.566,-1842.274,5.085,24.934,114.710,2400,0.095,3.944,8.693,8.181,1.145,9.969,22.901,3439.314,0.652
2,108,1408320763,5.845,-1365.834,5.097,17.529,159.740,1490,0.095,15.884,4.512,3.614,1.197,72.142,495.932,4403.728,1.279
2,108,1408348126,4.917,3434.219,19.434,24.884,53.429,770,0.095,1.959,2.523,2.112,1.309,6.967,4.195,49.483,-0.049
2,108,1408357573,1.275,-2078.997,5.022,24.941,338.041,2670,0.095,1.239,2.895,2.263,1.055,7.165,10.249,1133.111,0.123
2,108,1408385813,9.320,1836.437,5.019,24.904,241.967,2410,0.095,12.237,7.406,6.810,1.587,62.416,233.593,3969.905,-1.264
2,108,1408401093,0.776,-1821.704,5.093,24.932,136.130,2370,0.095,11.783,5.170,4.216,1.329,40.156,389.788,9644.474,-2.820
2,109,1408321098,0.889,-1731.017,5.082,22.554,52.553,2160,0.095,1.145,5.926,5.123,1.762,4.929,3.433,957.084,0.089
2,109,1408351248,2.397,2192.885,5.341,24.924,324.720,2470,0.095,1.707,3.317,2.742,1.105,13.664,12.558,724.132,0.361
2,109,1408363643,8.860,-1878.315,5.095,24.936,231.926,2430,0.095,11.663,3.763,3.166,1.002,115.181,571.002,6218.636,-1.419
2,109,1408389368,5.990,2307.282,9.043,24.917,126.187,1950,0.095,6.441,4.873,3.705,1.741,20.367,69.430,2189.365,-0.589
2,109,1408401587,1.636,-1919.215,5.091,24.941,34.325,2490,0.095,1.182,3.882,3.085,1.203,8.536,5.524,893.161,0.072
2,110,1408325688,1.413,-1872.242,5.090,24.924,67.665,2440,0.095,0.270,2.829,2.156,1.014,3.287,0.578,221.842,-0.009
2,110,1408367478,6.365,-1918.510,5.066,24.926,250.145,2480,0.095,3.846,3.056,2.391,1.020,37.268,87.450,2312.635,0.138
2,110,1408392888,6.237,1808.874,5.029,24.856,145.899,2360,0.095,4.703,4.929,3.686,1.001,21.469,62.522,2754.255,0.131
2,111,1408331553,1.354,-1861.260,5.093,24.978,88.639,2430,0.095,1.346,4.910,4.826,1.180,4.708,5.128,909.684,0.479
2,111,1408361463,2.539,2709.050,12.504,24.905,356.177,1620,0.095,2.660,4.554,4.237,1.960,11.830,11.023,684.952,-0.330
2,111,1408372013,6.539,-2006.246,5.129,24.927,273.372,2570,0.095,15.559,3.389,2.799,1.023,82.871,1200.800,10187.875,-0.909
2,111,1408397833,6.481,1792.118,5.080,24.886,169.739,2330,0.095,18.220,5.874,5.178,1.139,112.765,762.069,8527.426,2.334
2,112,1408322688,8.365,1816.049,5.050,24.941,218.481,2380,0.095,13.563,4.764,4.370,1.284,120.257,580.707,6316.938,-2.288
2,112,1408337878,0.571,-1861.103,5.114,24.997,113.070,2420,0.095,3.097,6.913,6.765,1.161,8.142,17.124,2657.668,0.505
2,112,1408366856,0.907,2611.509,5.790,24.932,15.809,2590,0.095,1.547,3.210,2.767,1.002,9.238,7.868,773.491,0.057
2,112,1408376888,5.877,-2086.118,5.028,24.994,297.866,2680,0.095,17.309,5.155,3.972,1.160,83.561,810.713,11153.317,0.342
2,112,1408403488,11.666,1787.086,5.009,24.870,195.170,2340,0.095,20.797,6.693,5.523,1.575,105.237,753.117,6794.420,-1.435
2,113,1408327528,6.918,1846.111,5.035,24.977,239.235,2420,0.095,5.527,4.180,3.517,1.106,47.971,116.747,3657.952,-0.649
2,113,1408342733,6.292,-1835.841,5.123,24.983,133.600,2390,0.095,3.075,4.053,3.300,1.079,12.074,36.767,2299.082,0.081
2,113,1408370954,3.580,2618.322,9.502,24.923,33.017,2120,0.095,0.849,3.097,2.510,1.066,5.863,2.038,173.958,0.078
2,113,1408380740,1.952,-2134.220,5.103,24.947,316.668,2710,0.095,1.126,2.814,2.070,1.073,12.901,9.293,880.851,-0.177
2,114,1408333913,5.868,1856.803,5.045,24.908,264.205,2430,0.095,8.235,3.562,3.003,1.047,62.206,337.781,4929.429,-0.118
2,114,1408348843,6.512,-1811.278,5.136,24.931,159.750,2350,0.095,8.097,5.085,4.376,1.646,58.822,170.796,3938.160,0.457
2,114,1408376351,1.515,2870.153,6.078,24.975,54.539,2580,0.095,1.509,2.924,2.516,1.030,7.755,5.317,144.712,0.054
2,114,1408385154,14.605,-3215.534,17.186,24.997,342.000,1110,0.095,1.538,1.942,1.522,1.005,5.488,5.376,46.449,-0.062
2,115,1408339558,7.105,1868.929,5.079,24.967,284.865,2440,0.095,17.205,4.824,4.218,1.805,74.122,761.779,8278.313,0.359
2,115,1408353958,10.300,-1803.965,5.145,24.980,182.038,2340,0.095,18.291,6.639,5.859,1.469,81.742,599.287,5895.038,2.041
2,115,1408380733,13.340,2833.985,10.385,24.959,76.129,1930,0.095,1.737,2.441,1.989,1.006,7.167,6.768,101.834,0.137
2,115,1408391061,0.533,-1906.641,5.092,24.966,354.343,2640,0.095,1.426,4.635,4.055,1.453,6.576,5.502,1150.284,0.049
2,116,1408345418,6.160,2044.596,7.840,24.863,305.694,2080,0.095,14.258,8.993,8.355,2.527,60.304,220.923,5447.039,0.466
2,116,1408358908,6.712,-1804.675,5.127,24.933,205.898,2340,0.095,15.448,4.454,3.842,1.013,129.213,867.132,8261.091,-2.190
2,116,1408385008,2.075,2622.720,8.788,24.833,100.148,2030,0.095,2.607,3.100,2.531,1.170,10.585,17.317,601.874,0.002
2,116,1408396118,1.137,-1954.981,5.101,24.973,13.937,2520,0.095,1.527,6.266,5.459,2.095,8.245,7.633,1991.875,-0.036
2,117,1408320548,7.297,-1198.427,5.126,13.373,294.869,1060,0.095,17.725,3.662,3.075,1.234,68.007,617.417,3284.129,1.272
2,117,1408346328,9.353,1786.168,5.054,24.970,196.000,2340,0.095,37.463,9.217,7.839,2.137,104.839,1445.180,12519.591,0.331
2,117,1408361198,0.845,-1853.319,5.089,24.984,90.765,2420,0.095,1.444,3.601,3.423,1.060,5.076,9.693,1162.402,0.275
2,117,1408391247,2.647,3055.292,19.085,24.910,358.122,770,0.095,2.828,3.510,2.920,1.574,12.642,10.231,480.373,0.151
2,117,1408401528,6.721,-1968.592,5.125,24.954,275.486,2520,0.095,14.251,3.793,3.066,1.136,68.775,808.850,7748.316,0.713
2,118,1408323968,2.528,-2066.281,5.105,24.967,315.853,2640,0.095,2.157,3.102,2.279,1.100,21.688,26.494,1547.242,-0.664
2,118,1408351248,10.282,1799.832,5.049,24.962,216.831,2360,0.095,9.332,4.178,3.340,1.313,112.580,300.690,3720.436,-1.482
2,118,1408366443,0.566,-1848.510,5.097,24.964,110.459,2410,0.095,3.051,7.261,6.299,1.040,7.342,17.999,2675.606,0.506
2,118,1408395433,3.485,2610.171,12.400,24.913,15.353,1650,0.095,1.120,2.773,2.281,1.208,8.928,4.770,369.005,-0.014
2,118,1408405363,5.884,-2344.672,9.271,24.950,295.721,2070,0.095,12.313,4.425,3.977,1.050,67.991,462.048,6574.425,-0.653
2,119,1408328129,12.905,-1731.639,9.160,15.652,329.333,830,0.095,1.072,2.161,1.645,1.048,4.924,1.810,32.260,-0.044
2,119,1408355803,6.516,1817.196,5.079,24.928,234.370,2370,0.095,3.554,4.370,3.529,1.090,31.265,40.248,1730.487,0.198
2,119,1408371073,6.079,-1821.434,5.128,24.935,127.468,2370,0.095,1.499,4.625,3.957,1.109,5.564,6.683,938.444,-0.001
2,120,1408362568,4.361,1831.915,5.049,24.896,261.477,2400,0.095,5.757,4.343,3.403,1.227,32.461,107.188,3306.201,-0.035
2,120,1408377613,6.860,-1788.645,5.087,24.945,155.295,2330,0.095,3.287,4.400,4.031,1.019,23.200,38.333,2012.996,0.283
2,121,1408327968,3.579,2891.947,19.099,24.859,99.219,720,0.095,2.300,2.074,1.686,1.023,10.672,18.153,274.770,0.241
2,121,1408338868,1.636,-1931.140,5.142,24.924,12.522,2480,0.095,0.903,5.728,4.991,1.609,5.567,4.021,1234.340,-0.043
2,121,1408368433,7.212,1859.252,5.067,24.960,285.377,2430,0.095,17.262,4.674,3.973,1.138,74.533,943.314,10295.344,0.209
2,121,1408382873,9.791,-1777.031,5.126,24.971,181.233,2310,0.095,21.352,6.566,6.032,1.487,87.323,892.800,7054.595,2.290
2,122,1408332212,6.040,2388.138,5.640,24.968,122.085,2360,0.095,3.930,2.785,2.402,1.108,20.078,55.284,1913.321,-0.163
2,122,1408344253,1.156,-1916.595,5.150,24.973,30.290,2470,0.095,0.880,3.637,2.932,1.054,7.376,3.792,700.861,-0.006
2,122,1408374347,6.069,2038.196,5.100,24.902,303.811,2430,0.095,17.236,8.599,8.136,2.105,62.945,341.012,6470.225,-1.530
2,122,1408387933,9.409,-1804.674,5.071,24.920,203.894,2350,0.095,29.205,9.009,7.819,2.070,121.256,854.746,8977.476,0.994
2,123,1408335993,5.789,1787.649,5.054,24.919,146.342,2330,0.095,12.917,6.885,5.248,1.093,42.786,284.509,6217.128,0.439
2,123,1408348632,2.179,-2662.875,17.251,24.975,47.000,920,0.095,1.646,3.939,3.446,1.034,7.068,5.042,265.608,0.211
2,123,1408379580,2.049,2099.481,5.208,24.904,322.891,2400,0.095,2.383,4.112,3.575,1.261,14.406,17.428,1073.597,0.256
2,123,1408392308,9.406,-1813.870,5.078,24.967,226.236,2360,0.095,10.325,4.395,3.707,1.252,96.378,367.719,4457.986,-1.165
2,202,1408358623,4.413,2790.976,8.833,22.664,322.453,2510,0.095,2.179,4.257,3.591,1.593,7.257,4.978,360.365,0.010
2,202,1408373343,6.144,-2777.866,5.048,24.965,253.478,3570,0.095,10.034,3.710,2.933,1.166,54.802,424.132,11962.675,0.875
2,202,1408404833,11.833,2456.300,5.039,23.954,172.102,3130,0.095,7.409,4.504,3.750,1.148,74.517,170.603,4762.356,0.038
2,203,1408354331,6.110,-3097.511,5.067,23.604,307.146,3850,0.095,8.537,7.154,6.868,1.643,21.596,119.006,8360.158,-0.878
2,203,1408388768,9.520,2550.683,5.043,24.904,226.862,3320,0.095,20.008,7.424,6.223,1.004,80.222,671.397,13655.400,-2.099
2,204,1408322018,6.050,2695.174,5.048,24.945,297.000,3500,0.095,11.572,5.209,4.554,1.135,42.888,365.963,11533.001,0.588
2,204,1408338743,9.257,-2608.701,5.008,24.961,222.138,3390,0.095,25.019,9.552,8.859,2.398,74.228,676.166,15033.032,-1.808
2,204,1408369729,1.174,2585.061,5.003,24.929,140.834,3370,0.095,7.806,5.312,4.354,1.143,28.095,164.040,10065.206,2.617
2,204,1408386628,3.208,-2696.840,5.083,24.978,65.278,3480,0.095,0.279,2.637,1.985,1.096,3.938,0.937,401.645,0.043
2,205,1408337026,4.270,4334.762,18.239,22.337,340.510,850,0.095,1.179,2.484,2.051,1.163,5.943,1.635,98.454,0.001
2,205,1408349083,6.944,-3041.585,5.075,24.958,279.909,3850,0.095,13.043,4.628,3.720,1.185,47.215,489.288,13985.007,1.678
2,205,1408381893,9.824,2511.287,5.041,24.890,198.357,3270,0.095,16.554,6.722,5.404,1.195,81.963,489.198,10928.431,-1.025
2,205,1408401373,1.132,-2591.220,5.061,24.948,117.840,3370,0.095,2.589,5.428,5.048,1.254,9.111,16.251,3527.345,0.851
2,206,1408325907,6.079,2957.182,6.988,24.967,308.551,3240,0.095,10.519,8.752,8.113,2.245,26.069,111.548,6681.789,0.511
2,206,1408341458,9.042,-2715.636,5.059,24.991,236.698,3500,0.095,20.739,8.502,8.015,2.434,72.675,545.604,14188.239,-1.437
2,206,1408372647,5.732,2569.813,5.046,24.893,155.165,3330,0.095,6.937,4.593,3.930,1.015,44.210,154.798,7239.038,0.500
2,207,1408320548,1.633,-1398.700,5.073,11.315,135.243,1060,0.095,13.476,6.219,7.599,2.404,18.796,137.224,3547.113,-0.044
2,207,1408364948,17.825,-4189.695,16.499,19.960,358.114,760,0.095,1.012,2.280,1.622,1.244,6.161,1.898,36.556,-0.025
2,207,1408403443,7.100,2658.213,5.043,24.886,281.335,3450,0.095,18.037,7.233,6.535,1.726,46.570,478.798,15244.791,0.797
2,208,1408357657,12.911,-6751.273,22.868,24.932,339.550,550,0.095,0.740,1.742,1.338,1.185,6.802,3.855,64.526,0.057
2,208,1408360614,3.983,-2030.539,9.178,11.272,329.750,400,0.095,0.970,1.623,1.226,1.013,6.392,1.453,15.481,0.019
2,208,1408395928,5.295,2604.380,5.055,24.919,254.625,3380,0.095,12.365,4.015,3.150,1.016,56.202,603.861,12845.036,1.070
2,209,1408329026,1.863,2870.971,7.391,24.922,319.761,3180,0.095,1.614,3.413,2.625,1.176,9.238,7.753,1033.163,-0.052
2,209,1408343913,8.848,-2738.281,5.042,24.973,249.969,3530,0.095,17.867,7.317,6.412,1.588,60.320,496.551,12021.381,-1.458
2,209,1408375333,11.249,2505.484,5.003,24.883,168.735,3270,0.095,7.028,5.096,4.079,1.090,65.994,136.606,3976.773,-1.218
2,209,1408393810,0.809,-2605.128,5.057,24.925,89.627,3410,0.095,0.552,3.533,2.848,1.053,4.066,1.642,664.868,0.209
2,210,1408322373,7.042,-2929.009,5.076,24.963,288.185,3710,0.095,12.638,5.423,4.658,1.563,42.077,363.010,12224.171,0.459
2,210,1408355483,11.163,2464.280,5.046,24.930,208.947,3210,0.095,11.479,4.902,4.274,1.129,69.528,379.372,7864.031,0.433
2,210,1408375232,6.339,-2520.145,5.099,24.984,126.745,3270,0.095,5.319,6.312,5.608,1.260,12.932,57.727,5427.263,-0.239
2,211,1408325233,5.901,-2972.448,5.023,24.324,302.751,3730,0.095,8.248,6.728,5.374,1.048,21.917,145.151,12667.118,-0.748
2,211,1408359238,11.913,2496.196,5.018,24.888,224.257,3260,0.095,10.867,5.250,5.209,1.876,53.255,283.286,6075.128,-1.886
2,211,1408379063,1.023,-2492.062,5.089,24.941,142.188,3230,0.095,8.214,7.773,6.788,1.334,20.637,118.712,9722.589,2.370
2,212,1408320885,5.910,-1764.360,5.066,14.994,272.514,1730,0.095,9.950,3.185,2.711,1.139,40.979,295.885,3916.365,3.080
2,212,1408352298,10.396,2451.968,5.036,24.961,194.935,3200,0.095,11.927,8.348,8.533,3.192,53.644,190.499,6224.640,-2.046
2,212,1408371783,0.518,-2552.595,5.090,24.988,113.223,3310,0.095,1.475,7.415,6.131,1.103,5.372,4.002,2051.877,0.106
2,213,1408335918,2.249,4179.334,20.126,24.904,105.106,840,0.095,2.154,3.502,2.952,2.071,9.638,5.624,384.293,-0.067
2,213,1408402943,4.508,-2697.923,5.108,24.996,257.066,3450,0.095,8.153,3.089,2.659,1.005,48.958,415.790,9502.059,1.643
2,214,1408392574,6.762,-2229.486,5.092,19.410,291.684,2470,0.095,12.739,3.759,3.067,1.044,48.041,542.884,8748.241,0.698
2,215,1408381248,6.060,2935.991,8.171,24.953,303.993,2890,0.095,16.077,9.811,9.217,3.032,32.768,223.271,9244.650,0.504
2,215,1408397523,10.340,-2534.868,5.098,24.978,227.686,3270,0.095,21.498,9.170,7.833,2.400,78.821,521.508,10435.652,-2.726
2,218,1408372558,11.872,-1546.674,5.148,20.464,179.628,1820,0.095,9.411,5.428,5.147,1.803,52.716,159.645,1906.994,-1.565
2,219,1408332163,10.566,-2518.332,5.103,24.947,189.150,3250,0.095,7.103,5.672,5.187,1.268,46.093,109.596,4595.651,-1.227
2,219,1408364930,2.165,4156.164,19.091,24.071,105.054,890,0.095,1.214,2.528,2.048,1.121,7.499,2.907,135.876,-0.153
2,221,1408322733,12.179,2509.558,5.042,24.957,190.549,3270,0.095,10.006,5.485,4.664,1.007,71.011,243.428,6107.453,-1.514
2,221,1408342008,0.525,-2601.534,5.069,24.988,110.150,3380,0.095,1.685,7.900,6.246,1.136,6.280,4.830,2473.560,0.110
2,224,1408343998,9.161,2636.295,5.024,24.940,274.017,3440,0.095,12.802,4.551,3.971,1.091,56.836,488.354,9925.653,-0.825
2,224,1408362223,12.193,-2538.721,5.081,24.979,195.403,3290,0.095,12.928,5.635,4.558,1.118,79.315,380.282,7635.117,-2.061
2,224,1408394743,1.521,4159.885,18.395,24.905,111.508,1190,0.095,2.286,3.001,2.504,1.057,14.689,11.364,687.757,-0.204
2,225,1408351588,6.017,2853.296,6.625,24.908,299.390,3220,0.095,15.955,7.304,5.896,1.900,39.971,346.753,11720.626,0.655
2,225,1408368018,12.354,-2619.236,5.058,24.950,224.661,3380,0.095,15.091,6.027,5.456,1.196,76.132,492.715,8497.201,-3.000
2,225,1408399003,6.215,2577.095,5.012,24.895,143.420,3350,0.095,8.573,5.502,4.390,1.018,32.968,194.030,8440.021,2.609
2,226,1408340143,1.119,2538.245,5.043,24.927,137.145,3290,0.095,6.744,5.338,4.614,1.022,22.938,118.767,9942.116,0.036
2,226,1408356978,0.590,-2634.991,5.102,24.977,60.499,3420,0.095,0.758,5.564,4.156,1.436,4.232,1.843,1058.504,0.110
2,227,1408334457,8.212,-2641.530,5.107,24.983,82.743,3440,0.095,0.228,3.129,2.427,1.138,3.158,0.484,237.390,0.047
2,227,1408383855,6.151,-3049.738,5.094,24.360,310.042,4030,0.095,6.805,6.142,5.530,1.225,18.730,90.356,7686.996,-0.970
2,229,1408326573,11.409,-2529.622,5.070,24.959,164.091,3290,0.095,6.246,5.016,4.239,1.264,57.987,106.973,3556.297,0.398
2,230,1408327013,0.516,-2725.037,5.109,24.949,58.068,3510,0.095,0.871,5.380,4.733,1.297,4.574,2.177,1347.758,0.039
2,230,1408365884,7.179,3297.017,14.315,18.917,344.420,900,0.095,1.950,2.847,2.289,1.312,7.090,3.490,126.678,0.102
2,230,1408367166,2.643,5168.567,20.707,24.937,341.000,910,0.095,2.022,3.372,3.763,1.853,7.448,5.005,285.934,0.696
2,230,1408378458,6.969,-3090.400,5.065,24.967,282.946,3900,0.095,14.689,5.143,4.364,1.153,49.660,583.699,16416.926,1.843
2,231,1408336628,9.058,2597.711,5.046,24.945,247.263,3380,0.095,18.770,7.024,5.758,1.791,60.513,521.424,12059.525,0.134
2,231,1408355993,11.268,-2510.646,5.075,24.992,167.000,3270,0.095,5.447,4.392,3.586,1.149,59.988,92.419,3160.899,0.017
2,233,1408345643,8.992,2456.556,5.047,24.928,164.722,3190,0.095,6.362,5.011,4.035,1.241,58.043,117.149,4547.506,0.134
2,233,1408364039,1.049,-2548.677,5.073,24.959,84.419,3360,0.095,0.222,2.431,1.829,1.019,3.301,0.656,272.687,-0.000
2,234,1408373638,6.980,2574.602,5.015,24.911,278.997,3360,0.095,14.614,6.246,5.201,1.873,45.480,366.829,11070.422,1.780
2,234,1408391813,9.344,-2457.506,5.081,24.950,199.197,3190,0.095,20.700,8.338,6.931,1.354,86.908,534.341,11352.232,-0.864
2,236,1408366203,6.028,2536.706,5.033,24.923,251.696,3310,0.095,10.511,4.541,3.719,1.125,56.160,355.772,10696.068,1.398
2,236,1408385568,9.403,-2453.244,5.104,24.983,170.154,3180,0.095,8.478,6.323,5.567,1.845,68.774,139.059,4748.972,-1.533
3,2,1408341093,6.295,2189.592,5.068,24.975,149.433,2830,0.095,12.025,3.820,3.036,1.088,57.181,611.376,10217.172,1.009
3,2,1408355527,4.503,-2282.503,5.012,24.983,64.225,3000,0.095,0.569,4.271,3.380,1.448,3.986,2.170,912.628,0.022
3,2,1408388149,2.824,2729.795,5.004,24.977,328.611,3180,0.095,1.682,4.098,3.377,1.312,8.217,7.722,691.070,0.405
3,2,1408400058,11.048,-2506.777,5.074,25.000,255.467,3200,0.095,16.294,5.760,4.931,1.689,63.858,522.541,7713.666,-2.618
3,3,1408323368,11.909,-2213.003,5.072,24.979,221.314,2860,0.095,12.211,5.257,4.627,1.300,56.528,378.801,6127.688,2.277
3,3,1408351110,6.786,2709.097,5.123,24.880,117.379,2930,0.095,2.217,3.680,3.291,1.382,10.938,24.237,2135.171,-0.037
3,3,1408363245,1.454,-2254.295,5.074,24.941,37.986,2970,0.095,0.725,3.813,3.216,1.352,3.997,2.205,587.529,0.213
3,3,1408396156,6.101,2339.498,5.204,24.914,306.737,2840,0.095,9.207,6.743,5.967,1.470,23.837,141.889,4876.109,0.675
3,4,1408331293,10.779,-2127.002,5.043,24.979,187.770,2770,0.095,20.562,5.944,5.405,1.676,69.381,829.408,10115.465,-2.045
3,4,1408358363,7.734,1469.045,5.024,14.498,86.768,1520,0.095,0.641,3.188,2.461,1.445,4.376,1.349,60.273,-0.014
3,4,1408360643,3.740,4459.813,19.717,24.937,77.427,980,0.095,2.083,2.570,1.964,1.397,8.675,7.881,381.533,0.366
3,4,1408370052,9.672,-2656.508,5.429,24.905,14.673,3300,0.095,0.571,2.315,1.740,1.006,4.699,2.170,170.956,-0.014
3,4,1408402453,7.083,2189.407,5.041,24.883,278.000,2850,0.095,15.353,6.324,5.484,1.987,56.412,402.333,9164.028,1.215
3,5,1408326425,18.929,1410.647,5.046,13.332,9.806,1360,0.095,0.765,2.348,1.895,1.108,4.048,0.919,30.037,0.022
3,5,1408328629,18.781,4318.823,15.608,24.943,144.064,1830,0.095,1.810,2.924,2.300,1.407,6.469,5.239,134.625,0.112
3,5,1408337089,5.953,-2905.479,5.047,24.970,303.006,3620,0.095,9.340,5.601,4.599,1.088,31.060,232.442,13603.976,0.129
3,5,1408366383,6.229,2076.021,5.039,24.889,198.669,2710,0.095,13.660,3.309,2.685,1.194,73.722,954.666,9333.164,1.568
3,5,1408381005,3.448,-3173.324,19.167,24.939,104.000,790,0.095,4.026,4.835,5.040,2.286,10.952,14.280,627.798,-0.517
3,6,1408323743,5.937,-2786.197,5.047,24.955,301.757,3490,0.095,8.067,5.487,4.364,1.060,26.368,171.111,8289.845,-0.038
3,6,1408352683,10.553,2062.968,5.041,24.903,197.963,2690,0.095,19.669,5.564,4.542,1.801,68.905,814.630,10668.970,-0.314
3,6,1408368565,1.358,-2121.957,5.112,24.962,104.204,2770,0.095,1.051,3.878,3.423,1.048,4.576,5.205,1041.651,0.080
3,6,1408398936,19.603,1478.343,5.524,12.907,9.896,1180,0.095,1.006,3.097,2.624,1.362,4.133,2.403,71.274,-0.223
3,6,1408400882,0.846,4065.970,15.716,24.950,62.549,1750,0.095,0.890,2.143,1.678,1.015,5.758,2.704,245.425,0.018
3,7,1408326878,6.544,2258.598,5.029,24.951,265.997,2940,0.095,10.026,3.366,2.854,1.033,66.092,501.311,7833.638,-0.201
3,7,1408342633,8.965,-2124.228,5.103,24.969,176.446,2750,0.095,28.381,7.610,6.358,1.828,81.821,1114.087,12687.551,-0.825
3,7,1408371746,2.254,3891.630,10.701,24.954,65.853,2760,0.095,1.258,2.434,1.901,1.000,6.317,5.954,359.998,-0.011
3,7,1408380512,7.505,-3886.111,12.931,24.968,9.235,2340,0.095,0.883,2.442,1.796,1.106,5.335,3.708,255.647,-0.028
3,7,1408382838,17.116,-968.849,5.028,7.371,1.636,380,0.095,0.699,2.365,1.495,1.097,4.732,0.966,10.000,0.068
3,8,1408331923,6.514,2119.294,5.006,24.971,171.129,2770,0.095,15.289,5.084,4.065,1.137,67.964,647.471,9389.970,0.911
3,8,1408346688,2.065,-2222.338,5.051,24.996,81.157,2910,0.095,0.679,5.885,5.162,1.496,4.569,2.241,1127.087,0.001
3,8,1408379645,6.767,3046.104,5.009,24.954,342.512,3390,0.095,1.500,2.832,2.419,1.183,7.660,9.362,818.260,-0.077
3,8,1408389768,7.003,-2771.822,5.121,24.992,276.524,3480,0.095,14.175,5.816,4.979,1.417,55.660,445.388,11400.932,1.055
3,9,1408320923,5.949,2821.392,12.480,24.932,293.929,1810,0.095,15.828,6.197,5.544,1.390,45.428,318.313,5584.426,-0.328
3,9,1408334438,10.291,-2204.184,5.128,24.998,207.382,2840,0.095,19.833,5.990,5.668,2.455,69.400,792.872,10935.078,-0.371
3,9,1408361441,13.661,1739.293,5.095,17.352,105.147,1920,0.095,0.488,2.472,1.992,1.069,4.390,1.323,82.381,0.071
3,9,1408363327,3.684,4086.751,20.107,24.962,98.208,830,0.095,2.863,2.381,1.785,1.024,7.453,10.133,172.728,-0.137
3,9,1408373659,3.403,-2501.678,5.115,24.988,28.979,3180,0.095,0.460,2.697,2.235,1.114,3.636,1.489,355.270,0.027
3,9,1408405738,7.289,1419.455,5.056,14.064,295.000,1320,0.095,16.416,5.158,4.921,2.107,36.751,318.393,3628.643,4.073
3,10,1408339040,11.640,1434.685,5.060,12.537,64.524,1220,0.095,0.781,2.442,1.837,1.379,4.410,2.345,53.394,0.013
3,10,1408341246,2.542,4273.445,14.825,24.778,55.719,1910,0.095,2.305,2.390,2.151,1.011,7.519,10.598,328.911,0.034
3,10,1408350118,0.636,-2862.587,5.084,24.983,251.897,3480,0.095,1.195,2.929,2.324,1.278,5.121,5.036,561.607,0.119
3,10,1408381647,9.807,2174.815,5.029,24.890,257.569,2830,0.095,18.391,5.304,4.361,1.453,68.866,768.174,9475.622,0.897
3,10,1408397573,6.454,-2055.669,5.077,24.935,164.287,2670,0.095,15.755,5.032,4.167,1.380,83.314,607.952,8185.158,2.124
3,11,1408320164,8.919,6506.652,23.501,24.919,11.190,360,0.095,0.752,1.972,1.040,1.040,4.799,1.662,15.326,-0.410
3,11,1408327472,0.868,-3093.075,5.089,24.984,321.255,3830,0.095,1.616,3.970,3.015,1.277,8.787,16.484,3396.535,-0.344
3,11,1408357523,12.079,2122.769,5.040,24.958,216.000,2770,0.095,9.103,3.570,2.708,1.059,66.078,398.367,6290.210,0.314
3,11,1408372859,7.289,-2881.239,14.045,24.987,122.000,1500,0.095,5.051,3.625,2.827,1.115,17.295,53.220,1488.324,-1.135
3,11,1408404492,4.807,2915.187,5.035,23.773,20.142,3550,0.095,0.751,2.902,2.274,1.125,4.681,2.344,295.702,-0.022
3,12,1408352107,6.009,2370.826,5.023,24.927,299.297,2880,0.095,16.520,8.179,7.899,2.925,36.346,323.298,7462.269,2.316
3,12,1408365623,12.501,-2225.220,5.119,24.987,213.288,2870,0.095,16.210,5.542,4.367,1.057,73.424,621.171,8342.825,-1.224
3,12,1408393754,1.061,2926.079,5.096,24.939,107.976,3110,0.095,2.254,2.898,2.596,1.086,8.663,17.649,961.182,0.068
3,12,1408405032,7.190,-2472.786,6.496,24.976,33.289,2900,0.095,0.758,2.793,2.174,1.167,4.468,3.070,553.721,0.104
3,13,1408334159,2.468,2646.732,5.236,24.945,329.881,3040,0.095,1.888,3.877,3.277,1.365,7.950,8.553,834.600,0.360
3,13,1408345618,8.960,-2448.042,5.050,24.990,254.711,3140,0.095,18.184,7.222,6.114,2.005,55.589,479.004,10778.573,-1.868
3,13,1408373278,5.472,2152.525,5.032,24.944,151.370,2800,0.095,15.039,5.512,4.323,1.221,53.704,507.132,9598.880,0.265
3,13,1408387203,2.768,-2220.992,5.110,24.948,63.556,2870,0.095,0.585,3.874,3.264,1.166,3.803,2.175,789.751,0.038
3,14,1408337348,9.095,2193.859,5.048,24.971,250.439,2860,0.095,19.512,7.146,5.940,1.793,71.939,557.874,9270.958,-1.641
3,14,1408353143,6.428,-2118.976,5.029,24.997,158.263,2770,0.095,12.359,5.006,4.308,1.032,63.796,459.375,8937.371,1.854
3,14,1408381056,18.606,1141.827,5.019,8.374,58.111,580,0.095,0.610,2.247,1.779,1.134,3.979,0.646,13.534,0.064
3,14,1408383452,1.341,4340.611,14.044,24.950,47.923,2360,0.095,0.771,2.182,1.700,1.051,5.270,3.786,210.364,0.282
3,14,1408390970,0.688,-4394.925,13.113,24.967,254.195,2550,0.095,0.821,2.539,2.027,1.065,5.865,4.025,241.573,0.019
3,14,1408393009,15.295,-1536.388,6.487,11.199,348.214,800,0.095,0.300,1.690,1.365,1.034,4.289,0.807,37.347,-0.021
3,15,1408337059,2.278,3337.743,8.250,24.969,347.154,3070,0.095,1.026,3.112,2.394,1.125,7.682,5.483,572.415,0.211
3,15,1408346223,7.008,-2932.450,5.039,24.987,285.245,3670,0.095,10.895,4.242,3.564,1.353,58.487,425.341,12639.112,0.436
3,15,1408375243,11.048,2134.947,5.006,24.946,179.514,2790,0.095,21.396,6.061,6.446,1.061,84.755,1107.672,12014.904,3.951
3,15,1408389923,1.226,-2200.937,5.053,24.998,88.177,2870,0.095,2.203,7.103,6.405,1.003,5.316,12.017,2146.930,0.890
3,16,1408322233,12.158,2074.635,5.028,24.946,185.235,2710,0.095,16.183,4.417,3.598,1.088,72.872,822.130,9411.986,1.888
3,16,1408337325,1.048,-2159.076,5.116,24.949,92.225,2840,0.095,0.907,4.009,3.434,1.079,4.391,3.303,837.924,0.295
3,16,1408368625,6.701,1464.671,6.684,12.411,358.355,910,0.095,1.263,1.665,1.433,1.039,4.649,4.677,51.892,0.288
3,16,1408370669,4.641,4202.043,16.144,24.970,350.152,1680,0.095,1.283,2.709,2.006,1.107,6.255,7.359,298.080,0.027
3,16,1408379453,5.660,-2849.711,5.051,24.981,289.631,3570,0.095,8.390,4.051,3.193,1.030,43.609,273.877,11799.855,-0.678
3,17,1408344053,9.079,2108.178,5.038,24.966,219.000,2750,0.095,30.426,9.428,9.511,3.860,71.211,948.474,12683.970,2.348
3,17,1408360478,0.587,-2162.794,5.132,24.988,126.409,2800,0.095,5.961,8.038,6.937,1.824,14.776,51.538,7063.862,-0.071
3,17,1408391531,1.232,3804.545,9.394,24.956,20.133,3140,0.095,0.759,2.258,1.706,1.000,5.078,3.816,282.296,0.041
3,17,1408400146,0.871,-3295.724,5.097,24.952,325.161,3890,0.095,1.635,3.100,2.501,1.063,8.336,14.276,2110.656,-0.255
3,18,1408329106,4.340,3993.258,13.694,24.911,66.468,2060,0.095,2.387,3.025,2.811,1.192,7.014,11.246,264.054,0.382
3,18,1408338088,0.548,-3044.912,8.069,24.462,5.708,2860,0.095,0.551,2.863,2.250,1.099,3.637,1.983,472.919,-0.017
3,18,1408370348,6.262,2166.079,5.056,24.892,267.548,2820,0.095,10.919,3.838,2.984,1.088,61.014,443.775,8361.183,0.106
3,18,1408385793,9.464,-2080.596,5.063,24.928,175.000,2710,0.095,22.272,6.118,5.517,1.618,79.379,981.585,10368.205,-2.042
3,19,1408347317,9.176,2162.144,5.055,24.931,229.871,2800,0.095,13.008,5.785,4.819,1.573,56.904,350.098,6848.014,-0.850
3,19,1408363233,1.104,-2062.753,5.054,24.952,135.000,2690,0.095,13.318,7.782,6.471,1.414,32.870,260.324,11608.424,-0.989
3,19,1408393361,7.340,2398.111,5.020,18.655,34.081,2420,0.095,0.885,2.415,1.974,1.027,4.481,2.819,92.469,0.033
3,19,1408395267,7.098,5708.228,20.201,24.923,24.880,1120,0.095,0.906,2.030,1.508,1.166,4.838,2.491,115.996,0.102
3,19,1408402551,6.364,-3234.325,5.135,24.970,334.165,3780,0.095,1.659,3.232,2.407,1.120,8.338,14.007,1451.584,-0.204
3,20,1408325138,4.330,4329.361,14.190,24.950,353.850,2140,0.095,1.051,2.495,2.067,1.041,6.485,5.656,201.911,0.198
3,20,1408333783,5.801,-2962.710,5.079,24.959,296.277,3670,0.095,11.908,5.185,4.542,1.299,41.664,336.405,11948.222,0.270
3,20,1408362673,12.486,2143.341,5.047,24.919,189.675,2790,0.095,15.770,4.858,4.106,1.279,75.084,681.488,7423.930,0.673
3,20,1408378273,2.238,-2146.751,5.051,24.977,98.000,2820,0.095,1.203,5.452,4.993,1.016,4.123,3.677,827.219,0.512
3,21,1408339488,1.384,2168.011,5.047,24.876,141.327,2800,0.095,13.083,5.728,5.279,1.478,39.935,405.521,11622.998,4.085
3,21,1408353369,0.583,-2385.941,5.120,24.940,57.650,3100,0.095,0.959,4.366,4.257,1.017,4.266,3.938,1131.395,0.073
3,21,1408384744,7.067,1101.281,5.067,10.554,325.093,810,0.095,1.072,2.549,1.900,1.088,5.175,3.117,57.100,0.028
3,21,1408386569,4.818,3154.239,12.896,24.972,321.450,1880,0.095,2.106,3.350,2.626,1.086,9.193,13.022,724.921,0.101
3,21,1408398498,10.521,-2515.476,5.026,24.993,247.188,3240,0.095,14.579,4.856,3.977,1.542,82.557,600.903,9080.148,-2.066
3,22,1408340003,8.705,2158.299,5.022,24.923,257.445,2810,0.095,15.200,4.997,3.686,1.256,58.376,619.105,8237.451,-1.360
3,22,1408356033,6.436,-2163.463,5.077,24.989,166.312,2810,0.095,15.073,5.751,5.006,1.182,71.332,536.409,9387.416,2.736
3,22,1408385277,1.057,3618.262,10.259,24.932,56.951,2820,0.095,1.583,3.564,3.018,1.357,5.633,8.930,696.303,0.489
3,22,1408393237,14.793,-5016.961,19.237,24.960,3.786,1220,0.095,0.763,1.958,1.530,1.012,5.455,2.515,123.232,-0.098
3,22,1408394797,5.039,-2703.423,10.691,17.599,357.062,1270,0.095,0.794,2.343,1.688,1.082,4.590,2.376,107.763,-0.186
3,23,1408337074,1.328,3155.393,5.195,24.924,43.320,3650,0.095,0.966,2.952,2.423,1.114,5.115,2.889,353.424,0.087
3,23,1408346214,6.218,-2952.602,5.064,24.996,343.543,3650,0.095,0.803,2.761,2.168,1.103,5.784,4.209,524.213,-0.002
3,23,1408377278,10.629,2127.998,5.031,24.947,242.394,2780,0.095,18.070,6.239,5.416,2.097,79.272,628.652,7819.685,-1.659
3,23,1408393318,6.069,-2073.872,5.093,24.990,148.000,2700,0.095,14.313,5.402,4.299,1.413,50.367,470.392,8853.777,0.017
3,24,1408344779,7.323,2695.736,5.252,24.945,325.867,3150,0.095,1.251,3.094,2.446,1.123,7.679,6.558,694.592,0.033
3,24,1408355948,3.237,-2580.213,5.056,24.998,252.819,3300,0.095,6.978,2.900,2.301,1.040,54.744,317.453,6767.456,1.578
3,24,1408383955,5.768,2232.485,5.049,24.898,148.066,2890,0.095,10.917,4.015,3.278,1.199,50.243,467.645,8399.720,0.495
3,24,1408396085,2.910,-3810.425,22.177,24.941,64.625,420,0.095,1.247,2.685,1.951,1.406,4.963,1.364,65.429,-0.126
3,24,1408397936,1.191,-1713.513,5.069,19.989,62.049,2230,0.095,0.282,2.766,2.142,1.053,3.231,0.641,336.386,0.254
3,25,1408322559,1.880,-2297.090,5.067,24.949,48.691,3010,0.095,0.638,3.439,3.610,1.221,3.468,2.036,699.345,0.113
3,25,1408355968,1.958,2514.361,5.054,24.945,314.192,2990,0.095,2.991,5.090,4.233,1.289,9.994,20.424,1755.963,0.376
3,25,1408368316,8.521,-2368.120,5.016,24.948,234.379,3060,0.095,8.222,3.776,2.975,1.038,49.932,277.734,4943.303,-0.536
3,25,1408396003,0.805,2349.969,5.005,24.902,130.277,2970,0.095,9.442,7.727,6.624,1.735,21.824,190.904,11843.310,-1.160
3,26,1408332743,2.376,-2272.433,5.112,24.950,86.086,2920,0.095,0.703,4.028,3.858,1.015,4.151,2.256,778.232,0.101
3,26,1408364074,7.177,1141.493,5.178,10.617,350.950,890,0.095,0.715,1.931,1.401,1.041,3.985,0.820,12.446,0.014
3,26,1408366321,7.679,3929.610,12.641,24.966,342.571,2350,0.095,1.924,3.758,3.015,1.550,9.020,7.468,426.028,-0.112
3,26,1408375413,7.265,-2967.521,5.057,24.991,282.390,3710,0.095,9.794,4.499,3.780,1.480,52.342,285.484,8793.187,1.525
3,26,1408404098,11.793,2145.330,5.000,24.868,175.423,2800,0.095,13.827,4.278,3.638,1.001,74.200,730.560,9134.713,2.426
3,27,1408328848,6.455,2149.859,5.011,24.962,154.548,2800,0.095,12.677,4.751,4.297,1.059,57.040,469.368,9604.513,2.149
3,27,1408341645,3.467,-3515.940,20.019,24.964,67.483,720,0.095,1.326,2.245,1.818,1.097,6.168,3.920,135.394,0.211
3,27,1408343947,6.804,-1062.298,5.095,9.337,66.000,630,0.095,0.516,1.830,1.402,1.021,3.270,1.110,57.785,0.116
3,27,1408375924,1.171,2610.928,5.246,24.947,331.685,3090,0.095,2.250,3.948,3.110,1.025,8.843,15.672,1775.200,-0.003
3,27,1408387143,9.459,-2538.101,5.101,24.980,258.247,3230,0.095,19.160,6.695,6.039,2.039,61.867,587.001,10746.986,-1.597
3,28,1408324618,0.564,-2151.093,5.131,24.991,104.209,2800,0.095,1.009,3.929,3.560,1.107,4.631,4.439,1044.164,0.134
3,28,1408356464,10.008,2987.072,5.066,24.947,107.353,3690,0.095,0.886,2.907,2.176,1.204,4.895,3.071,281.217,0.111
3,28,1408365836,6.018,-2983.711,5.038,24.978,302.938,3710,0.095,7.968,5.276,4.266,1.072,27.921,188.859,12832.225,0.367
3,28,1408395053,10.324,2105.996,5.010,24.868,197.221,2750,0.095,18.974,4.873,4.020,1.552,76.636,1000.589,8993.741,-2.082
3,29,1408329280,4.191,-2856.615,9.460,24.761,21.217,2530,0.095,1.243,3.885,3.310,1.146,4.804,4.075,658.016,-0.152
3,29,1408362103,7.262,2201.043,5.002,24.965,285.801,2870,0.095,13.924,5.651,4.422,1.512,55.915,418.682,9911.659,0.780
3,29,1408376728,11.075,-2135.655,5.050,24.979,196.287,2780,0.095,25.546,5.869,5.091,1.372,84.677,1332.017,11764.137,-2.938
3,29,1408403794,13.928,1685.838,5.003,15.662,94.870,1690,0.095,0.448,2.361,1.778,1.022,4.057,1.364,51.071,-0.007
3,29,1408405669,7.619,4011.922,18.832,24.930,87.676,1060,0.095,2.912,2.797,2.155,1.081,12.146,17.353,698.912,-0.134
3,30,1408330917,7.049,2271.572,5.019,24.899,279.559,2950,0.095,14.247,8.350,7.498,2.319,49.010,228.701,7475.976,1.135
3,30,1408345763,8.858,-2180.130,5.063,24.949,191.472,2830,0.095,33.890,8.646,6.971,1.580,77.670,1211.862,14785.420,0.139
3,30,1408374772,0.773,3959.438,13.180,24.898,80.675,2210,0.095,1.872,2.900,2.428,1.125,7.276,10.297,557.886,0.039
3,30,1408384392,14.579,-2827.959,5.114,24.959,18.755,3500,0.095,0.452,2.929,2.358,1.053,3.696,1.559,440.321,-0.006
3,31,1408328653,0.503,-2173.830,5.070,24.977,117.000,2830,0.095,2.974,5.265,5.140,1.586,7.519,21.979,3279.011,0.269
3,31,1408360334,2.733,3244.414,5.112,24.858,13.108,3810,0.095,0.855,2.525,2.041,1.111,5.766,3.872,196.656,0.000
3,31,1408368968,1.154,-3154.418,5.060,24.973,316.228,3930,0.095,2.192,5.864,4.760,1.678,10.697,28.269,5787.445,-0.263
3,31,1408399093,11.073,2079.792,5.051,24.911,210.893,2710,0.095,18.708,5.521,4.926,1.296,86.817,847.489,8425.792,-2.653
3,32,1408348932,9.772,4047.999,10.915,24.966,25.149,2930,0.095,0.858,2.554,2.091,1.176,5.427,3.342,285.802,0.049
3,32,1408357316,7.995,-3183.926,5.045,24.988,330.677,3900,0.095,1.233,2.695,2.045,1.238,7.820,11.387,1301.505,-0.106
3,32,1408387723,9.415,2140.772,5.042,24.893,225.414,2790,0.095,23.341,6.525,5.104,1.492,72.331,897.147,10818.027,0.961
3,32,1408403748,1.324,-2358.196,8.404,24.930,132.000,2280,0.095,9.568,6.151,5.103,1.651,29.898,274.501,9210.397,-0.298
3,101,1408325892,8.171,-1804.035,5.102,24.946,187.000,2340,0.095,4.654,3.175,2.621,1.085,36.337,120.616,2254.844,-0.501
3,101,1408352311,1.659,2540.107,7.625,24.862,81.847,2240,0.095,0.830,2.132,1.661,1.087,4.747,2.574,70.644,-0.008
3,101,1408362013,2.319,-3066.998,18.672,24.873,1.857,830,0.095,2.146,2.986,2.628,1.390,9.699,8.777,405.383,0.158
3,101,1408391551,5.584,1314.026,5.036,17.386,267.215,1530,0.095,10.412,3.673,2.938,1.429,50.155,267.965,4282.541,0.942
3,101,1408393068,6.626,2881.414,21.045,24.923,269.745,460,0.095,10.098,3.646,4.264,2.730,37.675,100.682,679.759,-4.980
3,101,1408406083,4.715,-2718.640,19.507,24.925,163.000,630,0.095,9.990,3.899,3.304,1.021,53.895,129.118,1022.158,3.064
3,102,1408330638,11.005,-1803.261,5.127,25.000,206.617,2340,0.095,18.611,8.342,7.955,3.628,82.349,457.032,5071.356,-0.245
3,102,1408356916,2.858,2885.959,16.693,24.865,100.474,1030,0.095,2.946,3.038,2.461,1.216,12.370,17.383,365.695,-0.006
3,102,1408367883,4.711,-1943.686,5.062,24.936,14.270,2510,0.095,1.400,5.279,5.242,1.643,7.263,11.141,2035.104,-0.064
3,102,1408397473,5.027,1854.038,5.018,24.851,286.381,2430,0.095,8.996,3.657,2.756,1.461,60.296,334.851,4499.506,-0.928
3,103,1408322612,0.552,2059.320,7.558,24.872,324.869,2140,0.095,1.525,3.151,2.237,1.043,7.654,9.156,522.663,-0.012
3,103,1408335238,9.569,-1841.396,5.120,24.924,230.381,2380,0.095,10.265,4.138,3.139,1.338,80.598,381.951,4891.977,-0.453
3,103,1408360910,6.298,2330.581,10.720,24.921,125.578,1720,0.095,4.704,4.183,3.572,1.150,15.395,50.013,1355.539,-0.299
3,103,1408373153,1.939,-1893.629,5.107,24.922,32.362,2450,0.095,1.543,5.056,4.161,1.059,7.723,6.919,1100.857,0.013
3,103,1408403227,0.852,2022.725,7.016,24.895,306.688,2190,0.095,7.171,4.717,3.578,1.565,45.460,150.994,5296.530,-0.984
3,104,1408327883,2.669,2303.853,6.295,24.927,341.381,2340,0.095,1.898,4.082,3.326,1.032,8.163,9.231,594.755,0.275
3,104,1408339533,8.965,-1897.825,5.102,24.970,251.606,2450,0.095,12.973,4.237,3.488,1.403,85.136,640.515,6638.677,-0.567
3,104,1408364894,5.840,1807.014,5.067,24.946,148.077,2350,0.095,13.217,7.043,5.909,1.336,37.745,264.990,5941.524,1.096
3,104,1408378368,0.504,-1874.829,5.089,24.991,49.176,2440,0.095,1.656,7.180,7.548,1.966,5.166,5.163,1423.399,0.179
3,105,1408333107,1.340,2705.764,14.028,24.930,357.195,1420,0.095,2.186,4.751,4.113,1.060,11.294,7.913,921.999,-0.178
3,105,1408343723,6.788,-1967.019,5.082,24.940,273.110,2530,0.095,13.241,4.529,3.739,1.351,69.892,565.369,8015.686,-0.181
3,105,1408369508,6.218,1786.654,5.033,24.967,170.000,2340,0.095,8.094,3.758,2.848,1.117,68.727,271.406,3564.749,0.119
3,105,1408383708,0.828,-1858.682,5.106,24.972,67.605,2420,0.095,1.277,8.989,7.952,1.861,5.328,4.791,1671.679,0.107
3,106,1408339065,15.876,2896.014,13.538,24.931,19.432,1560,0.095,0.777,3.009,2.264,1.356,3.095,0.955,20.133,0.003
3,106,1408348800,6.392,-2077.968,5.055,24.989,302.230,2680,0.095,1.905,4.391,3.418,1.186,13.975,12.204,1103.632,-0.231
3,106,1408375583,10.917,1790.563,5.003,24.905,200.377,2350,0.095,3.497,5.376,4.689,1.604,21.421,29.459,1083.351,0.210
3,106,1408390388,9.297,-1976.913,6.489,24.977,95.204,2250,0.095,0.216,3.029,2.271,1.099,2.883,0.319,88.190,-0.014
3,107,1408343373,3.615,2701.274,7.271,24.966,36.769,2420,0.095,1.398,3.166,2.611,1.111,9.269,7.432,689.860,-0.178
3,107,1408353197,11.391,-2085.257,5.064,24.978,319.891,2690,0.095,1.097,2.710,2.089,1.072,7.179,9.183,914.276,-0.042
3,107,1408380643,9.801,1809.444,5.033,24.868,220.496,2370,0.095,17.444,6.343,5.647,1.670,87.411,529.839,5527.063,-1.207
3,107,1408395892,0.851,-1837.549,5.085,24.934,114.708,2400,0.095,2.125,6.464,5.583,1.017,4.907,10.697,1763.505,0.640
3,108,1408320763,6.395,-1365.834,5.097,17.529,159.713,1490,0.095,10.779,3.589,2.759,1.053,42.640,321.815,3451.709,0.564
3,108,1408347898,2.398,3087.322,14.746,24.540,54.725,1350,0.095,1.698,3.484,3.011,1.502,5.701,2.832,89.797,0.083
3,108,1408357232,0.623,-2472.615,9.327,24.941,339.000,2110,0.095,1.163,2.965,2.397,1.163,5.872,6.548,646.045,0.062
3,108,1408385813,9.309,1836.437,5.019,24.904,241.888,2410,0.095,15.159,7.694,6.855,2.643,68.475,319.059,5027.412,0.341
3,108,1408401093,6.422,-1821.704,5.093,24.932,136.126,2370,0.095,7.599,5.817,4.566,1.417,27.610,114.857,3712.232,0.110
3,109,1408321098,0.888,-1731.017,5.082,22.554,52.599,2160,0.095,0.950,7.952,6.758,2.157,4.116,2.452,972.752,0.068
3,109,1408351253,3.757,2195.812,6.508,24.924,324.740,2320,0.095,1.410,3.221,2.413,1.171,5.346,5.267,201.653,-0.066
3,109,1408363643,6.288,-1878.315,5.095,24.936,231.959,2430,0.095,7.779,3.667,2.958,1.080,73.626,285.979,4141.456,1.102
3,109,1408389375,5.881,2314.520,9.525,24.917,126.103,1890,0.095,3.288,3.496,2.788,1.201,13.608,32.762,1125.361,-0.556
3,109,1408401583,1.319,-1924.157,5.091,24.941,34.372,2490,0.095,1.137,4.388,3.964,1.196,5.900,4.514,939.469,0.172
3,110,1408324620,7.831,-2985.719,21.817,24.924,67.000,370,0.095,0.844,2.691,1.829,1.459,4.307,0.700,11.537,-0.083
3,110,1408367478,3.588,-1918.510,5.066,24.926,250.108,2480,0.095,3.274,3.872,2.859,1.001,30.703,41.043,2090.564,0.505
3,110,1408392904,5.818,1826.677,5.029,24.856,145.863,2360,0.095,3.945,5.775,4.755,1.024,15.919,32.700,1949.995,-0.051
3,111,1408331553,1.632,-1861.260,5.093,24.978,88.684,2430,0.095,1.126,3.749,3.275,1.081,4.895,5.875,921.972,0.003
3,111,1408361453,2.438,2708.303,14.614,24.905,356.294,1350,0.095,2.355,3.300,3.076,1.078,13.649,15.675,852.705,0.178
3,111,1408372013,6.853,-2006.246,5.129,24.927,273.360,2570,0.095,15.502,5.408,4.408,1.545,73.527,525.142,8258.813,-0.003
3,111,1408397833,5.662,1792.118,5.080,24.886,169.722,2330,0.095,7.540,3.259,2.409,1.151,65.745,317.846,3994.692,0.309
3,112,1408322688,11.711,1816.049,5.050,24.941,218.427,2380,0.095,9.699,3.913,3.069,1.059,75.699,401.751,4474.335,0.002
3,112,1408337878,0.525,-1861.103,5.114,24.997,113.074,2420,0.095,1.519,4.153,3.831,1.007,5.482,9.030,1346.538,0.279
3,112,1408366888,2.358,2694.137,12.586,24.932,15.807,1700,0.095,2.074,3.620,2.780,1.008,11.323,12.195,904.743,0.323
3,112,1408376888,5.327,-2086.118,5.028,24.994,297.907,2680,0.095,6.940,3.342,2.597,1.098,68.279,254.411,4726.540,-1.008
3,112,1408403488,11.675,1787.086,5.009,24.870,195.128,2340,0.095,7.775,4.083,3.207,1.191,55.461,233.141,3548.966,0.656
3,113,1408327530,4.492,1848.727,5.035,24.977,239.244,2420,0.095,5.194,4.418,3.471,1.181,51.826,89.480,3080.779,0.744
3,113,1408342725,6.455,-1843.964,5.123,24.983,133.580,2390,0.095,2.666,4.552,3.660,1.390,9.290,21.571,1179.095,0.119
3,113,1408371239,3.518,2981.044,14.029,24.923,31.744,1520,0.095,0.834,2.318,1.826,1.031,5.620,2.479,143.005,0.152
3,113,1408380597,10.163,-2296.186,6.543,24.947,317.244,2520,0.095,0.719,2.447,1.822,1.004,5.090,3.635,425.375,0.007
3,114,1408333913,6.512,1856.803,5.045,24.908,264.205,2430,0.095,6.133,3.671,2.857,1.092,42.242,173.748,5464.516,-0.210
3,114,1408348843,9.391,-1811.278,5.136,24.931,159.771,2350,0.095,6.986,5.851,4.869,1.164,46.459,105.472,2810.007,0.263
3,114,1408376635,1.696,3369.927,18.587,24.909,53.525,910,0.095,1.633,2.813,2.159,1.376,7.170,4.121,158.294,-0.074
3,114,1408386016,5.102,-2130.280,5.132,24.997,338.925,2710,0.095,0.597,2.596,2.026,1.145,4.610,3.009,376.203,0.092
3,115,1408339558,7.279,1868.929,5.079,24.967,284.853,2440,0.095,10.772,4.230,3.185,1.184,76.918,397.875,4967.647,0.717
3,115,1408353958,10.541,-1803.965,5.145,24.980,182.068,2340,0.095,10.748,6.727,5.817,2.101,55.562,202.912,3394.858,-0.608
3,115,1408380897,2.492,3066.223,16.247,24.959,75.349,1170,0.095,3.968,3.455,2.918,1.020,13.163,22.690,538.312,0.888
3,115,1408391013,0.517,-1957.230,5.092,24.966,348.710,2640,0.095,1.899,5.176,4.156,1.959,7.472,8.886,1727.251,0.051
3,116,1408345374,0.851,2004.426,6.015,24.863,305.677,2310,0.095,8.918,6.535,5.442,1.661,40.336,136.571,7270.963,-1.612
3,116,1408358908,11.270,-1804.675,5.127,24.933,205.881,2340,0.095,8.393,3.925,3.320,1.256,90.517,282.577,5406.905,-0.180
3,116,1408384850,4.317,2443.202,7.037,24.911,100.757,2260,0.095,1.563,2.627,2.253,1.173,7.226,8.580,269.750,0.148
3,116,1408395841,0.619,-2256.316,5.257,24.973,14.424,2500,0.095,1.880,4.527,3.819,1.083,9.757,9.053,1227.057,-0.048
3,117,1408320548,5.473,-1198.427,5.126,13.373,294.907,1060,0.095,13.019,3.408,2.905,1.022,75.258,395.770,2488.354,-3.038
3,117,1408346328,9.352,1786.168,5.054,24.970,195.979,2340,0.095,20.045,7.508,6.522,1.859,68.517,554.113,6955.267,0.664
3,117,1408361198,0.648,-1853.319,5.089,24.984,90.733,2420,0.095,1.092,3.738,3.638,1.578,4.208,5.008,924.688,0.190
3,117,1408390315,7.602,1914.076,9.897,16.372,1.120,820,0.095,2.051,2.225,1.873,1.060,9.668,4.785,37.582,-0.015
3,117,1408391278,3.717,3095.133,19.470,24.910,358.178,720,0.095,1.801,2.681,2.227,1.077,13.153,8.917,247.106,0.087
3,117,1408401528,6.935,-1968.592,5.125,24.954,275.498,2520,0.095,10.490,4.364,3.785,1.645,58.515,348.380,6254.826,0.238
3,118,1408323968,4.193,-2066.281,5.105,24.967,315.838,2640,0.095,1.654,3.793,2.930,1.672,8.623,16.665,1955.930,-0.231
3,118,1408351248,10.456,1799.832,5.049,24.962,216.806,2360,0.095,14.628,4.794,3.595,1.518,82.568,622.258,5417.758,0.927
3,118,1408366443,0.578,-1848.510,5.097,24.964,110.393,2410,0.095,1.439,4.368,4.150,1.106,5.532,7.257,1254.133,0.215
3,118,1408395384,3.684,2539.736,9.889,24.913,15.540,1970,0.095,1.469,3.974,3.550,1.797,9.629,5.244,393.545,0.377
3,118,1408405363,4.932,-2344.672,9.271,24.950,295.745,2070,0.095,8.045,4.746,3.921,2.032,52.264,137.919,3219.584,-1.170
3,119,1408355798,11.263,1812.041,5.079,24.842,234.346,2360,0.095,3.873,5.063,4.402,1.351,27.375,40.637,1804.109,0.100
3,119,1408370653,2.136,-2239.563,11.858,24.848,126.689,1530,0.095,1.046,2.211,1.683,1.066,6.510,3.644,135.235,0.073
3,119,1408398342,18.839,1410.506,5.203,17.550,33.000,1600,0.095,0.784,2.360,1.841,1.055,3.147,1.238,37.300,0.039
3,120,1408323719,12.637,3200.776,20.224,24.854,73.167,610,0.095,0.831,2.101,1.713,1.025,5.094,1.270,36.753,-0.176
3,120,1408362568,6.472,1831.915,5.049,24.896,261.485,2400,0.095,3.062,4.199,3.185,1.145,24.034,31.069,1422.764,0.248
3,120,1408377613,5.750,-1788.645,5.087,24.945,155.282,2330,0.095,2.277,4.555,3.519,1.185,11.798,16.678,1264.126,-0.149
3,121,1408327975,5.935,2898.385,17.814,24.859,99.266,880,0.095,2.811,2.941,2.422,1.149,9.696,12.877,220.931,-0.078
3,121,1408338868,1.629,-1931.140,5.142,24.924,12.486,2480,0.095,1.039,7.740,6.596,2.083,7.287,6.268,1984.419,-0.034
3,121,1408368433,7.365,1859.252,5.067,24.960,285.336,2430,0.095,10.889,4.659,3.829,1.384,83.689,335.589,5080.306,1.027
3,121,1408382873,6.148,-1777.031,5.126,24.971,181.254,2310,0.095,8.905,4.717,3.936,1.237,45.247,238.454,4169.683,0.885
3,122,1408332308,6.643,2486.580,14.285,24.968,121.931,1300,0.095,3.364,3.259,2.594,1.095,14.278,30.851,737.816,-0.807
3,122,1408344018,9.613,-2167.446,6.568,24.973,30.338,2290,0.095,0.842,2.720,2.106,1.024,8.719,5.273,821.055,-0.286
3,122,1408374340,0.839,2027.504,5.971,24.902,303.780,2320,0.095,8.336,5.169,4.158,1.600,42.827,169.328,7524.394,-1.297
3,122,1408387933,9.409,-1804.674,5.071,24.920,203.894,2350,0.095,20.209,7.153,6.394,1.853,75.839,585.834,6171.250,2.503
3,123,1408335993,5.774,1787.649,5.054,24.919,146.321,2330,0.095,10.705,7.888,6.655,1.288,27.449,154.826,4633.831,0.806
3,123,1408348673,2.313,-2617.317,17.002,24.975,47.000,950,0.095,1.449,3.996,3.483,1.645,9.589,3.720,301.345,-0.479
3,123,1408379776,0.898,2308.731,7.780,24.904,322.855,2080,0.095,1.760,2.728,2.118,1.030,5.932,7.756,144.993,0.020
3,123,1408392308,9.349,-1813.870,5.078,24.967,226.186,2360,0.095,14.123,7.007,5.741,1.555,63.644,308.853,4683.740,-0.302
3,202,1408358734,4.630,2894.650,13.912,17.356,322.511,620,0.095,2.767,3.683,4.198,2.746,7.527,4.853,178.835,0.328
3,202,1408360026,6.313,4576.518,19.804,24.921,320.548,980,0.095,2.568,2.615,2.208,1.003,9.436,9.231,230.925,-0.007
3,202,1408373343,5.349,-2777.866,5.048,24.965,253.453,3570,0.095,6.776,3.172,2.471,1.018,50.252,262.016,7069.029,0.967
3,202,1408404833,11.537,2456.300,5.039,23.954,172.073,3130,0.095,11.371,4.294,3.667,1.020,64.584,446.951,7760.178,2.584
3,203,1408354124,6.095,-3359.578,5.067,24.973,307.842,4200,0.095,4.666,6.393,5.500,1.494,12.167,39.204,6121.564,0.035
3,203,1408388768,9.511,2550.683,5.043,24.904,226.856,3320,0.095,14.935,7.056,5.799,1.794,49.911,325.880,8935.458,-0.069
3,204,1408322015,5.809,2692.957,5.048,24.945,297.000,3500,0.095,10.667,6.480,5.596,1.085,33.776,232.359,9930.304,1.783
3,204,1408338743,9.186,-2608.701,5.008,24.961,222.141,3390,0.095,12.803,5.649,4.734,1.133,49.531,380.348,9750.895,0.263
3,204,1408369733,1.130,2588.388,5.003,24.929,140.849,3370,0.095,9.845,5.451,4.504,1.127,33.969,281.830,13620.378,0.220
3,204,1408386628,2.695,-2696.840,5.083,24.978,65.249,3480,0.095,0.401,3.726,3.090,1.157,3.210,0.986,633.098,0.050
3,205,1408337535,10.995,5090.781,19.430,24.868,338.852,1170,0.095,1.221,2.381,1.994,1.070,7.262,2.731,130.492,0.157
3,205,1408349083,7.007,-3041.585,5.075,24.958,279.912,3850,0.095,10.037,5.068,4.087,1.232,44.814,261.136,10776.226,1.164
3,205,1408381893,9.530,2511.287,5.041,24.890,198.351,3270,0.095,21.862,6.350,5.057,1.531,65.305,864.575,13996.690,0.557
3,205,1408401373,0.505,-2591.220,5.061,24.948,117.855,3370,0.095,1.895,4.758,4.145,1.576,6.020,9.133,2616.404,0.194
3,206,1408326065,6.087,3131.660,8.437,24.967,308.500,2980,0.095,8.680,7.365,6.117,1.922,18.956,72.847,3697.731,0.546
3,206,1408341458,9.159,-2715.636,5.059,24.991,236.724,3500,0.095,14.934,6.870,5.949,1.522,51.628,381.362,11597.209,0.303
3,206,1408372643,6.445,2564.727,5.046,24.893,155.150,3330,0.095,8.460,4.248,3.557,1.322,47.619,250.984,9028.053,0.627
3,206,1408388951,4.566,-4252.378,20.156,24.944,78.000,840,0.095,0.987,2.963,2.337,1.309,6.641,1.679,58.841,0.007
3,207,1408320548,1.629,-1398.700,5.073,11.315,135.262,1060,0.095,12.112,4.770,5.067,1.313,21.368,158.541,3171.603,0.089
3,207,1408403443,7.133,2658.213,5.043,24.886,281.306,3450,0.095,12.836,6.326,5.379,1.148,47.502,315.112,12065.813,0.019
3,208,1408358226,6.250,-5517.047,17.213,24.968,337.259,1890,0.095,1.418,2.639,2.127,1.038,7.425,5.439,324.278,0.119
3,208,1408395928,10.460,2604.380,5.055,24.919,254.611,3380,0.095,10.297,4.611,3.812,1.356,49.317,298.287,7234.615,1.776
3,209,1408329186,5.222,3042.153,7.728,24.922,319.635,3120,0.095,1.737,3.191,2.413,1.005,8.443,8.313,746.163,0.036
3,209,1408343913,8.895,-2738.281,5.042,24.973,249.924,3530,0.095,17.043,9.129,8.019,2.341,62.823,341.389,10412.046,-2.145
3,209,1408375338,6.323,2510.819,5.003,24.945,168.739,3280,0.095,11.201,4.611,3.633,1.034,61.685,410.628,8860.129,1.750
3,209,1408393778,0.536,-2639.727,5.057,24.984,89.636,3420,0.095,1.247,5.037,4.767,1.009,4.705,5.188,1784.814,0.242
3,210,1408322373,7.009,-2929.009,5.076,24.963,288.250,3710,0.095,9.737,5.989,5.227,1.335,40.836,205.239,10033.232,0.386
3,210,1408355483,11.209,2464.280,5.046,24.930,208.910,3210,0.095,13.008,5.580,5.082,1.461,56.986,407.779,7134.038,-0.303
3,210,1408375233,0.561,-2519.654,5.099,24.984,126.768,3270,0.095,4.899,6.858,6.070,1.853,10.756,41.800,7265.085,-0.080
3,211,1408325155,0.511,-3070.526,5.023,24.981,303.026,3880,0.095,6.271,6.935,5.595,1.239,14.985,76.112,10510.341,-0.160
3,211,1408359238,12.147,2496.196,5.018,24.888,224.278,3260,0.095,5.785,4.396,3.871,1.104,30.507,112.173,4212.093,1.805
3,211,1408379063,6.135,-2492.062,5.089,24.941,142.182,3230,0.095,7.975,5.694,5.158,1.024,26.414,181.006,9095.168,2.940
3,212,1408320883,11.598,-1767.440,5.066,14.994,272.586,1730,0.095,6.926,3.286,2.808,1.049,32.821,140.006,2273.009,-1.953
3,212,1408352298,10.475,2451.968,5.036,24.961,194.950,3200,0.095,13.544,6.445,5.984,1.924,42.364,326.542,7443.618,-0.438
3,212,1408371783,1.035,-2552.595,5.090,24.988,113.226,3310,0.095,1.219,5.729,5.652,1.139,4.179,3.593,1464.729,0.321
3,213,1408335817,3.376,4034.428,18.836,24.904,105.396,1060,0.095,1.603,2.594,2.204,1.229,8.899,5.962,374.803,-0.396
3,213,1408389549,7.774,4322.756,20.068,24.943,325.883,890,0.095,2.154,3.711,3.474,1.279,7.845,4.935,221.693,0.040
3,213,1408402943,4.190,-2697.923,5.108,24.996,257.087,3450,0.095,8.386,3.948,3.158,1.048,46.431,271.930,7748.369,0.947
3,214,1408392308,5.580,-2626.497,5.092,21.526,293.691,3000,0.095,9.578,3.958,3.254,1.022,38.158,284.979,7411.657,1.116
3,215,1408330963,13.639,5150.247,22.303,24.927,74.472,540,0.095,1.145,2.859,2.818,1.280,6.875,1.750,83.840,-0.002
3,215,1408381312,6.060,3003.560,8.911,24.953,303.978,2760,0.095,10.706,8.456,7.645,1.982,21.262,120.298,5941.666,0.983
3,215,1408397523,10.328,-2534.868,5.098,24.978,227.716,3270,0.095,11.703,6.761,5.755,1.664,47.277,235.515,6668.207,0.050
3,219,1408332163,10.669,-2518.332,5.103,24.947,189.172,3250,0.095,9.264,4.913,4.272,1.156,39.586,226.515,6686.184,-1.158
3,219,1408364834,9.200,4060.397,18.920,24.938,105.203,1080,0.095,1.373,3.354,2.585,1.838,7.125,2.104,78.203,-0.094
3,221,1408322733,12.276,2509.558,5.042,24.957,190.555,3270,0.095,11.573,4.753,3.922,1.003,58.228,418.471,7810.649,1.213
3,221,1408342008,0.663,-2601.534,5.069,24.988,110.145,3380,0.095,1.567,6.461,6.469,2.092,4.696,5.502,2118.611,0.351
3,221,1408388144,1.751,-4974.233,15.382,23.999,340.000,2010,0.095,1.137,2.173,1.703,1.037,7.236,3.859,214.415,-0.040
3,221,1408389795,8.073,-2690.129,11.612,13.904,334.750,470,0.095,0.699,1.724,1.447,1.228,6.558,1.321,49.710,-0.730
3,224,1408343998,6.723,2636.295,5.024,24.940,274.020,3440,0.095,9.812,4.877,4.244,1.333,48.098,263.379,7952.688,0.414
3,224,1408362223,12.276,-2538.721,5.081,24.979,195.385,3290,0.095,13.116,4.311,3.772,1.327,58.524,584.133,9015.364,-0.761
3,224,1408394738,7.544,4153.839,18.339,24.905,111.653,1200,0.095,3.389,3.999,3.907,1.694,9.787,14.532,749.794,0.156
3,225,1408351603,5.978,2869.953,6.798,24.908,299.394,3190,0.095,11.216,7.165,5.991,1.734,29.528,181.429,8247.101,1.261
3,225,1408368018,4.203,-2619.236,5.058,24.950,224.687,3380,0.095,8.060,4.468,4.101,1.128,44.128,213.698,6221.245,2.282
3,225,1408399003,5.678,2577.095,5.012,24.895,143.464,3350,0.095,11.082,5.782,5.364,1.098,43.513,299.401,11613.720,3.047
3,226,1408340143,6.487,2538.245,5.043,24.927,137.173,3290,0.095,5.673,3.967,3.081,1.122,27.192,132.858,7649.515,-0.391
3,226,1408356975,0.955,-2637.683,5.102,24.977,60.490,3420,0.095,0.202,2.440,1.909,1.018,3.193,0.591,276.546,0.067
3,226,1408396553,8.781,4806.382,19.416,24.257,346.593,990,0.095,1.227,2.192,1.788,1.011,5.799,4.215,34.194,0.132
3,227,1408334438,1.780,-2662.336,5.107,24.983,82.719,3440,0.095,0.607,4.336,3.895,1.169,4.075,1.462,951.175,0.003
3,227,1408381776,7.634,-6440.372,22.610,24.926,317.136,590,0.095,3.365,2.243,1.808,1.227,10.566,13.671,211.020,1.527
3,227,1408384268,6.017,-2497.334,5.094,19.808,308.757,2940,0.095,4.034,5.025,4.138,1.236,11.653,33.599,3222.386,0.079
3,229,1408326573,6.548,-2529.622,5.070,24.959,164.100,3290,0.095,10.637,5.430,4.709,1.149,55.087,286.992,7951.395,2.270
3,229,1408360874,12.489,5458.471,22.044,24.569,77.522,560,0.095,1.406,2.144,1.750,1.119,7.654,2.897,80.140,0.133
3,230,1408327017,2.081,-2720.373,5.109,24.949,58.063,3510,0.095,0.484,3.810,3.194,1.040,3.513,1.211,586.977,0.153
3,230,1408366463,2.984,4074.601,13.906,24.673,342.748,2190,0.095,1.134,2.759,2.286,1.080,6.478,2.913,237.434,0.148
3,230,1408378458,7.222,-3090.400,5.065,24.967,282.959,3900,0.095,11.121,5.672,4.761,1.418,47.362,268.239,11633.520,1.482
3,231,1408336628,9.098,2597.711,5.046,24.945,247.257,3380,0.095,17.205,7.445,6.762,2.027,60.424,418.288,11192.731,-0.904
3,231,1408355993,6.362,-2510.646,5.075,24.992,167.000,3270,0.095,11.929,5.714,4.746,1.478,55.609,311.605,8898.554,1.934
3,231,1408389964,4.559,5217.457,21.354,24.938,81.290,770,0.095,1.217,2.617,2.044,1.168,7.959,2.676,168.406,0.147
3,233,1408345643,9.114,2456.556,5.047,24.928,164.744,3190,0.095,14.763,6.380,5.673,1.187,55.726,430.446,9368.971,-1.243
3,233,1408364011,0.564,-2579.303,5.073,24.959,84.402,3360,0.095,1.083,5.134,4.156,1.004,4.210,4.234,1515.348,0.103
3,234,1408373638,7.063,2574.602,5.015,24.911,278.973,3360,0.095,9.772,5.722,4.580,1.475,44.153,183.659,7580.915,1.004
3,234,1408391813,9.385,-2457.506,5.081,24.950,199.181,3190,0.095,26.651,7.751,6.386,1.968,67.156,906.647,13557.796,1.119
3,236,1408329968,5.385,-3760.764,14.444,21.183,328.822,1380,0.095,1.797,1.974,1.499,1.065,7.394,5.406,86.364,0.029
3,236,1408366203,5.559,2536.706,5.033,24.923,251.711,3310,0.095,7.270,3.842,3.050,1.149,53.039,212.146,6687.980,-0.348
