prn,elv,azi,gps_time,snr,ant
3,37,234,1408320018,39,0
3,37,234,1408320028,38,0
3,37,234,1408320038,38,0
3,37,234,1408320048,35,0
3,37,234,1408320058,34,0
3,37,234,1408320068,32,0
3,37,234,1408320078,34,0
3,37,234,1408320088,36,0
3,37,234,1408320098,39,0
3,37,233,1408320108,41,0
3,37,233,1408320118,41,0
3,37,233,1408320128,41,0
3,37,233,1408320138,41,0
3,37,233,1408320148,41,0
3,37,233,1408320158,41,0
3,37,233,1408320168,41,0
3,37,233,1408320178,41,0
3,37,233,1408320188,39,0
3,37,233,1408320198,37,0
3,36,233,1408320208,33,0
3,36,233,1408320218,29,0
3,36,233,1408320228,32,0
3,36,233,1408320238,34,0
3,36,233,1408320248,37,0
3,36,233,1408320258,38,0
3,36,233,1408320268,40,0
3,36,233,1408320278,41,0
3,36,233,1408320288,41,0
3,36,233,1408320298,40,0
3,35,232,1408320308,40,0
3,35,232,1408320318,40,0
3,35,232,1408320328,42,0
3,35,232,1408320338,41,0
3,35,232,1408320348,40,0
3,35,232,1408320358,37,0
3,35,232,1408320368,35,0
3,35,232,1408320378,30,0
3,35,232,1408320388,30,0
3,35,232,1408320398,36,0
3,35,231,1408320408,40,0
3,35,231,1408320418,41,0
3,35,231,1408320428,41,0
3,35,231,1408320438,40,0
3,35,231,1408320448,40,0
3,35,231,1408320458,41,0
3,35,231,1408320468,41,0
3,35,231,1408320478,41,0
3,35,231,1408320488,41,0
3,35,231,1408320498,40,0
3,35,231,1408320508,35,0
3,34,231,1408320518,29,0
3,34,231,1408320528,26,0
3,34,231,1408320538,34,0
3,34,231,1408320548,38,0
3,34,231,1408320558,41,0
3,34,231,1408320568,42,0
3,34,231,1408320578,43,0
3,34,231,1408320588,43,0
3,34,231,1408320598,45,0
3,34,231,1408320608,45,0
3,34,230,1408320618,44,0
3,34,230,1408320628,42,0
3,34,230,1408320638,41,0
3,34,230,1408320648,38,0
3,34,230,1408320658,35,0
3,34,230,1408320668,31,0
3,34,230,1408320678,34,0
3,34,230,1408320688,31,0
3,34,230,1408320698,31,0
3,34,230,1408320708,37,0
3,33,230,1408320718,39,0
3,33,230,1408320728,39,0
3,33,230,1408320738,40,0
3,33,230,1408320748,42,0
3,33,230,1408320758,42,0
3,33,230,1408320768,41,0
3,33,230,1408320778,40,0
3,33,230,1408320788,41,0
3,33,230,1408320798,40,0
3,33,230,1408320808,39,0
3,32,229,1408320818,38,0
3,32,229,1408320828,39,0
3,32,229,1408320838,39,0
3,32,229,1408320848,41,0
3,32,229,1408320858,41,0
3,32,229,1408320868,42,0
3,32,229,1408320878,41,0
3,32,229,1408320888,41,0
3,32,229,1408320898,42,0
3,32,229,1408320908,41,0
3,32,229,1408320918,40,0
3,32,229,1408320928,39,0
3,32,229,1408320938,35,0
3,32,229,1408320948,29,0
3,32,229,1408320958,27,0
3,32,229,1408320968,36,0
3,32,229,1408320978,38,0
3,32,229,1408320988,39,0
3,32,229,1408320998,39,0
3,32,229,1408321008,39,0
3,31,228,1408321018,40,0
3,31,228,1408321028,42,0
3,31,228,1408321038,42,0
3,31,228,1408321048,43,0
3,31,228,1408321058,42,0
3,31,228,1408321068,42,0
3,31,228,1408321078,41,0
3,31,228,1408321088,40,0
3,31,228,1408321098,40,0
3,31,228,1408321108,39,0
3,30,228,1408321118,38,0
3,30,228,1408321128,38,0
3,30,228,1408321138,38,0
3,30,228,1408321148,37,0
3,30,228,1408321158,37,0
3,30,228,1408321168,36,0
3,30,228,1408321178,38,0
3,30,228,1408321188,39,0
3,30,228,1408321198,34,0
3,30,228,1408321208,36,0
3,30,228,1408321218,37,0
3,30,228,1408321228,36,0
3,30,228,1408321238,39,0
3,30,228,1408321248,39,0
3,30,228,1408321258,40,0
3,30,228,1408321268,41,0
3,30,228,1408321278,42,0
3,30,228,1408321288,41,0
3,30,228,1408321298,41,0
3,30,228,1408321308,41,0
3,29,227,1408321318,41,0
3,29,227,1408321328,42,0
3,29,227,1408321338,41,0
3,29,227,1408321348,41,0
3,29,227,1408321358,39,0
3,29,227,1408321368,38,0
3,29,227,1408321378,35,0
3,29,227,1408321388,30,0
3,29,227,1408321398,23,0
3,29,227,1408321408,35,0
3,28,227,1408321418,37,0
3,28,227,1408321428,40,0
3,28,227,1408321438,42,0
3,28,227,1408321448,42,0
3,28,227,1408321458,43,0
3,28,227,1408321468,42,0
3,28,227,1408321478,42,0
3,28,227,1408321488,41,0
3,28,227,1408321498,40,0
3,28,227,1408321508,41,0
3,28,227,1408321518,42,0
3,28,226,1408321528,42,0
3,28,226,1408321538,39,0
3,28,226,1408321548,36,0
3,28,226,1408321558,36,0
3,28,226,1408321568,36,0
3,28,226,1408321578,37,0
3,28,226,1408321588,38,0
3,28,226,1408321598,40,0
3,28,226,1408321608,39,0
3,28,226,1408321618,38,0
3,27,226,1408321628,39,0
3,27,226,1408321638,40,0
3,27,226,1408321648,40,0
3,27,226,1408321658,41,0
3,27,226,1408321668,41,0
3,27,226,1408321678,40,0
3,27,226,1408321688,40,0
3,27,226,1408321698,40,0
3,26,226,1408321708,41,0
3,26,226,1408321718,41,0
3,26,226,1408321728,42,0
3,26,226,1408321738,43,0
3,26,226,1408321748,43,0
3,26,226,1408321758,41,0
3,26,226,1408321768,38,0
3,26,226,1408321778,34,0
3,26,226,1408321788,27,0
3,26,226,1408321798,31,0
3,26,226,1408321808,35,0
3,26,226,1408321818,40,0
3,25,225,1408321828,40,0
3,25,225,1408321838,41,0
3,25,225,1408321848,43,0
3,25,225,1408321858,43,0
3,25,225,1408321868,43,0
3,25,225,1408321878,43,0
3,25,225,1408321888,43,0
3,25,225,1408321898,42,0
3,25,225,1408321908,42,0
3,25,225,1408321918,41,0
3,25,225,1408321928,40,0
3,25,225,1408321938,36,0
3,25,225,1408321948,30,0
3,25,225,1408321958,29,0
3,25,225,1408321968,35,0
3,25,225,1408321978,37,0
3,25,225,1408321988,37,0
3,25,225,1408321998,40,0
3,25,225,1408322008,41,0
3,25,225,1408322018,41,0
3,24,225,1408322028,40,0
3,24,225,1408322038,40,0
3,24,225,1408322048,37,0
3,24,225,1408322058,37,0
3,24,225,1408322068,38,0
3,24,225,1408322078,40,0
3,24,225,1408322088,41,0
3,24,225,1408322098,42,0
3,24,225,1408322108,43,0
3,24,225,1408322118,43,0
3,23,224,1408322128,41,0
3,23,224,1408322138,40,0
3,23,224,1408322148,41,0
3,23,224,1408322158,40,0
3,23,224,1408322168,38,0
3,23,224,1408322178,37,0
3,23,224,1408322188,35,0
3,23,224,1408322198,32,0
3,23,224,1408322208,34,0
3,23,224,1408322218,37,0
3,23,224,1408322228,37,0
3,23,224,1408322238,38,0
3,23,224,1408322248,40,0
3,23,224,1408322258,42,0
3,23,224,1408322268,43,0
3,23,224,1408322278,43,0
3,23,224,1408322288,43,0
3,23,224,1408322298,42,0
3,23,224,1408322308,40,0
3,23,224,1408322318,38,0
3,22,224,1408322328,38,0
3,22,224,1408322338,37,0
3,22,224,1408322348,36,0
3,22,224,1408322358,35,0
3,22,224,1408322368,36,0
3,22,224,1408322378,36,0
3,22,224,1408322388,36,0
3,22,224,1408322398,39,0
3,22,224,1408322408,41,0
3,22,224,1408322418,40,0
3,21,223,1408322428,40,0
3,21,223,1408322438,39,0
3,21,223,1408322448,40,0
3,21,223,1408322458,40,0
3,21,223,1408322468,38,0
3,21,223,1408322478,36,0
3,21,223,1408322488,36,0
3,21,223,1408322498,37,0
3,21,223,1408322508,38,0
3,21,223,1408322518,39,0
3,21,223,1408322528,40,0
3,21,223,1408322538,41,0
3,21,223,1408322548,41,0
3,21,223,1408322558,42,0
3,21,223,1408322568,42,0
3,21,223,1408322578,41,0
3,21,223,1408322588,37,0
3,21,223,1408322598,34,0
3,21,223,1408322608,32,0
3,21,223,1408322618,31,0
3,21,223,1408322628,33,0
3,20,223,1408322638,38,0
3,20,223,1408322648,40,0
3,20,223,1408322658,40,0
3,20,223,1408322668,42,0
3,20,223,1408322678,42,0
3,20,223,1408322688,43,0
3,20,223,1408322698,43,0
3,20,223,1408322708,42,0
3,20,223,1408322718,41,0
3,20,223,1408322728,41,0
3,19,222,1408322738,40,0
3,19,222,1408322748,36,0
3,19,222,1408322758,35,0
3,19,222,1408322768,36,0
3,19,222,1408322778,37,0
3,19,222,1408322788,37,0
3,19,222,1408322798,37,0
3,19,222,1408322808,37,0
3,19,222,1408322818,38,0
3,19,222,1408322828,39,0
3,18,222,1408322838,40,0
3,18,222,1408322848,41,0
3,18,222,1408322858,41,0
3,18,222,1408322868,41,0
3,18,222,1408322878,39,0
3,18,222,1408322888,39,0
3,18,222,1408322898,40,0
3,18,222,1408322908,40,0
3,18,222,1408322918,38,0
3,18,222,1408322928,36,0
3,18,222,1408322938,36,0
3,18,222,1408322948,36,0
3,18,222,1408322958,37,0
3,18,222,1408322968,38,0
3,18,222,1408322978,41,0
3,18,222,1408322988,41,0
3,18,222,1408322998,42,0
3,18,222,1408323008,42,0
3,18,222,1408323018,42,0
3,18,222,1408323028,38,0
3,17,222,1408323038,33,0
3,17,222,1408323048,29,0
3,17,222,1408323058,37,0
3,17,222,1408323068,41,0
3,17,222,1408323078,43,0
3,17,222,1408323088,43,0
3,17,222,1408323098,42,0
3,17,222,1408323108,42,0
3,17,222,1408323118,42,0
3,17,222,1408323128,39,0
3,16,221,1408323138,40,0
3,16,221,1408323148,38,0
3,16,221,1408323158,36,0
3,16,221,1408323168,37,0
3,16,221,1408323178,37,0
3,16,221,1408323188,37,0
3,16,221,1408323198,37,0
3,16,221,1408323208,37,0
3,16,221,1408323218,37,0
3,16,221,1408323228,37,0
3,16,221,1408323238,37,0
3,16,221,1408323248,36,0
3,16,221,1408323258,39,0
3,16,221,1408323268,40,0
3,16,221,1408323278,41,0
3,16,221,1408323288,43,0
3,16,221,1408323298,42,0
3,16,221,1408323308,43,0
3,16,221,1408323318,42,0
3,16,221,1408323328,39,0
3,15,221,1408323338,35,0
3,15,221,1408323348,34,0
3,15,221,1408323358,33,0
3,15,221,1408323368,37,0
3,15,221,1408323378,36,0
3,15,221,1408323388,37,0
3,15,221,1408323398,39,0
3,15,221,1408323408,41,0
3,15,221,1408323418,43,0
3,15,221,1408323428,44,0
3,14,221,1408323438,43,0
3,14,221,1408323448,42,0
3,14,221,1408323458,37,0
3,14,221,1408323468,33,0
3,14,221,1408323478,36,0
3,14,221,1408323488,40,0
3,14,221,1408323498,40,0
3,14,221,1408323508,39,0
3,14,221,1408323518,38,0
3,14,221,1408323528,38,0
3,14,221,1408323538,37,0
3,14,221,1408323548,40,0
3,14,221,1408323558,40,0
3,14,221,1408323568,38,0
3,14,221,1408323578,36,0
3,14,221,1408323588,34,0
3,14,221,1408323598,36,0
3,14,221,1408323608,41,0
3,37,234,1408320018,39,0
3,37,234,1408320028,38,0
3,37,234,1408320038,38,0
3,37,234,1408320048,35,0
3,37,234,1408320058,34,0
3,37,234,1408320068,32,0
3,37,234,1408320078,34,0
3,37,234,1408320088,36,0
3,37,234,1408320098,39,0
3,37,233,1408320108,41,0
3,37,233,1408320118,41,0
3,37,233,1408320128,41,0
3,37,233,1408320138,41,0
3,37,233,1408320148,41,0
3,37,233,1408320158,41,0
3,37,233,1408320168,41,0
3,37,233,1408320178,41,0
3,37,233,1408320188,39,0
3,37,233,1408320198,37,0
3,36,233,1408320208,33,0
3,36,233,1408320218,29,0
3,36,233,1408320228,32,0
3,36,233,1408320238,34,0
3,36,233,1408320248,37,0
3,36,233,1408320258,38,0
3,36,233,1408320268,40,0
3,36,233,1408320278,41,0
3,36,233,1408320288,41,0
3,36,233,1408320298,40,0
3,35,232,1408320308,40,0
3,35,232,1408320318,40,0
3,35,232,1408320328,42,0
3,35,232,1408320338,41,0
3,35,232,1408320348,40,0
3,35,232,1408320358,37,0
3,35,232,1408320368,35,0
3,35,232,1408320378,30,0
3,35,232,1408320388,30,0
3,35,232,1408320398,36,0
3,35,231,1408320408,40,0
3,35,231,1408320418,41,0
3,35,231,1408320428,41,0
3,35,231,1408320438,40,0
3,35,231,1408320448,40,0
3,35,231,1408320458,41,0
3,35,231,1408320468,41,0
3,35,231,1408320478,41,0
3,35,231,1408320488,41,0
3,35,231,1408320498,40,0
3,35,231,1408320508,35,0
3,34,231,1408320518,29,0
3,34,231,1408320528,26,0
3,34,231,1408320538,34,0
3,34,231,1408320548,38,0
3,34,231,1408320558,41,0
3,34,231,1408320568,42,0
3,34,231,1408320578,43,0
3,34,231,1408320588,43,0
3,34,231,1408320598,45,0
3,34,231,1408320608,45,0
3,34,230,1408320618,44,0
3,34,230,1408320628,42,0
3,34,230,1408320638,41,0
3,34,230,1408320648,38,0
3,34,230,1408320658,35,0
3,34,230,1408320668,31,0
3,34,230,1408320678,34,0
3,34,230,1408320688,31,0
3,34,230,1408320698,31,0
3,34,230,1408320708,37,0
3,33,230,1408320718,39,0
3,33,230,1408320728,39,0
3,33,230,1408320738,40,0
3,33,230,1408320748,42,0
3,33,230,1408320758,42,0
3,33,230,1408320768,41,0
3,33,230,1408320778,40,0
3,33,230,1408320788,41,0
3,33,230,1408320798,40,0
3,33,230,1408320808,39,0
3,32,229,1408320818,38,0
3,32,229,1408320828,39,0
3,32,229,1408320838,39,0
3,32,229,1408320848,41,0
3,32,229,1408320858,41,0
3,32,229,1408320868,42,0
3,32,229,1408320878,41,0
3,32,229,1408320888,41,0
3,32,229,1408320898,42,0
3,32,229,1408320908,41,0
3,32,229,1408320918,40,0
3,32,229,1408320928,39,0
3,32,229,1408320938,35,0
3,32,229,1408320948,29,0
3,32,229,1408320958,27,0
3,32,229,1408320968,36,0
3,32,229,1408320978,38,0
3,32,229,1408320988,39,0
3,32,229,1408320998,39,0
3,32,229,1408321008,39,0
3,31,228,1408321018,40,0
3,31,228,1408321028,42,0
3,31,228,1408321038,42,0
3,31,228,1408321048,43,0
3,31,228,1408321058,42,0
3,31,228,1408321068,42,0
3,31,228,1408321078,41,0
3,31,228,1408321088,40,0
3,31,228,1408321098,40,0
3,31,228,1408321108,39,0
3,30,228,1408321118,38,0
3,30,228,1408321128,38,0
3,30,228,1408321138,38,0
3,30,228,1408321148,37,0
3,30,228,1408321158,37,0
3,30,228,1408321168,36,0
3,30,228,1408321178,38,0
3,30,228,1408321188,39,0
3,30,228,1408321198,34,0
3,30,228,1408321208,36,0
3,30,228,1408321218,37,0
3,30,228,1408321228,36,0
3,30,228,1408321238,39,0
3,30,228,1408321248,39,0
3,30,228,1408321258,40,0
3,30,228,1408321268,41,0
3,30,228,1408321278,42,0
3,30,228,1408321288,41,0
3,30,228,1408321298,41,0
3,30,228,1408321308,41,0
3,29,227,1408321318,41,0
3,29,227,1408321328,42,0
3,29,227,1408321338,41,0
3,29,227,1408321348,41,0
3,29,227,1408321358,39,0
3,29,227,1408321368,38,0
3,29,227,1408321378,35,0
3,29,227,1408321388,30,0
3,29,227,1408321398,23,0
3,29,227,1408321408,35,0
3,28,227,1408321418,37,0
3,28,227,1408321428,40,0
3,28,227,1408321438,42,0
3,28,227,1408321448,42,0
3,28,227,1408321458,43,0
3,28,227,1408321468,42,0
3,28,227,1408321478,42,0
3,28,227,1408321488,41,0
3,28,227,1408321498,40,0
3,28,227,1408321508,41,0
3,28,227,1408321518,42,0
3,28,226,1408321528,42,0
3,28,226,1408321538,39,0
3,28,226,1408321548,36,0
3,28,226,1408321558,36,0
3,28,226,1408321568,36,0
3,28,226,1408321578,37,0
3,28,226,1408321588,38,0
3,28,226,1408321598,40,0
3,28,226,1408321608,39,0
3,28,226,1408321618,38,0
3,27,226,1408321628,39,0
3,27,226,1408321638,40,0
3,27,226,1408321648,40,0
3,27,226,1408321658,41,0
3,27,226,1408321668,41,0
3,27,226,1408321678,40,0
3,27,226,1408321688,40,0
3,27,226,1408321698,40,0
3,26,226,1408321708,41,0
3,26,226,1408321718,41,0
3,26,226,1408321728,42,0
3,26,226,1408321738,43,0
3,26,226,1408321748,43,0
3,26,226,1408321758,41,0
3,26,226,1408321768,38,0
3,26,226,1408321778,34,0
3,26,226,1408321788,27,0
3,26,226,1408321798,31,0
3,26,226,1408321808,35,0
3,26,226,1408321818,40,0
3,25,225,1408321828,40,0
3,25,225,1408321838,41,0
3,25,225,1408321848,43,0
3,25,225,1408321858,43,0
3,25,225,1408321868,43,0
3,25,225,1408321878,43,0
3,25,225,1408321888,43,0
3,25,225,1408321898,42,0
3,25,225,1408321908,42,0
3,25,225,1408321918,41,0
3,25,225,1408321928,40,0
3,25,225,1408321938,36,0
3,25,225,1408321948,30,0
3,25,225,1408321958,29,0
3,25,225,1408321968,35,0
3,25,225,1408321978,37,0
3,25,225,1408321988,37,0
3,25,225,1408321998,40,0
3,25,225,1408322008,41,0
3,25,225,1408322018,41,0
3,24,225,1408322028,40,0
3,24,225,1408322038,40,0
3,24,225,1408322048,37,0
3,24,225,1408322058,37,0
3,24,225,1408322068,38,0
3,24,225,1408322078,40,0
3,24,225,1408322088,41,0
3,24,225,1408322098,42,0
3,24,225,1408322108,43,0
3,24,225,1408322118,43,0
3,23,224,1408322128,41,0
3,23,224,1408322138,40,0
3,23,224,1408322148,41,0
3,23,224,1408322158,40,0
3,23,224,1408322168,38,0
3,23,224,1408322178,37,0
3,23,224,1408322188,35,0
3,23,224,1408322198,32,0
3,23,224,1408322208,34,0
3,23,224,1408322218,37,0
3,23,224,1408322228,37,0
3,23,224,1408322238,38,0
3,23,224,1408322248,40,0
3,23,224,1408322258,42,0
3,23,224,1408322268,43,0
3,23,224,1408322278,43,0
3,23,224,1408322288,43,0
3,23,224,1408322298,42,0
3,23,224,1408322308,40,0
3,23,224,1408322318,38,0
3,22,224,1408322328,38,0
3,22,224,1408322338,37,0
3,22,224,1408322348,36,0
3,22,224,1408322358,35,0
3,22,224,1408322368,36,0
3,22,224,1408322378,36,0
3,22,224,1408322388,36,0
3,22,224,1408322398,39,0
3,22,224,1408322408,41,0
3,22,224,1408322418,40,0
3,21,223,1408322428,40,0
3,21,223,1408322438,39,0
3,21,223,1408322448,40,0
3,21,223,1408322458,40,0
3,21,223,1408322468,38,0
3,21,223,1408322478,36,0
3,21,223,1408322488,36,0
3,21,223,1408322498,37,0
3,21,223,1408322508,38,0
3,21,223,1408322518,39,0
3,21,223,1408322528,40,0
3,21,223,1408322538,41,0
3,21,223,1408322548,41,0
3,21,223,1408322558,42,0
3,21,223,1408322568,42,0
3,21,223,1408322578,41,0
3,21,223,1408322588,37,0
3,21,223,1408322598,34,0
3,21,223,1408322608,32,0
3,21,223,1408322618,31,0
3,21,223,1408322628,33,0
3,20,223,1408322638,38,0
3,20,223,1408322648,40,0
3,20,223,1408322658,40,0
3,20,223,1408322668,42,0
3,20,223,1408322678,42,0
3,20,223,1408322688,43,0
3,20,223,1408322698,43,0
3,20,223,1408322708,42,0
3,20,223,1408322718,41,0
3,20,223,1408322728,41,0
3,19,222,1408322738,40,0
3,19,222,1408322748,36,0
3,19,222,1408322758,35,0
3,19,222,1408322768,36,0
3,19,222,1408322778,37,0
3,19,222,1408322788,37,0
3,19,222,1408322798,37,0
3,19,222,1408322808,37,0
3,19,222,1408322818,38,0
3,19,222,1408322828,39,0
3,18,222,1408322838,40,0
3,18,222,1408322848,41,0
3,18,222,1408322858,41,0
3,18,222,1408322868,41,0
3,18,222,1408322878,39,0
3,18,222,1408322888,39,0
3,18,222,1408322898,40,0
3,18,222,1408322908,40,0
3,18,222,1408322918,38,0
3,18,222,1408322928,36,0
3,18,222,1408322938,36,0
3,18,222,1408322948,36,0
3,18,222,1408322958,37,0
3,18,222,1408322968,38,0
3,18,222,1408322978,41,0
3,18,222,1408322988,41,0
3,18,222,1408322998,42,0
3,18,222,1408323008,42,0
3,18,222,1408323018,42,0
3,18,222,1408323028,38,0
3,17,222,1408323038,33,0
3,17,222,1408323048,29,0
3,17,222,1408323058,37,0
3,17,222,1408323068,41,0
3,17,222,1408323078,43,0
3,17,222,1408323088,43,0
3,17,222,1408323098,42,0
3,17,222,1408323108,42,0
3,17,222,1408323118,42,0
3,17,222,1408323128,39,0
3,16,221,1408323138,40,0
3,16,221,1408323148,38,0
3,16,221,1408323158,36,0
3,16,221,1408323168,37,0
3,16,221,1408323178,37,0
3,16,221,1408323188,37,0
3,16,221,1408323198,37,0
3,16,221,1408323208,37,0
3,16,221,1408323218,37,0
3,16,221,1408323228,37,0
3,16,221,1408323238,37,0
3,16,221,1408323248,36,0
3,16,221,1408323258,39,0
3,16,221,1408323268,40,0
3,16,221,1408323278,41,0
3,16,221,1408323288,43,0
3,16,221,1408323298,42,0
3,16,221,1408323308,43,0
3,16,221,1408323318,42,0
3,16,221,1408323328,39,0
3,15,221,1408323338,35,0
3,15,221,1408323348,34,0
3,15,221,1408323358,33,0
3,15,221,1408323368,37,0
3,15,221,1408323378,36,0
3,15,221,1408323388,37,0
3,15,221,1408323398,39,0
3,15,221,1408323408,41,0
3,15,221,1408323418,43,0
3,15,221,1408323428,44,0
3,14,221,1408323438,43,0
3,14,221,1408323448,42,0
3,14,221,1408323458,37,0
3,14,221,1408323468,33,0
3,14,221,1408323478,36,0
3,14,221,1408323488,40,0
3,14,221,1408323498,40,0
3,14,221,1408323508,39,0
3,14,221,1408323518,38,0
3,14,221,1408323528,38,0
3,14,221,1408323538,37,0
3,14,221,1408323548,40,0
3,14,221,1408323558,40,0
3,14,221,1408323568,38,0
3,14,221,1408323578,36,0
3,14,221,1408323588,34,0
3,14,221,1408323598,36,0
3,14,221,1408323608,41,0
3,14,221,1408323618,43,0
3,14,221,1408323628,43,0
3,14,221,1408323638,42,0
3,13,220,1408323648,40,0
3,13,220,1408323658,30,0
3,13,220,1408323668,35,0
3,13,220,1408323678,39,0
3,13,220,1408323688,43,0
3,13,220,1408323698,42,0
3,13,220,1408323708,39,0
3,13,220,1408323718,33,0
3,13,220,1408323728,31,0
3,13,220,1408323738,41,0
3,12,220,1408323748,43,0
3,12,220,1408323758,45,0
3,12,220,1408323768,45,0
3,12,220,1408323778,43,0
3,12,220,1408323788,36,0
3,12,220,1408323798,22,0
3,12,220,1408323808,36,0
3,12,220,1408323818,39,0
3,12,220,1408323828,42,0
3,12,220,1408323838,40,0
3,11,220,1408323848,37,0
3,11,220,1408323858,37,0
3,11,220,1408323868,40,0
3,11,220,1408323878,43,0
3,11,220,1408323888,44,0
3,11,220,1408323898,44,0
3,11,220,1408323908,41,0
3,11,220,1408323918,35,0
3,11,220,1408323928,24,0
3,11,220,1408323938,38,0
3,11,220,1408323948,42,0
3,11,220,1408323958,44,0
3,11,220,1408323968,43,0
3,11,220,1408323978,40,0
3,11,220,1408323988,32,0
3,11,220,1408323998,33,0
3,11,220,1408324008,39,0
3,11,220,1408324018,42,0
3,11,220,1408324028,44,0
3,11,220,1408324038,43,0
3,10,220,1408324048,40,0
3,10,220,1408324058,33,0
3,10,220,1408324068,35,0
3,10,220,1408324078,40,0
3,10,220,1408324088,41,0
3,10,220,1408324098,42,0
3,10,220,1408324108,40,0
3,10,220,1408324118,38,0
3,10,220,1408324128,39,0
3,10,220,1408324138,42,0
3,9,219,1408324148,42,0
3,9,219,1408324158,42,0
3,9,219,1408324168,40,0
3,9,219,1408324178,33,0
3,9,219,1408324188,29,0
3,9,219,1408324198,40,0
3,9,219,1408324208,43,0
3,9,219,1408324218,45,0
3,9,219,1408324228,44,0
3,9,219,1408324238,43,0
3,9,219,1408324248,39,0
3,9,219,1408324258,32,0
3,9,219,1408324268,35,0
3,9,219,1408324278,39,0
3,9,219,1408324288,40,0
3,9,219,1408324298,40,0
3,9,219,1408324308,37,0
3,9,219,1408324318,35,0
3,9,219,1408324328,39,0
3,9,219,1408324338,43,0
3,8,219,1408324348,43,0
3,8,219,1408324358,43,0
3,8,219,1408324368,40,0
3,8,219,1408324378,34,0
3,8,219,1408324388,30,0
3,8,219,1408324398,39,0
3,8,219,1408324408,42,0
3,8,219,1408324418,43,0
3,8,219,1408324428,43,0
3,8,219,1408324438,40,0
3,7,219,1408324448,34,0
3,7,219,1408324458,32,0
3,7,219,1408324468,40,0
3,7,219,1408324478,41,0
3,7,219,1408324488,43,0
3,7,219,1408324498,42,0
3,7,219,1408324508,40,0
3,7,219,1408324518,34,0
3,7,219,1408324528,36,0
3,7,219,1408324538,39,0
3,7,219,1408324548,40,0
3,6,219,1408324558,39,0
3,6,219,1408324568,37,0
3,6,219,1408324578,33,0
3,6,219,1408324588,35,0
3,6,219,1408324598,39,0
3,6,219,1408324608,41,0
3,6,219,1408324618,42,0
3,6,219,1408324628,41,0
3,6,219,1408324638,38,0
3,6,219,1408324648,31,0
3,6,219,1408324658,30,0
3,6,219,1408324668,39,0
3,6,219,1408324678,43,0
3,6,219,1408324688,43,0
3,6,219,1408324698,42,0
3,6,219,1408324708,39,0
3,6,219,1408324718,35,0
3,6,219,1408324728,35,0
3,6,219,1408324738,38,0
3,6,219,1408324748,39,0
3,5,218,1408324758,42,0
3,5,218,1408324768,40,0
3,5,218,1408324778,34,0
3,5,218,1408324788,33,0
3,5,218,1408324798,39,0
3,5,218,1408324808,42,0
3,5,218,1408324818,43,0
3,5,218,1408324828,43,0
3,5,218,1408324838,41,0
3,5,218,1408324848,35,0
3,4,218,1408324868,34,0
3,4,218,1408324878,39,0
3,4,218,1408324888,41,0
3,4,218,1408324898,41,0
3,4,218,1408324908,39,0
3,4,218,1408324918,35,0
3,4,218,1408324928,36,0
3,4,218,1408324938,39,0
3,4,218,1408324948,41,0
3,4,218,1408324958,42,0
3,4,218,1408324968,42,0
3,4,218,1408324978,38,0
3,4,218,1408324988,30,0
3,4,218,1408324998,30,0
3,4,218,1408325008,39,0
3,4,218,1408325018,42,0
3,4,218,1408325028,42,0
3,4,218,1408325038,41,0
3,4,218,1408325048,38,0
3,3,218,1408325058,34,0
3,3,218,1408325068,34,0
3,3,218,1408325078,40,0
3,3,218,1408325088,41,0
3,3,218,1408325098,42,0
3,3,218,1408325108,40,0
3,3,218,1408325118,37,0
3,3,218,1408325128,28,0
3,3,218,1408325138,34,0
3,3,218,1408325148,40,0
3,2,218,1408325158,43,0
3,2,218,1408325168,44,0
3,2,218,1408325178,43,0
3,2,218,1408325188,40,0
3,2,218,1408325198,34,0
3,2,218,1408325208,29,0
3,2,218,1408325218,36,0
3,2,218,1408325228,41,0
3,2,218,1408325238,41,0
3,2,218,1408325248,42,0
3,2,218,1408325258,40,0
3,2,218,1408325268,34,0
3,2,218,1408325278,21,0
3,2,218,1408325288,34,0
3,2,218,1408325298,37,0
3,2,218,1408325308,41,0
3,2,218,1408325318,42,0
3,2,218,1408325328,39,0
3,2,218,1408325338,38,0
3,2,218,1408325348,28,0
3,1,217,1408325358,28,0
3,1,217,1408325368,38,0
3,1,217,1408325378,42,0
3,1,217,1408325388,41,0
3,1,217,1408325398,42,0
3,1,217,1408325408,39,0
3,1,217,1408325418,33,0
3,1,217,1408325428,23,0
3,1,217,1408325438,30,0
3,1,217,1408325448,39,0
3,0,217,1408325458,39,0
3,0,217,1408325468,43,0
3,0,217,1408325478,42,0
3,0,217,1408325488,39,0
3,0,217,1408325498,29,0
3,0,217,1408325508,22,0
3,0,217,1408325518,30,0
3,0,217,1408325528,37,0
3,0,217,1408325538,43,0
3,0,217,1408325548,41,0
3,0,217,1408325558,45,0
3,0,217,1408325568,39,0
3,0,217,1408325578,32,0
3,0,217,1408325588,24,0
3,0,217,1408325598,18,0
3,0,217,1408325618,15,0
3,0,217,1408325638,14,0
3,0,217,1408325658,13,0
3,14,221,1408323618,43,0
3,14,221,1408323628,43,0
3,14,221,1408323638,42,0
3,13,220,1408323648,40,0
3,13,220,1408323658,30,0
3,13,220,1408323668,35,0
3,13,220,1408323678,39,0
3,13,220,1408323688,43,0
3,13,220,1408323698,42,0
3,13,220,1408323708,39,0
3,13,220,1408323718,33,0
3,13,220,1408323728,31,0
3,13,220,1408323738,41,0
3,12,220,1408323748,43,0
3,12,220,1408323758,45,0
3,12,220,1408323768,45,0
3,12,220,1408323778,43,0
3,12,220,1408323788,36,0
3,12,220,1408323798,22,0
3,12,220,1408323808,36,0
3,12,220,1408323818,39,0
3,12,220,1408323828,42,0
3,12,220,1408323838,40,0
3,11,220,1408323848,37,0
3,11,220,1408323858,37,0
3,11,220,1408323868,40,0
3,11,220,1408323878,43,0
3,11,220,1408323888,44,0
3,11,220,1408323898,44,0
3,11,220,1408323908,41,0
3,11,220,1408323918,35,0
3,11,220,1408323928,24,0
3,11,220,1408323938,38,0
3,11,220,1408323948,42,0
3,11,220,1408323958,44,0
3,11,220,1408323968,43,0
3,11,220,1408323978,40,0
3,11,220,1408323988,32,0
3,11,220,1408323998,33,0
3,11,220,1408324008,39,0
3,11,220,1408324018,42,0
3,11,220,1408324028,44,0
3,11,220,1408324038,43,0
3,10,220,1408324048,40,0
3,10,220,1408324058,33,0
3,10,220,1408324068,35,0
3,10,220,1408324078,40,0
3,10,220,1408324088,41,0
3,10,220,1408324098,42,0
3,10,220,1408324108,40,0
3,10,220,1408324118,38,0
3,10,220,1408324128,39,0
3,10,220,1408324138,42,0
3,9,219,1408324148,42,0
3,9,219,1408324158,42,0
3,9,219,1408324168,40,0
3,9,219,1408324178,33,0
3,9,219,1408324188,29,0
3,9,219,1408324198,40,0
3,9,219,1408324208,43,0
3,9,219,1408324218,45,0
3,9,219,1408324228,44,0
3,9,219,1408324238,43,0
3,9,219,1408324248,39,0
3,9,219,1408324258,32,0
3,9,219,1408324268,35,0
3,9,219,1408324278,39,0
3,9,219,1408324288,40,0
3,9,219,1408324298,40,0
3,9,219,1408324308,37,0
3,9,219,1408324318,35,0
3,9,219,1408324328,39,0
3,9,219,1408324338,43,0
3,8,219,1408324348,43,0
3,8,219,1408324358,43,0
3,8,219,1408324368,40,0
3,8,219,1408324378,34,0
3,8,219,1408324388,30,0
3,8,219,1408324398,39,0
3,8,219,1408324408,42,0
3,8,219,1408324418,43,0
3,8,219,1408324428,43,0
3,8,219,1408324438,40,0
3,7,219,1408324448,34,0
3,7,219,1408324458,32,0
3,7,219,1408324468,40,0
3,7,219,1408324478,41,0
3,7,219,1408324488,43,0
3,7,219,1408324498,42,0
3,7,219,1408324508,40,0
3,7,219,1408324518,34,0
3,7,219,1408324528,36,0
3,7,219,1408324538,39,0
3,7,219,1408324548,40,0
3,6,219,1408324558,39,0
3,6,219,1408324568,37,0
3,6,219,1408324578,33,0
3,6,219,1408324588,35,0
3,6,219,1408324598,39,0
3,6,219,1408324608,41,0
3,6,219,1408324618,42,0
3,6,219,1408324628,41,0
3,6,219,1408324638,38,0
3,6,219,1408324648,31,0
3,6,219,1408324658,30,0
3,6,219,1408324668,39,0
3,6,219,1408324678,43,0
3,6,219,1408324688,43,0
3,6,219,1408324698,42,0
3,6,219,1408324708,39,0
3,6,219,1408324718,35,0
3,6,219,1408324728,35,0
3,6,219,1408324738,38,0
3,6,219,1408324748,39,0
3,5,218,1408324758,42,0
3,5,218,1408324768,40,0
3,5,218,1408324778,34,0
3,5,218,1408324788,33,0
3,5,218,1408324798,39,0
3,5,218,1408324808,42,0
3,5,218,1408324818,43,0
3,5,218,1408324828,43,0
3,5,218,1408324838,41,0
3,5,218,1408324848,35,0
3,4,218,1408324868,34,0
3,4,218,1408324878,39,0
3,4,218,1408324888,41,0
3,4,218,1408324898,41,0
3,4,218,1408324908,39,0
3,4,218,1408324918,35,0
3,4,218,1408324928,36,0
3,4,218,1408324938,39,0
3,4,218,1408324948,41,0
3,4,218,1408324958,42,0
3,4,218,1408324968,42,0
3,4,218,1408324978,38,0
3,4,218,1408324988,30,0
3,4,218,1408324998,30,0
3,4,218,1408325008,39,0
3,4,218,1408325018,42,0
3,4,218,1408325028,42,0
3,4,218,1408325038,41,0
3,4,218,1408325048,38,0
3,3,218,1408325058,34,0
3,3,218,1408325068,34,0
3,3,218,1408325078,40,0
3,3,218,1408325088,41,0
3,3,218,1408325098,42,0
3,3,218,1408325108,40,0
3,3,218,1408325118,37,0
3,3,218,1408325128,28,0
3,3,218,1408325138,34,0
3,3,218,1408325148,40,0
3,2,218,1408325158,43,0
3,2,218,1408325168,44,0
3,2,218,1408325178,43,0
3,2,218,1408325188,40,0
3,2,218,1408325198,34,0
3,2,218,1408325208,29,0
3,2,218,1408325218,36,0
3,2,218,1408325228,41,0
3,2,218,1408325238,41,0
3,2,218,1408325248,42,0
3,2,218,1408325258,40,0
3,2,218,1408325268,34,0
3,2,218,1408325278,21,0
3,2,218,1408325288,34,0
3,2,218,1408325298,37,0
3,2,218,1408325308,41,0
3,2,218,1408325318,42,0
3,2,218,1408325328,39,0
3,2,218,1408325338,38,0
3,2,218,1408325348,28,0
3,1,217,1408325358,28,0
3,1,217,1408325368,38,0
3,1,217,1408325378,42,0
3,1,217,1408325388,41,0
3,1,217,1408325398,42,0
3,1,217,1408325408,39,0
3,1,217,1408325418,33,0
3,1,217,1408325428,23,0
3,1,217,1408325438,30,0
3,1,217,1408325448,39,0
3,0,217,1408325458,39,0
3,0,217,1408325468,43,0
3,0,217,1408325478,42,0
3,0,217,1408325488,39,0
3,0,217,1408325498,29,0
3,0,217,1408325508,22,0
3,0,217,1408325518,30,0
3,0,217,1408325528,37,0
3,0,217,1408325538,43,0
3,0,217,1408325548,41,0
3,0,217,1408325558,45,0
3,0,217,1408325568,39,0
3,0,217,1408325578,32,0
3,0,217,1408325588,24,0
3,0,217,1408325598,18,0
3,0,217,1408325618,15,0
3,0,217,1408325638,14,0
3,0,217,1408325658,13,0
3,0,124,1408348428,14,0
3,0,124,1408348488,14,0
3,0,124,1408348498,13,0
3,0,124,1408348518,14,0
3,1,124,1408348588,14,0
3,1,124,1408348608,14,0
3,1,124,1408348638,12,0
3,1,124,1408348658,11,0
3,1,124,1408348668,14,0
3,2,124,1408348708,15,0
3,2,124,1408348718,14,0
3,2,124,1408348728,12,0
3,2,124,1408348738,12,0
3,2,124,1408348758,10,0
3,2,124,1408348768,12,0
3,2,124,1408348778,11,0
3,2,124,1408348788,15,0
3,2,123,1408348798,10,0
3,0,124,1408348428,14,0
3,0,124,1408348488,14,0
3,0,124,1408348498,13,0
3,0,124,1408348518,14,0
3,1,124,1408348588,14,0
3,1,124,1408348608,14,0
3,1,124,1408348638,12,0
3,1,124,1408348658,11,0
3,1,124,1408348668,14,0
3,2,124,1408348708,15,0
3,2,124,1408348718,14,0
3,2,124,1408348728,12,0
3,2,124,1408348738,12,0
3,2,124,1408348758,10,0
3,2,124,1408348768,12,0
3,2,124,1408348778,11,0
3,2,124,1408348788,15,0
3,2,123,1408348798,10,0
3,2,123,1408348818,12,0
3,2,123,1408348828,15,0
3,2,123,1408348838,14,0
3,2,123,1408348848,12,0
3,2,123,1408348858,13,0
3,2,123,1408348868,12,0
3,2,123,1408348878,16,0
3,2,123,1408348888,11,0
3,3,123,1408348918,14,0
3,3,123,1408348928,16,0
3,3,123,1408348938,10,0
3,3,123,1408348948,11,0
3,3,123,1408348968,15,0
3,3,123,1408348988,17,0
3,4,123,1408349008,18,0
3,4,123,1408349018,15,0
3,4,123,1408349038,14,0
3,4,123,1408349048,13,0
3,4,123,1408349058,16,0
3,4,123,1408349068,13,0
3,4,123,1408349098,15,0
3,4,123,1408349108,13,0
3,4,123,1408349118,15,0
3,4,123,1408349128,11,0
3,4,123,1408349138,14,0
3,4,123,1408349158,12,0
3,4,123,1408349168,17,0
3,4,123,1408349178,15,0
3,4,123,1408349188,13,0
3,5,123,1408349198,12,0
3,5,123,1408349208,13,0
3,5,123,1408349218,15,0
3,5,123,1408349228,14,0
3,5,123,1408349238,15,0
3,5,123,1408349248,13,0
3,5,123,1408349258,12,0
3,5,123,1408349268,12,0
3,5,123,1408349278,10,0
3,5,123,1408349288,12,0
3,6,122,1408349298,13,0
3,6,122,1408349308,14,0
3,6,122,1408349318,14,0
3,6,122,1408349328,15,0
3,6,122,1408349338,12,0
3,6,122,1408349368,12,0
3,6,122,1408349378,16,0
3,6,122,1408349388,14,0
3,6,122,1408349398,13,0
3,6,122,1408349408,15,0
3,6,122,1408349418,15,0
3,6,122,1408349428,12,0
3,6,122,1408349438,11,0
3,6,122,1408349448,13,0
3,6,122,1408349458,14,0
3,6,122,1408349468,12,0
3,6,122,1408349478,15,0
3,7,122,1408349498,15,0
3,7,122,1408349508,13,0
3,7,122,1408349528,14,0
3,7,122,1408349548,14,0
3,7,122,1408349558,12,0
3,8,122,1408349618,13,0
3,8,122,1408349628,12,0
3,8,122,1408349648,12,0
3,8,122,1408349658,19,0
3,8,122,1408349668,12,0
3,8,122,1408349688,15,0
3,8,121,1408349708,18,0
3,8,121,1408349718,14,0
3,8,121,1408349728,16,0
3,8,121,1408349748,15,0
3,8,121,1408349758,13,0
3,8,121,1408349768,15,0
3,8,121,1408349798,14,0
3,9,121,1408349808,13,0
3,9,121,1408349818,14,0
3,9,121,1408349828,12,0
3,9,121,1408349838,14,0
3,9,121,1408349848,18,0
3,9,121,1408349858,13,0
3,9,121,1408349868,12,0
3,9,121,1408349888,14,0
3,9,121,1408349898,13,0
3,10,121,1408349908,17,0
3,10,121,1408349918,14,0
3,10,121,1408349928,17,0
3,10,121,1408349958,13,0
3,10,121,1408349978,18,0
3,10,121,1408349988,16,0
3,10,121,1408349998,13,0
3,11,121,1408350008,13,0
3,11,121,1408350028,16,0
3,11,121,1408350038,10,0
3,11,121,1408350048,13,0
3,11,121,1408350068,15,0
3,11,121,1408350078,13,0
3,11,121,1408350098,19,0
3,11,120,1408350128,14,0
3,11,120,1408350138,16,0
3,11,120,1408350158,16,0
3,11,120,1408350168,13,0
3,12,120,1408350208,13,0
3,12,120,1408350228,14,0
3,12,120,1408350278,19,0
3,12,120,1408350288,14,0
3,12,120,1408350298,16,0
3,13,120,1408350308,13,0
3,13,120,1408350328,14,0
3,13,120,1408350338,12,0
3,13,120,1408350358,11,0
3,13,120,1408350368,18,0
3,13,120,1408350378,13,0
3,13,120,1408350388,10,0
3,13,120,1408350398,14,0
3,13,120,1408350418,12,0
3,13,120,1408350428,10,0
3,13,120,1408350448,12,0
3,13,120,1408350458,10,0
3,14,119,1408350508,13,0
3,14,119,1408350528,14,0
3,14,119,1408350538,11,0
3,14,119,1408350548,15,0
3,14,119,1408350558,13,0
3,14,119,1408350568,14,0
3,14,119,1408350588,14,0
3,14,119,1408350598,9,0
3,15,119,1408350658,12,0
3,15,119,1408350668,20,0
3,15,119,1408350678,15,0
3,15,119,1408350698,15,0
3,15,119,1408350708,13,0
3,15,119,1408350728,13,0
3,15,119,1408350758,14,0
3,15,119,1408350778,12,0
3,15,119,1408350788,16,0
3,15,119,1408350808,16,0
3,16,118,1408350818,14,0
3,16,118,1408350828,17,0
3,16,118,1408350838,14,0
3,16,118,1408350848,13,0
3,16,118,1408350858,17,0
3,16,118,1408350868,12,0
3,16,118,1408350878,21,0
3,16,118,1408350888,22,0
3,16,118,1408350898,21,0
3,16,118,1408350908,23,0
3,17,118,1408350918,19,0
3,17,118,1408350928,22,0
3,17,118,1408350938,25,0
3,17,118,1408350948,24,0
3,17,118,1408350958,23,0
3,17,118,1408350968,21,0
3,17,118,1408350978,23,0
3,17,118,1408350988,21,0
3,17,118,1408350998,21,0
3,17,118,1408351008,23,0
3,17,118,1408351018,22,0
3,17,118,1408351028,20,0
3,17,118,1408351038,25,0
3,17,118,1408351048,23,0
3,17,118,1408351058,25,0
3,17,118,1408351068,25,0
3,17,118,1408351078,26,0
3,17,118,1408351088,26,0
3,17,118,1408351098,28,0
3,18,118,1408351108,24,0
3,18,117,1408351118,25,0
3,18,117,1408351128,23,0
3,18,117,1408351138,22,0
3,18,117,1408351148,22,0
3,18,117,1408351158,26,0
3,18,117,1408351168,25,0
3,18,117,1408351178,24,0
3,18,117,1408351188,18,0
3,18,117,1408351198,23,0
3,18,117,1408351208,28,0
3,19,117,1408351218,23,0
3,19,117,1408351228,21,0
3,19,117,1408351238,17,0
3,19,117,1408351248,20,0
3,19,117,1408351258,21,0
3,19,117,1408351268,21,0
3,19,117,1408351278,20,0
3,19,117,1408351288,20,0
3,19,117,1408351298,19,0
3,19,117,1408351308,25,0
3,19,117,1408351318,29,0
3,19,117,1408351328,29,0
3,19,117,1408351338,28,0
3,19,117,1408351348,26,0
3,19,117,1408351358,28,0
3,19,117,1408351368,27,0
3,19,117,1408351378,28,0
3,19,117,1408351388,24,0
3,19,117,1408351398,21,0
3,19,117,1408351408,26,0
3,20,116,1408351418,26,0
3,20,116,1408351428,26,0
3,20,116,1408351438,23,0
3,20,116,1408351448,21,0
3,20,116,1408351458,21,0
3,20,116,1408351468,18,0
3,20,116,1408351478,17,0
3,20,116,1408351488,21,0
3,20,116,1408351498,27,0
3,20,116,1408351508,21,0
3,21,116,1408351518,21,0
3,21,116,1408351528,20,0
3,21,116,1408351538,20,0
3,21,116,1408351548,22,0
3,21,116,1408351558,15,0
3,21,116,1408351568,12,0
3,21,116,1408351578,18,0
3,21,116,1408351588,22,0
3,21,116,1408351598,26,0
3,21,116,1408351608,27,0
3,21,116,1408351618,25,0
3,21,116,1408351628,26,0
3,21,116,1408351638,26,0
3,21,116,1408351648,23,0
3,21,116,1408351658,20,0
3,21,116,1408351668,20,0
3,21,116,1408351678,20,0
3,21,116,1408351688,21,0
3,21,116,1408351698,20,0
3,21,116,1408351708,19,0
3,22,115,1408351718,22,0
3,22,115,1408351728,22,0
3,22,115,1408351738,22,0
3,22,115,1408351748,16,0
3,22,115,1408351758,14,0
3,22,115,1408351768,10,0
3,22,115,1408351778,13,0
3,22,115,1408351788,17,0
3,22,115,1408351798,9,0
3,22,115,1408351808,17,0
3,22,115,1408351818,14,0
3,23,115,1408351828,21,0
3,23,115,1408351838,25,0
3,23,115,1408351848,27,0
3,23,115,1408351858,27,0
3,23,115,1408351868,28,0
3,23,115,1408351878,22,0
3,23,115,1408351888,12,0
3,23,115,1408351898,8,0
3,23,115,1408351908,21,0
3,23,115,1408351918,21,0
3,23,115,1408351928,22,0
3,23,115,1408351938,22,0
3,23,115,1408351948,25,0
3,23,115,1408351958,28,0
3,23,115,1408351968,25,0
3,23,115,1408351978,21,0
3,23,115,1408351988,16,0
3,23,115,1408351998,19,0
3,23,115,1408352008,20,0
3,23,115,1408352018,18,0
3,24,114,1408352028,13,0
3,24,114,1408352038,10,0
3,24,114,1408352048,10,0
3,24,114,1408352058,15,0
3,24,114,1408352068,12,0
3,24,114,1408352078,22,0
3,24,114,1408352088,23,0
3,24,114,1408352098,27,0
3,24,114,1408352108,29,0
3,24,114,1408352118,27,0
3,25,114,1408352128,25,0
3,25,114,1408352138,21,0
3,25,114,1408352148,20,0
3,25,114,1408352158,18,0
3,25,114,1408352168,18,0
3,25,114,1408352178,23,0
3,25,114,1408352188,25,0
3,25,114,1408352198,26,0
3,25,114,1408352208,28,0
3,25,114,1408352218,30,0
3,25,113,1408352228,29,0
3,25,113,1408352238,27,0
3,25,113,1408352248,27,0
3,25,113,1408352258,26,0
3,25,113,1408352268,23,0
3,25,113,1408352278,22,0
3,25,113,1408352288,20,0
3,25,113,1408352298,18,0
3,25,113,1408352318,26,0
3,26,113,1408352328,28,0
3,26,113,1408352338,28,0
3,26,113,1408352348,28,0
3,26,113,1408352358,29,0
3,26,113,1408352368,31,0
3,26,113,1408352378,30,0
3,26,113,1408352388,28,0
3,26,113,1408352398,25,0
3,26,113,1408352408,24,0
3,2,123,1408348818,12,0
3,2,123,1408348828,15,0
3,2,123,1408348838,14,0
3,2,123,1408348848,12,0
3,2,123,1408348858,13,0
3,2,123,1408348868,12,0
3,2,123,1408348878,16,0
3,2,123,1408348888,11,0
3,3,123,1408348918,14,0
3,3,123,1408348928,16,0
3,3,123,1408348938,10,0
3,3,123,1408348948,11,0
3,3,123,1408348968,15,0
3,3,123,1408348988,17,0
3,4,123,1408349008,18,0
3,4,123,1408349018,15,0
3,4,123,1408349038,14,0
3,4,123,1408349048,13,0
3,4,123,1408349058,16,0
3,4,123,1408349068,13,0
3,4,123,1408349098,15,0
3,4,123,1408349108,13,0
3,4,123,1408349118,15,0
3,4,123,1408349128,11,0
3,4,123,1408349138,14,0
3,4,123,1408349158,12,0
3,4,123,1408349168,17,0
3,4,123,1408349178,15,0
3,4,123,1408349188,13,0
3,5,123,1408349198,12,0
3,5,123,1408349208,13,0
3,5,123,1408349218,15,0
3,5,123,1408349228,14,0
3,5,123,1408349238,15,0
3,5,123,1408349248,13,0
3,5,123,1408349258,12,0
3,5,123,1408349268,12,0
3,5,123,1408349278,10,0
3,5,123,1408349288,12,0
3,6,122,1408349298,13,0
3,6,122,1408349308,14,0
3,6,122,1408349318,14,0
3,6,122,1408349328,15,0
3,6,122,1408349338,12,0
3,6,122,1408349368,12,0
3,6,122,1408349378,16,0
3,6,122,1408349388,14,0
3,6,122,1408349398,13,0
3,6,122,1408349408,15,0
3,6,122,1408349418,15,0
3,6,122,1408349428,12,0
3,6,122,1408349438,11,0
3,6,122,1408349448,13,0
3,6,122,1408349458,14,0
3,6,122,1408349468,12,0
3,6,122,1408349478,15,0
3,7,122,1408349498,15,0
3,7,122,1408349508,13,0
3,7,122,1408349528,14,0
3,7,122,1408349548,14,0
3,7,122,1408349558,12,0
3,8,122,1408349618,13,0
3,8,122,1408349628,12,0
3,8,122,1408349648,12,0
3,8,122,1408349658,19,0
3,8,122,1408349668,12,0
3,8,122,1408349688,15,0
3,8,121,1408349708,18,0
3,8,121,1408349718,14,0
3,8,121,1408349728,16,0
3,8,121,1408349748,15,0
3,8,121,1408349758,13,0
3,8,121,1408349768,15,0
3,8,121,1408349798,14,0
3,9,121,1408349808,13,0
3,9,121,1408349818,14,0
3,9,121,1408349828,12,0
3,9,121,1408349838,14,0
3,9,121,1408349848,18,0
3,9,121,1408349858,13,0
3,9,121,1408349868,12,0
3,9,121,1408349888,14,0
3,9,121,1408349898,13,0
3,10,121,1408349908,17,0
3,10,121,1408349918,14,0
3,10,121,1408349928,17,0
3,10,121,1408349958,13,0
3,10,121,1408349978,18,0
3,10,121,1408349988,16,0
3,10,121,1408349998,13,0
3,11,121,1408350008,13,0
3,11,121,1408350028,16,0
3,11,121,1408350038,10,0
3,11,121,1408350048,13,0
3,11,121,1408350068,15,0
3,11,121,1408350078,13,0
3,11,121,1408350098,19,0
3,11,120,1408350128,14,0
3,11,120,1408350138,16,0
3,11,120,1408350158,16,0
3,11,120,1408350168,13,0
3,12,120,1408350208,13,0
3,12,120,1408350228,14,0
3,12,120,1408350278,19,0
3,12,120,1408350288,14,0
3,12,120,1408350298,16,0
3,13,120,1408350308,13,0
3,13,120,1408350328,14,0
3,13,120,1408350338,12,0
3,13,120,1408350358,11,0
3,13,120,1408350368,18,0
3,13,120,1408350378,13,0
3,13,120,1408350388,10,0
3,13,120,1408350398,14,0
3,13,120,1408350418,12,0
3,13,120,1408350428,10,0
3,13,120,1408350448,12,0
3,13,120,1408350458,10,0
3,14,119,1408350508,13,0
3,14,119,1408350528,14,0
3,14,119,1408350538,11,0
3,14,119,1408350548,15,0
3,14,119,1408350558,13,0
3,14,119,1408350568,14,0
3,14,119,1408350588,14,0
3,14,119,1408350598,9,0
3,15,119,1408350658,12,0
3,15,119,1408350668,20,0
3,15,119,1408350678,15,0
3,15,119,1408350698,15,0
3,15,119,1408350708,13,0
3,15,119,1408350728,13,0
3,15,119,1408350758,14,0
3,15,119,1408350778,12,0
3,15,119,1408350788,16,0
3,15,119,1408350808,16,0
3,16,118,1408350818,14,0
3,16,118,1408350828,17,0
3,16,118,1408350838,14,0
3,16,118,1408350848,13,0
3,16,118,1408350858,17,0
3,16,118,1408350868,12,0
3,16,118,1408350878,21,0
3,16,118,1408350888,22,0
3,16,118,1408350898,21,0
3,16,118,1408350908,23,0
3,17,118,1408350918,19,0
3,17,118,1408350928,22,0
3,17,118,1408350938,25,0
3,17,118,1408350948,24,0
3,17,118,1408350958,23,0
3,17,118,1408350968,21,0
3,17,118,1408350978,23,0
3,17,118,1408350988,21,0
3,17,118,1408350998,21,0
3,17,118,1408351008,23,0
3,17,118,1408351018,22,0
3,17,118,1408351028,20,0
3,17,118,1408351038,25,0
3,17,118,1408351048,23,0
3,17,118,1408351058,25,0
3,17,118,1408351068,25,0
3,17,118,1408351078,26,0
3,17,118,1408351088,26,0
3,17,118,1408351098,28,0
3,18,118,1408351108,24,0
3,18,117,1408351118,25,0
3,18,117,1408351128,23,0
3,18,117,1408351138,22,0
3,18,117,1408351148,22,0
3,18,117,1408351158,26,0
3,18,117,1408351168,25,0
3,18,117,1408351178,24,0
3,18,117,1408351188,18,0
3,18,117,1408351198,23,0
3,18,117,1408351208,28,0
3,19,117,1408351218,23,0
3,19,117,1408351228,21,0
3,19,117,1408351238,17,0
3,19,117,1408351248,20,0
3,19,117,1408351258,21,0
3,19,117,1408351268,21,0
3,19,117,1408351278,20,0
3,19,117,1408351288,20,0
3,19,117,1408351298,19,0
3,19,117,1408351308,25,0
3,19,117,1408351318,29,0
3,19,117,1408351328,29,0
3,19,117,1408351338,28,0
3,19,117,1408351348,26,0
3,19,117,1408351358,28,0
3,19,117,1408351368,27,0
3,19,117,1408351378,28,0
3,19,117,1408351388,24,0
3,19,117,1408351398,21,0
3,19,117,1408351408,26,0
3,20,116,1408351418,26,0
3,20,116,1408351428,26,0
3,20,116,1408351438,23,0
3,20,116,1408351448,21,0
3,20,116,1408351458,21,0
3,20,116,1408351468,18,0
3,20,116,1408351478,17,0
3,20,116,1408351488,21,0
3,20,116,1408351498,27,0
3,20,116,1408351508,21,0
3,21,116,1408351518,21,0
3,21,116,1408351528,20,0
3,21,116,1408351538,20,0
3,21,116,1408351548,22,0
3,21,116,1408351558,15,0
3,21,116,1408351568,12,0
3,21,116,1408351578,18,0
3,21,116,1408351588,22,0
3,21,116,1408351598,26,0
3,21,116,1408351608,27,0
3,21,116,1408351618,25,0
3,21,116,1408351628,26,0
3,21,116,1408351638,26,0
3,21,116,1408351648,23,0
3,21,116,1408351658,20,0
3,21,116,1408351668,20,0
3,21,116,1408351678,20,0
3,21,116,1408351688,21,0
3,21,116,1408351698,20,0
3,21,116,1408351708,19,0
3,22,115,1408351718,22,0
3,22,115,1408351728,22,0
3,22,115,1408351738,22,0
3,22,115,1408351748,16,0
3,22,115,1408351758,14,0
3,22,115,1408351768,10,0
3,22,115,1408351778,13,0
3,22,115,1408351788,17,0
3,22,115,1408351798,9,0
3,22,115,1408351808,17,0
3,22,115,1408351818,14,0
3,23,115,1408351828,21,0
3,23,115,1408351838,25,0
3,23,115,1408351848,27,0
3,23,115,1408351858,27,0
3,23,115,1408351868,28,0
3,23,115,1408351878,22,0
3,23,115,1408351888,12,0
3,23,115,1408351898,8,0
3,23,115,1408351908,21,0
3,23,115,1408351918,21,0
3,23,115,1408351928,22,0
3,23,115,1408351938,22,0
3,23,115,1408351948,25,0
3,23,115,1408351958,28,0
3,23,115,1408351968,25,0
3,23,115,1408351978,21,0
3,23,115,1408351988,16,0
3,23,115,1408351998,19,0
3,23,115,1408352008,20,0
3,23,115,1408352018,18,0
3,24,114,1408352028,13,0
3,24,114,1408352038,10,0
3,24,114,1408352048,10,0
3,24,114,1408352058,15,0
3,24,114,1408352068,12,0
3,24,114,1408352078,22,0
3,24,114,1408352088,23,0
3,24,114,1408352098,27,0
3,24,114,1408352108,29,0
3,24,114,1408352118,27,0
3,25,114,1408352128,25,0
3,25,114,1408352138,21,0
3,25,114,1408352148,20,0
3,25,114,1408352158,18,0
3,25,114,1408352168,18,0
3,25,114,1408352178,23,0
3,25,114,1408352188,25,0
3,25,114,1408352198,26,0
3,25,114,1408352208,28,0
3,25,114,1408352218,30,0
3,25,113,1408352228,29,0
3,25,113,1408352238,27,0
3,25,113,1408352248,27,0
3,25,113,1408352258,26,0
3,25,113,1408352268,23,0
3,25,113,1408352278,22,0
3,25,113,1408352288,20,0
3,25,113,1408352298,18,0
3,25,113,1408352318,26,0
3,26,113,1408352328,28,0
3,26,113,1408352338,28,0
3,26,113,1408352348,28,0
3,26,113,1408352358,29,0
3,26,113,1408352368,31,0
3,26,113,1408352378,30,0
3,26,113,1408352388,28,0
3,26,113,1408352398,25,0
3,26,113,1408352408,24,0
3,26,113,1408352418,23,0
3,27,112,1408352428,18,0
3,27,112,1408352438,23,0
3,27,112,1408352448,25,0
3,27,112,1408352458,26,0
3,27,112,1408352468,26,0
3,27,112,1408352478,27,0
3,27,112,1408352488,26,0
3,27,112,1408352498,26,0
3,27,112,1408352508,24,0
3,27,112,1408352518,27,0
3,27,112,1408352528,24,0
3,27,112,1408352538,21,0
3,27,112,1408352548,25,0
3,27,112,1408352558,18,0
3,27,112,1408352568,22,0
3,27,112,1408352578,26,0
3,27,112,1408352588,28,0
3,27,112,1408352598,27,0
3,27,112,1408352608,28,0
3,27,112,1408352618,27,0
3,28,111,1408352628,28,0
3,28,111,1408352638,27,0
3,28,111,1408352648,28,0
3,28,111,1408352658,27,0
3,28,111,1408352668,25,0
3,28,111,1408352678,24,0
3,28,111,1408352688,23,0
3,28,111,1408352708,18,0
3,29,111,1408352728,21,0
3,29,111,1408352738,22,0
3,29,111,1408352748,22,0
3,29,111,1408352758,27,0
3,29,111,1408352768,29,0
3,29,111,1408352778,27,0
3,29,111,1408352788,26,0
3,29,111,1408352798,24,0
3,29,111,1408352808,25,0
3,29,111,1408352818,24,0
3,29,111,1408352828,24,0
3,29,110,1408352838,26,0
3,29,110,1408352848,25,0
3,29,110,1408352858,21,0
3,29,110,1408352868,17,0
3,29,110,1408352878,20,0
3,29,110,1408352888,19,0
3,29,110,1408352898,22,0
3,29,110,1408352908,19,0
3,29,110,1408352918,20,0
3,29,110,1408352928,21,0
3,30,110,1408352938,22,0
3,30,110,1408352948,21,0
3,30,110,1408352958,21,0
3,30,110,1408352968,20,0
3,30,110,1408352978,16,0
3,30,110,1408352988,11,0
3,30,110,1408353008,22,0
3,30,110,1408353018,23,0
3,30,110,1408353028,22,0
3,30,109,1408353038,22,0
3,30,109,1408353048,25,0
3,30,109,1408353058,22,0
3,30,109,1408353068,22,0
3,30,109,1408353078,22,0
3,30,109,1408353088,15,0
3,30,109,1408353098,22,0
3,30,109,1408353108,18,0
3,30,109,1408353118,21,0
3,30,109,1408353128,22,0
3,31,109,1408353138,22,0
3,31,109,1408353148,22,0
3,31,109,1408353158,21,0
3,31,109,1408353168,25,0
3,31,109,1408353178,25,0
3,31,109,1408353188,26,0
3,31,109,1408353198,25,0
3,31,109,1408353208,23,0
3,31,109,1408353218,22,0
3,31,109,1408353228,16,0
3,32,108,1408353248,16,0
3,32,108,1408353258,12,0
3,32,108,1408353288,20,0
3,32,108,1408353298,20,0
3,32,108,1408353308,20,0
3,32,108,1408353318,21,0
3,32,108,1408353328,19,0
3,32,108,1408353338,20,0
3,32,108,1408353348,22,0
3,32,108,1408353358,26,0
3,32,108,1408353368,23,0
3,32,108,1408353378,25,0
3,32,108,1408353388,24,0
3,32,108,1408353398,21,0
3,32,108,1408353408,23,0
3,32,108,1408353418,21,0
3,32,108,1408353428,21,0
3,33,107,1408353438,21,0
3,33,107,1408353448,24,0
3,33,107,1408353458,27,0
3,33,107,1408353468,26,0
3,33,107,1408353478,27,0
3,33,107,1408353488,26,0
3,33,107,1408353498,28,0
3,33,107,1408353508,29,0
3,33,107,1408353518,27,0
3,33,107,1408353528,27,0
3,33,106,1408353538,28,0
3,33,106,1408353548,25,0
3,33,106,1408353558,24,0
3,33,106,1408353568,25,0
3,33,106,1408353578,25,0
3,33,106,1408353588,25,0
3,33,106,1408353598,26,0
3,33,106,1408353608,26,0
3,33,106,1408353618,27,0
3,33,106,1408353628,27,0
3,34,106,1408353638,26,0
3,34,106,1408353648,22,0
3,34,106,1408353658,22,0
3,34,106,1408353668,23,0
3,34,106,1408353678,22,0
3,34,106,1408353688,20,0
3,34,106,1408353698,25,0
3,34,106,1408353708,25,0
3,34,106,1408353718,25,0
3,34,106,1408353728,25,0
3,34,105,1408353738,22,0
3,34,105,1408353748,20,0
3,34,105,1408353758,21,0
3,34,105,1408353768,20,0
3,34,105,1408353778,23,0
3,34,105,1408353788,24,0
3,34,105,1408353798,25,0
3,34,105,1408353808,26,0
3,34,105,1408353818,25,0
3,34,105,1408353828,23,0
3,34,105,1408353838,23,0
3,35,104,1408353848,25,0
3,35,104,1408353858,25,0
3,35,104,1408353868,24,0
3,35,104,1408353878,24,0
3,35,104,1408353888,26,0
3,35,104,1408353898,25,0
3,35,104,1408353908,26,0
3,35,104,1408353918,25,0
3,35,104,1408353928,24,0
3,35,104,1408353938,24,0
3,35,104,1408353948,26,0
3,35,104,1408353958,25,0
3,35,104,1408353968,23,0
3,35,104,1408353978,22,0
3,35,104,1408353988,23,0
3,35,104,1408353998,23,0
3,35,104,1408354008,24,0
3,35,104,1408354018,24,0
3,35,104,1408354028,21,0
3,35,104,1408354038,25,0
3,36,103,1408354048,21,0
3,36,103,1408354058,18,0
3,36,103,1408354078,23,0
3,36,103,1408354088,23,0
3,36,103,1408354098,21,0
3,36,103,1408354108,24,0
3,36,103,1408354118,15,0
3,36,103,1408354128,11,0
3,36,102,1408354148,23,0
3,36,102,1408354158,23,0
3,36,102,1408354168,22,0
3,36,102,1408354178,24,0
3,36,102,1408354188,26,0
3,36,102,1408354198,24,0
3,36,102,1408354208,19,0
3,36,102,1408354218,12,0
3,36,102,1408354228,14,0
3,37,101,1408354248,14,0
3,37,101,1408354258,14,0
3,37,101,1408354278,16,0
3,37,101,1408354288,16,0
3,37,101,1408354298,18,0
3,37,101,1408354308,16,0
3,37,101,1408354318,14,0
3,37,101,1408354328,13,0
3,37,101,1408354338,11,0
3,37,101,1408354348,11,0
3,37,101,1408354358,21,0
3,37,101,1408354368,19,0
3,37,101,1408354378,19,0
3,37,101,1408354388,14,0
3,37,101,1408354398,18,0
3,37,101,1408354408,14,0
3,37,101,1408354418,15,0
3,38,100,1408354448,16,0
3,38,100,1408354458,16,0
3,38,100,1408354468,18,0
3,38,100,1408354478,20,0
3,38,100,1408354488,19,0
3,38,100,1408354498,17,0
3,38,100,1408354508,20,0
3,38,100,1408354518,20,0
3,38,100,1408354528,20,0
3,38,100,1408354538,19,0
3,38,99,1408354548,17,0
3,38,99,1408354558,12,0
3,38,99,1408354568,18,0
3,38,99,1408354588,16,0
3,38,99,1408354598,14,0
3,38,99,1408354608,16,0
3,38,99,1408354618,16,0
3,38,99,1408354628,17,0
3,38,99,1408354638,21,0
3,39,98,1408354648,21,0
3,39,98,1408354658,18,0
3,39,98,1408354678,16,0
3,39,98,1408354688,22,0
3,39,98,1408354698,22,0
3,39,98,1408354708,19,0
3,39,98,1408354718,18,0
3,39,98,1408354728,16,0
3,39,98,1408354738,15,0
3,39,97,1408354748,22,0
3,39,97,1408354758,20,0
3,39,97,1408354768,21,0
3,39,97,1408354778,17,0
3,39,97,1408354788,16,0
3,39,97,1408354798,16,0
3,39,97,1408354808,22,0
3,39,97,1408354818,16,0
3,39,97,1408354828,18,0
3,39,97,1408354838,19,0
3,39,97,1408354848,17,0
3,40,97,1408354858,7,0
3,40,97,1408354868,16,0
3,40,97,1408354878,16,0
3,40,97,1408354888,17,0
3,40,97,1408354898,20,0
3,40,97,1408354908,17,0
3,40,97,1408354918,11,0
3,40,97,1408354928,13,0
3,40,97,1408354938,17,0
3,40,97,1408354948,21,0
3,40,96,1408354958,19,0
3,40,96,1408354968,9,0
3,40,96,1408354978,12,0
3,40,96,1408354988,15,0
3,40,96,1408354998,12,0
3,40,96,1408355008,18,0
3,40,96,1408355018,19,0
3,40,96,1408355028,15,0
3,40,96,1408355038,16,0
3,40,96,1408355048,17,0
3,40,95,1408355058,21,0
3,40,95,1408355068,21,0
3,40,95,1408355078,13,0
3,40,95,1408355088,18,0
3,40,95,1408355098,25,0
3,40,95,1408355108,18,0
3,40,95,1408355118,14,0
3,40,95,1408355128,13,0
3,40,95,1408355138,20,0
3,40,95,1408355148,24,0
3,41,94,1408355158,21,0
3,41,94,1408355168,20,0
3,41,94,1408355178,15,0
3,41,94,1408355188,18,0
3,41,94,1408355198,9,0
3,41,94,1408355208,10,0
3,41,94,1408355218,18,0
3,41,94,1408355228,17,0
3,41,94,1408355238,12,0
3,41,94,1408355248,18,0
3,41,93,1408355258,19,0
3,41,93,1408355268,22,0
3,41,93,1408355278,23,0
3,41,93,1408355288,23,0
3,41,93,1408355298,21,0
3,41,93,1408355308,20,0
3,41,93,1408355318,19,0
3,41,93,1408355328,19,0
3,41,93,1408355338,23,0
3,41,93,1408355348,20,0
3,41,92,1408355358,21,0
3,41,92,1408355368,21,0
3,41,92,1408355378,21,0
3,41,92,1408355388,23,0
3,41,92,1408355398,26,0
3,41,92,1408355408,23,0
3,41,92,1408355418,25,0
3,41,92,1408355428,25,0
3,41,92,1408355438,26,0
3,41,92,1408355448,24,0
3,42,91,1408355468,20,0
3,42,91,1408355478,16,0
3,42,91,1408355498,22,0
3,42,91,1408355518,24,0
3,42,91,1408355528,22,0
3,42,90,1408355578,19,0
3,42,90,1408355588,12,0
3,42,90,1408355598,23,0
3,42,90,1408355608,22,0
3,42,90,1408355618,27,0
3,42,90,1408355628,25,0
3,42,90,1408355638,18,0
3,42,90,1408355648,21,0
3,42,89,1408355658,20,0
3,42,89,1408355668,22,0
3,42,89,1408355678,19,0
3,42,89,1408355688,20,0
3,42,89,1408355698,20,0
3,42,89,1408355708,24,0
3,42,89,1408355718,27,0
3,42,89,1408355728,25,0
3,42,89,1408355738,26,0
3,42,89,1408355748,22,0
3,42,88,1408355758,19,0
3,42,88,1408355768,20,0
3,42,88,1408355778,23,0
3,42,88,1408355788,21,0
3,42,88,1408355798,21,0
3,42,88,1408355808,21,0
3,42,88,1408355818,23,0
3,42,88,1408355828,24,0
3,42,88,1408355838,22,0
3,42,88,1408355848,25,0
3,42,88,1408355858,26,0
3,43,87,1408355868,27,0
3,43,87,1408355878,26,0
3,43,87,1408355888,26,0
3,43,87,1408355898,19,0
3,43,87,1408355908,23,0
3,43,87,1408355918,24,0
3,43,87,1408355928,25,0
3,43,87,1408355938,26,0
3,43,87,1408355948,25,0
3,43,87,1408355958,22,0
3,43,86,1408355968,22,0
3,43,86,1408355978,22,0
3,43,86,1408355988,20,0
3,43,86,1408355998,19,0
3,43,86,1408356008,21,0
3,26,113,1408352418,23,0
3,27,112,1408352428,18,0
3,27,112,1408352438,23,0
3,27,112,1408352448,25,0
3,27,112,1408352458,26,0
3,27,112,1408352468,26,0
3,27,112,1408352478,27,0
3,27,112,1408352488,26,0
3,27,112,1408352498,26,0
3,27,112,1408352508,24,0
3,27,112,1408352518,27,0
3,27,112,1408352528,24,0
3,27,112,1408352538,21,0
3,27,112,1408352548,25,0
3,27,112,1408352558,18,0
3,27,112,1408352568,22,0
3,27,112,1408352578,26,0
3,27,112,1408352588,28,0
3,27,112,1408352598,27,0
3,27,112,1408352608,28,0
3,27,112,1408352618,27,0
3,28,111,1408352628,28,0
3,28,111,1408352638,27,0
3,28,111,1408352648,28,0
3,28,111,1408352658,27,0
3,28,111,1408352668,25,0
3,28,111,1408352678,24,0
3,28,111,1408352688,23,0
3,28,111,1408352708,18,0
3,29,111,1408352728,21,0
3,29,111,1408352738,22,0
3,29,111,1408352748,22,0
3,29,111,1408352758,27,0
3,29,111,1408352768,29,0
3,29,111,1408352778,27,0
3,29,111,1408352788,26,0
3,29,111,1408352798,24,0
3,29,111,1408352808,25,0
3,29,111,1408352818,24,0
3,29,111,1408352828,24,0
3,29,110,1408352838,26,0
3,29,110,1408352848,25,0
3,29,110,1408352858,21,0
3,29,110,1408352868,17,0
3,29,110,1408352878,20,0
3,29,110,1408352888,19,0
3,29,110,1408352898,22,0
3,29,110,1408352908,19,0
3,29,110,1408352918,20,0
3,29,110,1408352928,21,0
3,30,110,1408352938,22,0
3,30,110,1408352948,21,0
3,30,110,1408352958,21,0
3,30,110,1408352968,20,0
3,30,110,1408352978,16,0
3,30,110,1408352988,11,0
3,30,110,1408353008,22,0
3,30,110,1408353018,23,0
3,30,110,1408353028,22,0
3,30,109,1408353038,22,0
3,30,109,1408353048,25,0
3,30,109,1408353058,22,0
3,30,109,1408353068,22,0
3,30,109,1408353078,22,0
3,30,109,1408353088,15,0
3,30,109,1408353098,22,0
3,30,109,1408353108,18,0
3,30,109,1408353118,21,0
3,30,109,1408353128,22,0
3,31,109,1408353138,22,0
3,31,109,1408353148,22,0
3,31,109,1408353158,21,0
3,31,109,1408353168,25,0
3,31,109,1408353178,25,0
3,31,109,1408353188,26,0
3,31,109,1408353198,25,0
3,31,109,1408353208,23,0
3,31,109,1408353218,22,0
3,31,109,1408353228,16,0
3,32,108,1408353248,16,0
3,32,108,1408353258,12,0
3,32,108,1408353288,20,0
3,32,108,1408353298,20,0
3,32,108,1408353308,20,0
3,32,108,1408353318,21,0
3,32,108,1408353328,19,0
3,32,108,1408353338,20,0
3,32,108,1408353348,22,0
3,32,108,1408353358,26,0
3,32,108,1408353368,23,0
3,32,108,1408353378,25,0
3,32,108,1408353388,24,0
3,32,108,1408353398,21,0
3,32,108,1408353408,23,0
3,32,108,1408353418,21,0
3,32,108,1408353428,21,0
3,33,107,1408353438,21,0
3,33,107,1408353448,24,0
3,33,107,1408353458,27,0
3,33,107,1408353468,26,0
3,33,107,1408353478,27,0
3,33,107,1408353488,26,0
3,33,107,1408353498,28,0
3,33,107,1408353508,29,0
3,33,107,1408353518,27,0
3,33,107,1408353528,27,0
3,33,106,1408353538,28,0
3,33,106,1408353548,25,0
3,33,106,1408353558,24,0
3,33,106,1408353568,25,0
3,33,106,1408353578,25,0
3,33,106,1408353588,25,0
3,33,106,1408353598,26,0
3,33,106,1408353608,26,0
3,33,106,1408353618,27,0
3,33,106,1408353628,27,0
3,34,106,1408353638,26,0
3,34,106,1408353648,22,0
3,34,106,1408353658,22,0
3,34,106,1408353668,23,0
3,34,106,1408353678,22,0
3,34,106,1408353688,20,0
3,34,106,1408353698,25,0
3,34,106,1408353708,25,0
3,34,106,1408353718,25,0
3,34,106,1408353728,25,0
3,34,105,1408353738,22,0
3,34,105,1408353748,20,0
3,34,105,1408353758,21,0
3,34,105,1408353768,20,0
3,34,105,1408353778,23,0
3,34,105,1408353788,24,0
3,34,105,1408353798,25,0
3,34,105,1408353808,26,0
3,34,105,1408353818,25,0
3,34,105,1408353828,23,0
3,34,105,1408353838,23,0
3,35,104,1408353848,25,0
3,35,104,1408353858,25,0
3,35,104,1408353868,24,0
3,35,104,1408353878,24,0
3,35,104,1408353888,26,0
3,35,104,1408353898,25,0
3,35,104,1408353908,26,0
3,35,104,1408353918,25,0
3,35,104,1408353928,24,0
3,35,104,1408353938,24,0
3,35,104,1408353948,26,0
3,35,104,1408353958,25,0
3,35,104,1408353968,23,0
3,35,104,1408353978,22,0
3,35,104,1408353988,23,0
3,35,104,1408353998,23,0
3,35,104,1408354008,24,0
3,35,104,1408354018,24,0
3,35,104,1408354028,21,0
3,35,104,1408354038,25,0
3,36,103,1408354048,21,0
3,36,103,1408354058,18,0
3,36,103,1408354078,23,0
3,36,103,1408354088,23,0
3,36,103,1408354098,21,0
3,36,103,1408354108,24,0
3,36,103,1408354118,15,0
3,36,103,1408354128,11,0
3,36,102,1408354148,23,0
3,36,102,1408354158,23,0
3,36,102,1408354168,22,0
3,36,102,1408354178,24,0
3,36,102,1408354188,26,0
3,36,102,1408354198,24,0
3,36,102,1408354208,19,0
3,36,102,1408354218,12,0
3,36,102,1408354228,14,0
3,37,101,1408354248,14,0
3,37,101,1408354258,14,0
3,37,101,1408354278,16,0
3,37,101,1408354288,16,0
3,37,101,1408354298,18,0
3,37,101,1408354308,16,0
3,37,101,1408354318,14,0
3,37,101,1408354328,13,0
3,37,101,1408354338,11,0
3,37,101,1408354348,11,0
3,37,101,1408354358,21,0
3,37,101,1408354368,19,0
3,37,101,1408354378,19,0
3,37,101,1408354388,14,0
3,37,101,1408354398,18,0
3,37,101,1408354408,14,0
3,37,101,1408354418,15,0
3,38,100,1408354448,16,0
3,38,100,1408354458,16,0
3,38,100,1408354468,18,0
3,38,100,1408354478,20,0
3,38,100,1408354488,19,0
3,38,100,1408354498,17,0
3,38,100,1408354508,20,0
3,38,100,1408354518,20,0
3,38,100,1408354528,20,0
3,38,100,1408354538,19,0
3,38,99,1408354548,17,0
3,38,99,1408354558,12,0
3,38,99,1408354568,18,0
3,38,99,1408354588,16,0
3,38,99,1408354598,14,0
3,38,99,1408354608,16,0
3,38,99,1408354618,16,0
3,38,99,1408354628,17,0
3,38,99,1408354638,21,0
3,39,98,1408354648,21,0
3,39,98,1408354658,18,0
3,39,98,1408354678,16,0
3,39,98,1408354688,22,0
3,39,98,1408354698,22,0
3,39,98,1408354708,19,0
3,39,98,1408354718,18,0
3,39,98,1408354728,16,0
3,39,98,1408354738,15,0
3,39,97,1408354748,22,0
3,39,97,1408354758,20,0
3,39,97,1408354768,21,0
3,39,97,1408354778,17,0
3,39,97,1408354788,16,0
3,39,97,1408354798,16,0
3,39,97,1408354808,22,0
3,39,97,1408354818,16,0
3,39,97,1408354828,18,0
3,39,97,1408354838,19,0
3,39,97,1408354848,17,0
3,40,97,1408354858,7,0
3,40,97,1408354868,16,0
3,40,97,1408354878,16,0
3,40,97,1408354888,17,0
3,40,97,1408354898,20,0
3,40,97,1408354908,17,0
3,40,97,1408354918,11,0
3,40,97,1408354928,13,0
3,40,97,1408354938,17,0
3,40,97,1408354948,21,0
3,40,96,1408354958,19,0
3,40,96,1408354968,9,0
3,40,96,1408354978,12,0
3,40,96,1408354988,15,0
3,40,96,1408354998,12,0
3,40,96,1408355008,18,0
3,40,96,1408355018,19,0
3,40,96,1408355028,15,0
3,40,96,1408355038,16,0
3,40,96,1408355048,17,0
3,40,95,1408355058,21,0
3,40,95,1408355068,21,0
3,40,95,1408355078,13,0
3,40,95,1408355088,18,0
3,40,95,1408355098,25,0
3,40,95,1408355108,18,0
3,40,95,1408355118,14,0
3,40,95,1408355128,13,0
3,40,95,1408355138,20,0
3,40,95,1408355148,24,0
3,41,94,1408355158,21,0
3,41,94,1408355168,20,0
3,41,94,1408355178,15,0
3,41,94,1408355188,18,0
3,41,94,1408355198,9,0
3,41,94,1408355208,10,0
3,41,94,1408355218,18,0
3,41,94,1408355228,17,0
3,41,94,1408355238,12,0
3,41,94,1408355248,18,0
3,41,93,1408355258,19,0
3,41,93,1408355268,22,0
3,41,93,1408355278,23,0
3,41,93,1408355288,23,0
3,41,93,1408355298,21,0
3,41,93,1408355308,20,0
3,41,93,1408355318,19,0
3,41,93,1408355328,19,0
3,41,93,1408355338,23,0
3,41,93,1408355348,20,0
3,41,92,1408355358,21,0
3,41,92,1408355368,21,0
3,41,92,1408355378,21,0
3,41,92,1408355388,23,0
3,41,92,1408355398,26,0
3,41,92,1408355408,23,0
3,41,92,1408355418,25,0
3,41,92,1408355428,25,0
3,41,92,1408355438,26,0
3,41,92,1408355448,24,0
3,42,91,1408355468,20,0
3,42,91,1408355478,16,0
3,42,91,1408355498,22,0
3,42,91,1408355518,24,0
3,42,91,1408355528,22,0
3,42,90,1408355578,19,0
3,42,90,1408355588,12,0
3,42,90,1408355598,23,0
3,42,90,1408355608,22,0
3,42,90,1408355618,27,0
3,42,90,1408355628,25,0
3,42,90,1408355638,18,0
3,42,90,1408355648,21,0
3,42,89,1408355658,20,0
3,42,89,1408355668,22,0
3,42,89,1408355678,19,0
3,42,89,1408355688,20,0
3,42,89,1408355698,20,0
3,42,89,1408355708,24,0
3,42,89,1408355718,27,0
3,42,89,1408355728,25,0
3,42,89,1408355738,26,0
3,42,89,1408355748,22,0
3,42,88,1408355758,19,0
3,42,88,1408355768,20,0
3,42,88,1408355778,23,0
3,42,88,1408355788,21,0
3,42,88,1408355798,21,0
3,42,88,1408355808,21,0
3,42,88,1408355818,23,0
3,42,88,1408355828,24,0
3,42,88,1408355838,22,0
3,42,88,1408355848,25,0
3,42,88,1408355858,26,0
3,43,87,1408355868,27,0
3,43,87,1408355878,26,0
3,43,87,1408355888,26,0
3,43,87,1408355898,19,0
3,43,87,1408355908,23,0
3,43,87,1408355918,24,0
3,43,87,1408355928,25,0
3,43,87,1408355938,26,0
3,43,87,1408355948,25,0
3,43,87,1408355958,22,0
3,43,86,1408355968,22,0
3,43,86,1408355978,22,0
3,43,86,1408355988,20,0
3,43,86,1408355998,19,0
3,43,86,1408356008,21,0
3,43,86,1408356018,21,0
3,43,86,1408356028,22,0
3,43,86,1408356038,22,0
3,43,86,1408356048,25,0
3,43,86,1408356058,25,0
3,43,85,1408356068,28,0
3,43,85,1408356078,22,0
3,43,85,1408356088,25,0
3,43,85,1408356098,25,0
3,43,85,1408356108,24,0
3,43,85,1408356118,23,0
3,43,85,1408356128,24,0
3,43,85,1408356138,23,0
3,43,85,1408356148,22,0
3,43,85,1408356158,24,0
3,43,84,1408356168,22,0
3,43,84,1408356178,24,0
3,43,84,1408356188,27,0
3,43,84,1408356198,25,0
3,43,84,1408356208,24,0
3,43,84,1408356218,21,0
3,43,84,1408356228,25,0
3,43,84,1408356238,27,0
3,43,84,1408356248,26,0
3,43,84,1408356258,22,0
3,43,83,1408356268,21,0
3,43,83,1408356278,23,0
3,43,83,1408356288,25,0
3,43,83,1408356298,26,0
3,43,83,1408356308,28,0
3,43,83,1408356318,27,0
3,43,83,1408356328,27,0
3,43,83,1408356338,26,0
3,43,83,1408356348,23,0
3,43,83,1408356358,27,0
3,43,82,1408356368,24,0
3,43,82,1408356378,28,0
3,43,82,1408356388,28,0
3,43,82,1408356398,25,0
3,43,82,1408356408,25,0
3,43,82,1408356418,26,0
3,43,82,1408356428,28,0
3,43,82,1408356438,28,0
3,43,82,1408356448,27,0
3,43,82,1408356458,28,0
3,44,81,1408356468,27,0
3,44,81,1408356478,26,0
3,44,81,1408356488,25,0
3,44,81,1408356498,27,0
3,44,81,1408356508,28,0
3,44,81,1408356518,28,0
3,44,81,1408356528,27,0
3,44,81,1408356538,26,0
3,44,81,1408356548,25,0
3,44,81,1408356558,27,0
3,44,80,1408356568,31,0
3,44,80,1408356578,29,0
3,44,80,1408356588,28,0
3,44,80,1408356598,28,0
3,44,80,1408356608,27,0
3,44,80,1408356618,27,0
3,44,80,1408356628,27,0
3,44,80,1408356638,25,0
3,44,80,1408356648,27,0
3,44,80,1408356658,26,0
3,44,79,1408356668,27,0
3,44,79,1408356678,28,0
3,44,79,1408356688,28,0
3,44,79,1408356698,28,0
3,44,79,1408356708,28,0
3,44,79,1408356718,26,0
3,44,79,1408356728,25,0
3,44,79,1408356738,24,0
3,44,79,1408356748,22,0
3,44,79,1408356758,20,0
3,44,78,1408356768,21,0
3,44,78,1408356778,18,0
3,44,78,1408356788,22,0
3,44,78,1408356798,23,0
3,44,78,1408356808,25,0
3,44,78,1408356818,26,0
3,44,78,1408356828,30,0
3,44,78,1408356838,27,0
3,44,78,1408356848,26,0
3,44,78,1408356858,27,0
3,44,78,1408356868,27,0
3,44,77,1408356878,27,0
3,44,77,1408356888,26,0
3,44,77,1408356898,28,0
3,44,77,1408356908,28,0
3,44,77,1408356918,28,0
3,44,77,1408356928,27,0
3,44,77,1408356938,27,0
3,44,77,1408356948,27,0
3,44,77,1408356958,29,0
3,44,77,1408356968,30,0
3,44,76,1408356978,30,0
3,44,76,1408356988,28,0
3,44,76,1408356998,27,0
3,44,76,1408357008,26,0
3,44,76,1408357018,26,0
3,44,76,1408357028,27,0
3,44,76,1408357038,25,0
3,44,76,1408357048,23,0
3,44,76,1408357058,24,0
3,44,76,1408357068,25,0
3,44,75,1408357078,23,0
3,44,75,1408357088,26,0
3,44,75,1408357098,26,0
3,44,75,1408357108,25,0
3,44,75,1408357118,25,0
3,44,75,1408357128,24,0
3,44,75,1408357138,26,0
3,44,75,1408357148,26,0
3,44,75,1408357158,26,0
3,44,75,1408357168,24,0
3,44,74,1408357178,25,0
3,44,74,1408357188,27,0
3,44,74,1408357198,22,0
3,44,74,1408357208,20,0
3,44,74,1408357218,22,0
3,44,74,1408357228,25,0
3,44,74,1408357238,24,0
3,44,74,1408357248,24,0
3,44,74,1408357258,24,0
3,44,74,1408357268,24,0
3,44,73,1408357278,26,0
3,44,73,1408357288,25,0
3,44,73,1408357298,26,0
3,44,73,1408357308,25,0
3,44,73,1408357318,26,0
3,44,73,1408357328,26,0
3,44,73,1408357338,24,0
3,44,73,1408357348,25,0
3,44,73,1408357358,24,0
3,44,73,1408357368,26,0
3,44,72,1408357378,25,0
3,44,72,1408357388,28,0
3,44,72,1408357398,25,0
3,44,72,1408357408,23,0
3,44,72,1408357418,22,0
3,44,72,1408357428,21,0
3,44,72,1408357438,23,0
3,44,72,1408357448,24,0
3,44,72,1408357458,24,0
3,44,72,1408357468,24,0
3,43,70,1408357478,26,0
3,43,70,1408357488,27,0
3,43,70,1408357498,26,0
3,43,70,1408357508,27,0
3,43,70,1408357518,29,0
3,43,70,1408357528,28,0
3,43,70,1408357538,28,0
3,43,70,1408357548,26,0
3,43,70,1408357558,25,0
3,43,70,1408357568,27,0
3,43,69,1408357578,27,0
3,43,69,1408357588,26,0
3,43,69,1408357598,28,0
3,43,69,1408357608,28,0
3,43,69,1408357618,27,0
3,43,69,1408357628,25,0
3,43,69,1408357638,23,0
3,43,69,1408357648,22,0
3,43,69,1408357658,25,0
3,43,69,1408357668,26,0
3,43,68,1408357678,28,0
3,43,68,1408357688,26,0
3,43,68,1408357698,27,0
3,43,68,1408357708,25,0
3,43,68,1408357718,25,0
3,43,68,1408357728,25,0
3,43,68,1408357738,24,0
3,43,68,1408357748,26,0
3,43,68,1408357758,25,0
3,43,68,1408357768,29,0
3,43,67,1408357778,28,0
3,43,67,1408357788,26,0
3,43,67,1408357798,26,0
3,43,67,1408357808,26,0
3,43,67,1408357818,23,0
3,43,67,1408357828,27,0
3,43,67,1408357838,26,0
3,43,67,1408357848,27,0
3,43,67,1408357858,28,0
3,43,67,1408357868,28,0
3,43,67,1408357878,27,0
3,43,66,1408357888,26,0
3,43,66,1408357898,26,0
3,43,66,1408357908,28,0
3,43,66,1408357918,28,0
3,43,66,1408357928,26,0
3,43,66,1408357938,24,0
3,43,66,1408357948,23,0
3,43,66,1408357958,26,0
3,43,66,1408357968,29,0
3,43,66,1408357978,28,0
3,43,65,1408357988,27,0
3,43,65,1408357998,26,0
3,43,65,1408358008,24,0
3,43,65,1408358028,25,0
3,43,65,1408358038,27,0
3,43,65,1408358048,26,0
3,43,65,1408358058,28,0
3,43,65,1408358068,26,0
3,43,65,1408358078,22,0
3,42,65,1408358088,17,0
3,42,65,1408358098,21,0
3,42,65,1408358108,23,0
3,42,65,1408358118,25,0
3,42,65,1408358128,25,0
3,42,65,1408358138,25,0
3,42,65,1408358148,24,0
3,42,65,1408358158,24,0
3,42,64,1408358188,26,0
3,42,64,1408358198,27,0
3,42,64,1408358208,27,0
3,42,64,1408358218,25,0
3,42,64,1408358238,25,0
3,42,64,1408358258,26,0
3,42,64,1408358268,25,0
3,42,64,1408358278,24,0
3,42,63,1408358288,24,0
3,42,63,1408358298,25,0
3,42,63,1408358308,28,0
3,42,63,1408358318,28,0
3,42,63,1408358328,28,0
3,42,63,1408358338,27,0
3,42,63,1408358348,26,0
3,42,63,1408358358,24,0
3,42,63,1408358368,21,0
3,42,63,1408358378,24,0
3,41,62,1408358388,25,0
3,41,62,1408358398,21,0
3,41,62,1408358408,24,0
3,41,62,1408358418,16,0
3,41,62,1408358428,8,0
3,41,62,1408358438,9,0
3,41,62,1408358448,20,0
3,41,62,1408358458,17,0
3,41,62,1408358468,16,0
3,41,62,1408358478,22,0
3,41,61,1408358488,18,0
3,41,61,1408358498,16,0
3,41,61,1408358508,21,0
3,41,61,1408358518,22,0
3,41,61,1408358528,22,0
3,41,61,1408358538,22,0
3,41,61,1408358548,22,0
3,41,61,1408358558,20,0
3,41,61,1408358568,22,0
3,41,61,1408358578,22,0
3,41,60,1408358588,19,0
3,41,60,1408358598,20,0
3,41,60,1408358608,20,0
3,41,60,1408358618,22,0
3,41,60,1408358628,23,0
3,41,60,1408358638,21,0
3,41,60,1408358648,15,0
3,41,60,1408358658,19,0
3,41,60,1408358668,24,0
3,41,60,1408358678,24,0
3,40,59,1408358688,24,0
3,40,59,1408358698,23,0
3,40,59,1408358708,21,0
3,40,59,1408358718,23,0
3,40,59,1408358728,23,0
3,40,59,1408358738,23,0
3,40,59,1408358748,22,0
3,40,59,1408358758,23,0
3,40,59,1408358768,25,0
3,40,59,1408358778,26,0
3,40,58,1408358788,26,0
3,40,58,1408358798,26,0
3,40,58,1408358808,23,0
3,40,58,1408358818,20,0
3,40,58,1408358828,20,0
3,40,58,1408358838,19,0
3,40,58,1408358848,21,0
3,40,58,1408358858,22,0
3,40,58,1408358868,22,0
3,40,57,1408358908,25,0
3,40,57,1408358918,24,0
3,40,57,1408358928,25,0
3,40,57,1408358938,25,0
3,40,57,1408358948,19,0
3,40,57,1408358958,22,0
3,40,57,1408358968,18,0
3,39,57,1408359018,22,0
3,39,57,1408359028,23,0
3,39,57,1408359038,21,0
3,39,57,1408359048,22,0
3,39,57,1408359058,22,0
3,39,57,1408359068,23,0
3,39,57,1408359078,22,0
3,39,57,1408359088,18,0
3,39,56,1408359098,19,0
3,39,56,1408359108,21,0
3,39,56,1408359118,22,0
3,39,56,1408359128,17,0
3,39,56,1408359138,16,0
3,39,56,1408359148,21,0
3,39,56,1408359158,21,0
3,39,56,1408359168,20,0
3,39,56,1408359178,21,0
3,39,56,1408359188,22,0
3,39,55,1408359198,24,0
3,39,55,1408359208,18,0
3,39,55,1408359218,21,0
3,39,55,1408359228,20,0
3,39,55,1408359238,22,0
3,39,55,1408359248,25,0
3,39,55,1408359258,25,0
3,39,55,1408359268,25,0
3,39,55,1408359278,27,0
3,39,55,1408359288,25,0
3,38,54,1408359298,22,0
3,38,54,1408359308,21,0
3,38,54,1408359318,17,0
3,38,54,1408359328,19,0
3,38,54,1408359338,21,0
3,38,54,1408359348,22,0
3,38,54,1408359358,24,0
3,38,54,1408359368,26,0
3,38,54,1408359378,25,0
3,38,54,1408359388,24,0
3,38,53,1408359398,23,0
3,38,53,1408359408,23,0
3,38,53,1408359418,24,0
3,38,53,1408359428,23,0
3,38,53,1408359438,22,0
3,38,53,1408359448,23,0
3,38,53,1408359458,23,0
3,38,53,1408359468,25,0
3,38,53,1408359478,24,0
3,38,53,1408359488,22,0
3,37,53,1408359498,21,0
3,37,53,1408359508,25,0
3,37,53,1408359518,25,0
3,37,53,1408359528,26,0
3,37,53,1408359538,26,0
3,37,53,1408359548,26,0
3,37,53,1408359558,26,0
3,37,53,1408359568,25,0
3,37,53,1408359578,26,0
3,37,53,1408359588,25,0
3,37,52,1408359598,22,0
3,37,52,1408359608,23,0
3,43,86,1408356018,21,0
3,43,86,1408356028,22,0
3,43,86,1408356038,22,0
3,43,86,1408356048,25,0
3,43,86,1408356058,25,0
3,43,85,1408356068,28,0
3,43,85,1408356078,22,0
3,43,85,1408356088,25,0
3,43,85,1408356098,25,0
3,43,85,1408356108,24,0
3,43,85,1408356118,23,0
3,43,85,1408356128,24,0
3,43,85,1408356138,23,0
3,43,85,1408356148,22,0
3,43,85,1408356158,24,0
3,43,84,1408356168,22,0
3,43,84,1408356178,24,0
3,43,84,1408356188,27,0
3,43,84,1408356198,25,0
3,43,84,1408356208,24,0
3,43,84,1408356218,21,0
3,43,84,1408356228,25,0
3,43,84,1408356238,27,0
3,43,84,1408356248,26,0
3,43,84,1408356258,22,0
3,43,83,1408356268,21,0
3,43,83,1408356278,23,0
3,43,83,1408356288,25,0
3,43,83,1408356298,26,0
3,43,83,1408356308,28,0
3,43,83,1408356318,27,0
3,43,83,1408356328,27,0
3,43,83,1408356338,26,0
3,43,83,1408356348,23,0
3,43,83,1408356358,27,0
3,43,82,1408356368,24,0
3,43,82,1408356378,28,0
3,43,82,1408356388,28,0
3,43,82,1408356398,25,0
3,43,82,1408356408,25,0
3,43,82,1408356418,26,0
3,43,82,1408356428,28,0
3,43,82,1408356438,28,0
3,43,82,1408356448,27,0
3,43,82,1408356458,28,0
3,44,81,1408356468,27,0
3,44,81,1408356478,26,0
3,44,81,1408356488,25,0
3,44,81,1408356498,27,0
3,44,81,1408356508,28,0
3,44,81,1408356518,28,0
3,44,81,1408356528,27,0
3,44,81,1408356538,26,0
3,44,81,1408356548,25,0
3,44,81,1408356558,27,0
3,44,80,1408356568,31,0
3,44,80,1408356578,29,0
3,44,80,1408356588,28,0
3,44,80,1408356598,28,0
3,44,80,1408356608,27,0
3,44,80,1408356618,27,0
3,44,80,1408356628,27,0
3,44,80,1408356638,25,0
3,44,80,1408356648,27,0
3,44,80,1408356658,26,0
3,44,79,1408356668,27,0
3,44,79,1408356678,28,0
3,44,79,1408356688,28,0
3,44,79,1408356698,28,0
3,44,79,1408356708,28,0
3,44,79,1408356718,26,0
3,44,79,1408356728,25,0
3,44,79,1408356738,24,0
3,44,79,1408356748,22,0
3,44,79,1408356758,20,0
3,44,78,1408356768,21,0
3,44,78,1408356778,18,0
3,44,78,1408356788,22,0
3,44,78,1408356798,23,0
3,44,78,1408356808,25,0
3,44,78,1408356818,26,0
3,44,78,1408356828,30,0
3,44,78,1408356838,27,0
3,44,78,1408356848,26,0
3,44,78,1408356858,27,0
3,44,78,1408356868,27,0
3,44,77,1408356878,27,0
3,44,77,1408356888,26,0
3,44,77,1408356898,28,0
3,44,77,1408356908,28,0
3,44,77,1408356918,28,0
3,44,77,1408356928,27,0
3,44,77,1408356938,27,0
3,44,77,1408356948,27,0
3,44,77,1408356958,29,0
3,44,77,1408356968,30,0
3,44,76,1408356978,30,0
3,44,76,1408356988,28,0
3,44,76,1408356998,27,0
3,44,76,1408357008,26,0
3,44,76,1408357018,26,0
3,44,76,1408357028,27,0
3,44,76,1408357038,25,0
3,44,76,1408357048,23,0
3,44,76,1408357058,24,0
3,44,76,1408357068,25,0
3,44,75,1408357078,23,0
3,44,75,1408357088,26,0
3,44,75,1408357098,26,0
3,44,75,1408357108,25,0
3,44,75,1408357118,25,0
3,44,75,1408357128,24,0
3,44,75,1408357138,26,0
3,44,75,1408357148,26,0
3,44,75,1408357158,26,0
3,44,75,1408357168,24,0
3,44,74,1408357178,25,0
3,44,74,1408357188,27,0
3,44,74,1408357198,22,0
3,44,74,1408357208,20,0
3,44,74,1408357218,22,0
3,44,74,1408357228,25,0
3,44,74,1408357238,24,0
3,44,74,1408357248,24,0
3,44,74,1408357258,24,0
3,44,74,1408357268,24,0
3,44,73,1408357278,26,0
3,44,73,1408357288,25,0
3,44,73,1408357298,26,0
3,44,73,1408357308,25,0
3,44,73,1408357318,26,0
3,44,73,1408357328,26,0
3,44,73,1408357338,24,0
3,44,73,1408357348,25,0
3,44,73,1408357358,24,0
3,44,73,1408357368,26,0
3,44,72,1408357378,25,0
3,44,72,1408357388,28,0
3,44,72,1408357398,25,0
3,44,72,1408357408,23,0
3,44,72,1408357418,22,0
3,44,72,1408357428,21,0
3,44,72,1408357438,23,0
3,44,72,1408357448,24,0
3,44,72,1408357458,24,0
3,44,72,1408357468,24,0
3,43,70,1408357478,26,0
3,43,70,1408357488,27,0
3,43,70,1408357498,26,0
3,43,70,1408357508,27,0
3,43,70,1408357518,29,0
3,43,70,1408357528,28,0
3,43,70,1408357538,28,0
3,43,70,1408357548,26,0
3,43,70,1408357558,25,0
3,43,70,1408357568,27,0
3,43,69,1408357578,27,0
3,43,69,1408357588,26,0
3,43,69,1408357598,28,0
3,43,69,1408357608,28,0
3,43,69,1408357618,27,0
3,43,69,1408357628,25,0
3,43,69,1408357638,23,0
3,43,69,1408357648,22,0
3,43,69,1408357658,25,0
3,43,69,1408357668,26,0
3,43,68,1408357678,28,0
3,43,68,1408357688,26,0
3,43,68,1408357698,27,0
3,43,68,1408357708,25,0
3,43,68,1408357718,25,0
3,43,68,1408357728,25,0
3,43,68,1408357738,24,0
3,43,68,1408357748,26,0
3,43,68,1408357758,25,0
3,43,68,1408357768,29,0
3,43,67,1408357778,28,0
3,43,67,1408357788,26,0
3,43,67,1408357798,26,0
3,43,67,1408357808,26,0
3,43,67,1408357818,23,0
3,43,67,1408357828,27,0
3,43,67,1408357838,26,0
3,43,67,1408357848,27,0
3,43,67,1408357858,28,0
3,43,67,1408357868,28,0
3,43,67,1408357878,27,0
3,43,66,1408357888,26,0
3,43,66,1408357898,26,0
3,43,66,1408357908,28,0
3,43,66,1408357918,28,0
3,43,66,1408357928,26,0
3,43,66,1408357938,24,0
3,43,66,1408357948,23,0
3,43,66,1408357958,26,0
3,43,66,1408357968,29,0
3,43,66,1408357978,28,0
3,43,65,1408357988,27,0
3,43,65,1408357998,26,0
3,43,65,1408358008,24,0
3,43,65,1408358028,25,0
3,43,65,1408358038,27,0
3,43,65,1408358048,26,0
3,43,65,1408358058,28,0
3,43,65,1408358068,26,0
3,43,65,1408358078,22,0
3,42,65,1408358088,17,0
3,42,65,1408358098,21,0
3,42,65,1408358108,23,0
3,42,65,1408358118,25,0
3,42,65,1408358128,25,0
3,42,65,1408358138,25,0
3,42,65,1408358148,24,0
3,42,65,1408358158,24,0
3,42,64,1408358188,26,0
3,42,64,1408358198,27,0
3,42,64,1408358208,27,0
3,42,64,1408358218,25,0
3,42,64,1408358238,25,0
3,42,64,1408358258,26,0
3,42,64,1408358268,25,0
3,42,64,1408358278,24,0
3,42,63,1408358288,24,0
3,42,63,1408358298,25,0
3,42,63,1408358308,28,0
3,42,63,1408358318,28,0
3,42,63,1408358328,28,0
3,42,63,1408358338,27,0
3,42,63,1408358348,26,0
3,42,63,1408358358,24,0
3,42,63,1408358368,21,0
3,42,63,1408358378,24,0
3,41,62,1408358388,25,0
3,41,62,1408358398,21,0
3,41,62,1408358408,24,0
3,41,62,1408358418,16,0
3,41,62,1408358428,8,0
3,41,62,1408358438,9,0
3,41,62,1408358448,20,0
3,41,62,1408358458,17,0
3,41,62,1408358468,16,0
3,41,62,1408358478,22,0
3,41,61,1408358488,18,0
3,41,61,1408358498,16,0
3,41,61,1408358508,21,0
3,41,61,1408358518,22,0
3,41,61,1408358528,22,0
3,41,61,1408358538,22,0
3,41,61,1408358548,22,0
3,41,61,1408358558,20,0
3,41,61,1408358568,22,0
3,41,61,1408358578,22,0
3,41,60,1408358588,19,0
3,41,60,1408358598,20,0
3,41,60,1408358608,20,0
3,41,60,1408358618,22,0
3,41,60,1408358628,23,0
3,41,60,1408358638,21,0
3,41,60,1408358648,15,0
3,41,60,1408358658,19,0
3,41,60,1408358668,24,0
3,41,60,1408358678,24,0
3,40,59,1408358688,24,0
3,40,59,1408358698,23,0
3,40,59,1408358708,21,0
3,40,59,1408358718,23,0
3,40,59,1408358728,23,0
3,40,59,1408358738,23,0
3,40,59,1408358748,22,0
3,40,59,1408358758,23,0
3,40,59,1408358768,25,0
3,40,59,1408358778,26,0
3,40,58,1408358788,26,0
3,40,58,1408358798,26,0
3,40,58,1408358808,23,0
3,40,58,1408358818,20,0
3,40,58,1408358828,20,0
3,40,58,1408358838,19,0
3,40,58,1408358848,21,0
3,40,58,1408358858,22,0
3,40,58,1408358868,22,0
3,40,57,1408358908,25,0
3,40,57,1408358918,24,0
3,40,57,1408358928,25,0
3,40,57,1408358938,25,0
3,40,57,1408358948,19,0
3,40,57,1408358958,22,0
3,40,57,1408358968,18,0
3,39,57,1408359018,22,0
3,39,57,1408359028,23,0
3,39,57,1408359038,21,0
3,39,57,1408359048,22,0
3,39,57,1408359058,22,0
3,39,57,1408359068,23,0
3,39,57,1408359078,22,0
3,39,57,1408359088,18,0
3,39,56,1408359098,19,0
3,39,56,1408359108,21,0
3,39,56,1408359118,22,0
3,39,56,1408359128,17,0
3,39,56,1408359138,16,0
3,39,56,1408359148,21,0
3,39,56,1408359158,21,0
3,39,56,1408359168,20,0
3,39,56,1408359178,21,0
3,39,56,1408359188,22,0
3,39,55,1408359198,24,0
3,39,55,1408359208,18,0
3,39,55,1408359218,21,0
3,39,55,1408359228,20,0
3,39,55,1408359238,22,0
3,39,55,1408359248,25,0
3,39,55,1408359258,25,0
3,39,55,1408359268,25,0
3,39,55,1408359278,27,0
3,39,55,1408359288,25,0
3,38,54,1408359298,22,0
3,38,54,1408359308,21,0
3,38,54,1408359318,17,0
3,38,54,1408359328,19,0
3,38,54,1408359338,21,0
3,38,54,1408359348,22,0
3,38,54,1408359358,24,0
3,38,54,1408359368,26,0
3,38,54,1408359378,25,0
3,38,54,1408359388,24,0
3,38,53,1408359398,23,0
3,38,53,1408359408,23,0
3,38,53,1408359418,24,0
3,38,53,1408359428,23,0
3,38,53,1408359438,22,0
3,38,53,1408359448,23,0
3,38,53,1408359458,23,0
3,38,53,1408359468,25,0
3,38,53,1408359478,24,0
3,38,53,1408359488,22,0
3,37,53,1408359498,21,0
3,37,53,1408359508,25,0
3,37,53,1408359518,25,0
3,37,53,1408359528,26,0
3,37,53,1408359538,26,0
3,37,53,1408359548,26,0
3,37,53,1408359558,26,0
3,37,53,1408359568,25,0
3,37,53,1408359578,26,0
3,37,53,1408359588,25,0
3,37,52,1408359598,22,0
3,37,52,1408359608,23,0
3,37,52,1408359618,22,0
3,37,52,1408359628,23,0
3,37,52,1408359638,26,0
3,37,52,1408359648,24,0
3,37,52,1408359658,24,0
3,37,52,1408359668,23,0
3,37,52,1408359678,24,0
3,37,52,1408359688,26,0
3,36,51,1408359698,26,0
3,36,51,1408359708,22,0
3,36,51,1408359718,21,0
3,36,51,1408359728,20,0
3,36,51,1408359738,19,0
3,36,51,1408359748,19,0
3,36,51,1408359758,23,0
3,36,51,1408359768,25,0
3,36,51,1408359778,27,0
3,36,51,1408359788,28,0
3,36,51,1408359798,27,0
3,36,51,1408359808,25,0
3,36,51,1408359818,23,0
3,36,51,1408359828,20,0
3,36,51,1408359838,17,0
3,36,51,1408359848,9,0
3,36,51,1408359858,22,0
3,36,51,1408359868,21,0
3,36,51,1408359878,21,0
3,36,51,1408359888,22,0
3,36,51,1408359898,21,0
3,35,50,1408359908,20,0
3,35,50,1408359918,22,0
3,35,50,1408359928,22,0
3,35,50,1408359938,22,0
3,35,50,1408359948,22,0
3,35,50,1408359958,24,0
3,35,50,1408359968,25,0
3,35,50,1408359978,26,0
3,35,50,1408359988,26,0
3,35,50,1408359998,27,0
3,35,49,1408360008,27,0
3,35,49,1408360018,25,0
3,35,49,1408360028,23,0
3,35,49,1408360038,23,0
3,35,49,1408360048,19,0
3,35,49,1408360058,19,0
3,35,49,1408360068,20,0
3,35,49,1408360078,20,0
3,35,49,1408360088,22,0
3,35,49,1408360098,22,0
3,34,49,1408360108,22,0
3,34,49,1408360118,22,0
3,34,49,1408360128,22,0
3,34,49,1408360138,22,0
3,34,49,1408360148,18,0
3,34,49,1408360158,20,0
3,34,49,1408360168,17,0
3,34,49,1408360178,17,0
3,34,49,1408360188,17,0
3,34,49,1408360198,16,0
3,34,48,1408360208,21,0
3,34,48,1408360218,21,0
3,34,48,1408360228,25,0
3,34,48,1408360238,25,0
3,34,48,1408360248,24,0
3,34,48,1408360258,23,0
3,34,48,1408360268,22,0
3,34,48,1408360278,22,0
3,34,48,1408360288,24,0
3,34,48,1408360298,23,0
3,33,48,1408360308,22,0
3,33,48,1408360318,21,0
3,33,48,1408360328,21,0
3,33,48,1408360338,21,0
3,33,48,1408360348,21,0
3,33,48,1408360358,21,0
3,33,48,1408360368,23,0
3,33,48,1408360378,26,0
3,33,48,1408360388,24,0
3,33,48,1408360398,25,0
3,32,47,1408360408,27,0
3,32,47,1408360418,27,0
3,32,47,1408360428,26,0
3,32,47,1408360438,25,0
3,32,47,1408360448,23,0
3,32,47,1408360458,21,0
3,32,47,1408360468,19,0
3,32,47,1408360478,18,0
3,32,47,1408360488,17,0
3,32,47,1408360498,23,0
3,32,47,1408360508,24,0
3,32,47,1408360518,25,0
3,32,47,1408360528,23,0
3,32,47,1408360538,23,0
3,32,47,1408360548,22,0
3,32,47,1408360558,22,0
3,32,47,1408360568,21,0
3,32,47,1408360578,19,0
3,32,47,1408360588,20,0
3,32,47,1408360598,21,0
3,31,46,1408360608,20,0
3,31,46,1408360618,20,0
3,31,46,1408360628,25,0
3,31,46,1408360638,26,0
3,31,46,1408360648,25,0
3,31,46,1408360658,20,0
3,31,46,1408360668,17,0
3,31,46,1408360678,16,0
3,31,46,1408360688,16,0
3,31,46,1408360698,7,0
3,31,46,1408360708,13,0
3,31,46,1408360718,16,0
3,31,46,1408360728,19,0
3,31,46,1408360738,22,0
3,31,46,1408360748,19,0
3,31,46,1408360758,21,0
3,31,46,1408360768,20,0
3,31,46,1408360778,20,0
3,31,46,1408360788,23,0
3,31,46,1408360798,25,0
3,30,45,1408360808,25,0
3,30,45,1408360818,26,0
3,30,45,1408360828,26,0
3,30,45,1408360838,24,0
3,30,45,1408360848,22,0
3,30,45,1408360858,22,0
3,30,45,1408360868,21,0
3,30,45,1408360878,21,0
3,30,45,1408360888,19,0
3,30,45,1408360898,21,0
3,30,45,1408360908,20,0
3,30,45,1408360918,24,0
3,30,45,1408360928,22,0
3,30,45,1408360938,25,0
3,30,45,1408360948,25,0
3,30,45,1408360958,27,0
3,30,45,1408360968,27,0
3,30,45,1408360978,28,0
3,30,45,1408360988,27,0
3,30,45,1408360998,26,0
3,30,45,1408361008,26,0
3,29,44,1408361018,24,0
3,29,44,1408361028,23,0
3,29,44,1408361038,24,0
3,29,44,1408361048,25,0
3,29,44,1408361058,24,0
3,29,44,1408361068,21,0
3,29,44,1408361078,20,0
3,29,44,1408361088,22,0
3,29,44,1408361098,22,0
3,29,44,1408361108,23,0
3,28,44,1408361118,24,0
3,28,44,1408361128,25,0
3,28,44,1408361138,24,0
3,28,44,1408361148,25,0
3,28,44,1408361158,24,0
3,28,44,1408361168,23,0
3,28,44,1408361178,23,0
3,28,44,1408361188,21,0
3,28,44,1408361198,22,0
3,28,44,1408361208,25,0
3,28,43,1408361218,25,0
3,28,43,1408361228,25,0
3,28,43,1408361238,23,0
3,28,43,1408361248,22,0
3,28,43,1408361258,20,0
3,28,43,1408361268,20,0
3,28,43,1408361278,17,0
3,28,43,1408361288,20,0
3,27,43,1408361348,25,0
3,27,43,1408361358,22,0
3,26,42,1408361518,20,0
3,26,42,1408361528,22,0
3,26,42,1408361538,23,0
3,26,42,1408361548,24,0
3,26,42,1408361558,23,0
3,26,42,1408361568,22,0
3,26,42,1408361578,21,0
3,25,42,1408361628,13,0
3,25,42,1408361648,15,0
3,25,42,1408361658,17,0
3,25,42,1408361668,18,0
3,25,42,1408361678,19,0
3,25,42,1408361688,20,0
3,25,41,1408361718,12,0
3,25,41,1408361748,21,0
3,25,41,1408361758,16,0
3,25,41,1408361768,13,0
3,25,41,1408361798,15,0
3,25,41,1408361808,16,0
3,24,41,1408361818,19,0
3,24,41,1408361828,20,0
3,24,41,1408361838,15,0
3,24,41,1408361848,14,0
3,24,41,1408361858,15,0
3,24,41,1408361868,21,0
3,24,41,1408361878,22,0
3,24,41,1408361888,23,0
3,24,41,1408361898,22,0
3,24,41,1408361908,23,0
3,24,41,1408361918,23,0
3,23,41,1408361928,21,0
3,23,41,1408361938,20,0
3,23,41,1408361948,14,0
3,23,41,1408361958,14,0
3,23,41,1408361968,19,0
3,23,41,1408361978,15,0
3,23,41,1408361988,12,0
3,23,41,1408361998,23,0
3,23,41,1408362008,22,0
3,23,41,1408362018,25,0
3,23,40,1408362028,25,0
3,23,40,1408362038,24,0
3,23,40,1408362048,25,0
3,23,40,1408362058,22,0
3,23,40,1408362068,20,0
3,23,40,1408362078,21,0
3,23,40,1408362088,19,0
3,23,40,1408362108,21,0
3,23,40,1408362118,17,0
3,22,40,1408362128,16,0
3,22,40,1408362138,15,0
3,22,40,1408362148,16,0
3,22,40,1408362158,15,0
3,22,40,1408362168,13,0
3,22,40,1408362178,17,0
3,22,40,1408362188,15,0
3,22,40,1408362218,19,0
3,21,40,1408362228,15,0
3,21,40,1408362238,14,0
3,21,40,1408362248,20,0
3,21,40,1408362258,20,0
3,21,40,1408362268,20,0
3,21,40,1408362278,22,0
3,21,40,1408362288,22,0
3,21,40,1408362298,22,0
3,21,40,1408362308,24,0
3,21,40,1408362318,23,0
3,21,40,1408362328,22,0
3,21,40,1408362338,23,0
3,21,40,1408362348,21,0
3,21,40,1408362368,21,0
3,21,40,1408362378,21,0
3,21,40,1408362388,21,0
3,21,40,1408362398,21,0
3,21,40,1408362408,21,0
3,21,40,1408362418,21,0
3,20,39,1408362428,20,0
3,20,39,1408362438,19,0
3,20,39,1408362448,21,0
3,20,39,1408362458,21,0
3,20,39,1408362468,14,0
3,20,39,1408362478,14,0
3,20,39,1408362488,21,0
3,20,39,1408362498,22,0
3,20,39,1408362508,23,0
3,20,39,1408362518,23,0
3,19,39,1408362528,24,0
3,19,39,1408362538,24,0
3,19,39,1408362548,24,0
3,19,39,1408362558,23,0
3,19,39,1408362568,19,0
3,19,39,1408362578,18,0
3,19,39,1408362588,18,0
3,19,39,1408362598,20,0
3,19,39,1408362608,20,0
3,19,39,1408362618,21,0
3,19,39,1408362628,21,0
3,19,39,1408362638,20,0
3,19,39,1408362648,18,0
3,19,39,1408362658,18,0
3,19,39,1408362668,21,0
3,19,39,1408362678,18,0
3,19,39,1408362688,19,0
3,19,39,1408362698,20,0
3,19,39,1408362708,20,0
3,19,39,1408362718,20,0
3,18,39,1408362728,17,0
3,18,39,1408362738,15,0
3,18,39,1408362748,15,0
3,18,39,1408362758,12,0
3,18,39,1408362768,18,0
3,18,39,1408362778,19,0
3,18,39,1408362788,19,0
3,18,39,1408362798,20,0
3,18,39,1408362808,19,0
3,18,39,1408362818,19,0
3,17,38,1408362828,18,0
3,17,38,1408362838,17,0
3,17,38,1408362848,16,0
3,17,38,1408362858,17,0
3,17,38,1408362868,20,0
3,17,38,1408362878,19,0
3,17,38,1408362888,18,0
3,17,38,1408362898,19,0
3,17,38,1408362908,19,0
3,17,38,1408362918,18,0
3,17,38,1408362928,18,0
3,17,38,1408362938,18,0
3,17,38,1408362948,18,0
3,17,38,1408362958,20,0
3,17,38,1408362968,18,0
3,17,38,1408362978,17,0
3,17,38,1408362988,19,0
3,17,38,1408362998,19,0
3,17,38,1408363008,19,0
3,17,38,1408363018,16,0
3,17,38,1408363028,14,0
3,16,38,1408363038,17,0
3,16,38,1408363048,11,0
3,16,38,1408363058,16,0
3,16,38,1408363068,18,0
3,16,38,1408363078,19,0
3,16,38,1408363088,20,0
3,16,38,1408363098,19,0
3,16,38,1408363108,18,0
3,16,38,1408363118,20,0
3,16,38,1408363128,21,0
3,15,38,1408363138,21,0
3,15,38,1408363148,22,0
3,15,38,1408363158,22,0
3,15,38,1408363168,22,0
3,15,38,1408363178,21,0
3,15,38,1408363188,21,0
3,15,38,1408363198,21,0
3,15,38,1408363208,21,0
3,37,52,1408359618,22,0
3,37,52,1408359628,23,0
3,37,52,1408359638,26,0
3,37,52,1408359648,24,0
3,37,52,1408359658,24,0
3,37,52,1408359668,23,0
3,37,52,1408359678,24,0
3,37,52,1408359688,26,0
3,36,51,1408359698,26,0
3,36,51,1408359708,22,0
3,36,51,1408359718,21,0
3,36,51,1408359728,20,0
3,36,51,1408359738,19,0
3,36,51,1408359748,19,0
3,36,51,1408359758,23,0
3,36,51,1408359768,25,0
3,36,51,1408359778,27,0
3,36,51,1408359788,28,0
3,36,51,1408359798,27,0
3,36,51,1408359808,25,0
3,36,51,1408359818,23,0
3,36,51,1408359828,20,0
3,36,51,1408359838,17,0
3,36,51,1408359848,9,0
3,36,51,1408359858,22,0
3,36,51,1408359868,21,0
3,36,51,1408359878,21,0
3,36,51,1408359888,22,0
3,36,51,1408359898,21,0
3,35,50,1408359908,20,0
3,35,50,1408359918,22,0
3,35,50,1408359928,22,0
3,35,50,1408359938,22,0
3,35,50,1408359948,22,0
3,35,50,1408359958,24,0
3,35,50,1408359968,25,0
3,35,50,1408359978,26,0
3,35,50,1408359988,26,0
3,35,50,1408359998,27,0
3,35,49,1408360008,27,0
3,35,49,1408360018,25,0
3,35,49,1408360028,23,0
3,35,49,1408360038,23,0
3,35,49,1408360048,19,0
3,35,49,1408360058,19,0
3,35,49,1408360068,20,0
3,35,49,1408360078,20,0
3,35,49,1408360088,22,0
3,35,49,1408360098,22,0
3,34,49,1408360108,22,0
3,34,49,1408360118,22,0
3,34,49,1408360128,22,0
3,34,49,1408360138,22,0
3,34,49,1408360148,18,0
3,34,49,1408360158,20,0
3,34,49,1408360168,17,0
3,34,49,1408360178,17,0
3,34,49,1408360188,17,0
3,34,49,1408360198,16,0
3,34,48,1408360208,21,0
3,34,48,1408360218,21,0
3,34,48,1408360228,25,0
3,34,48,1408360238,25,0
3,34,48,1408360248,24,0
3,34,48,1408360258,23,0
3,34,48,1408360268,22,0
3,34,48,1408360278,22,0
3,34,48,1408360288,24,0
3,34,48,1408360298,23,0
3,33,48,1408360308,22,0
3,33,48,1408360318,21,0
3,33,48,1408360328,21,0
3,33,48,1408360338,21,0
3,33,48,1408360348,21,0
3,33,48,1408360358,21,0
3,33,48,1408360368,23,0
3,33,48,1408360378,26,0
3,33,48,1408360388,24,0
3,33,48,1408360398,25,0
3,32,47,1408360408,27,0
3,32,47,1408360418,27,0
3,32,47,1408360428,26,0
3,32,47,1408360438,25,0
3,32,47,1408360448,23,0
3,32,47,1408360458,21,0
3,32,47,1408360468,19,0
3,32,47,1408360478,18,0
3,32,47,1408360488,17,0
3,32,47,1408360498,23,0
3,32,47,1408360508,24,0
3,32,47,1408360518,25,0
3,32,47,1408360528,23,0
3,32,47,1408360538,23,0
3,32,47,1408360548,22,0
3,32,47,1408360558,22,0
3,32,47,1408360568,21,0
3,32,47,1408360578,19,0
3,32,47,1408360588,20,0
3,32,47,1408360598,21,0
3,31,46,1408360608,20,0
3,31,46,1408360618,20,0
3,31,46,1408360628,25,0
3,31,46,1408360638,26,0
3,31,46,1408360648,25,0
3,31,46,1408360658,20,0
3,31,46,1408360668,17,0
3,31,46,1408360678,16,0
3,31,46,1408360688,16,0
3,31,46,1408360698,7,0
3,31,46,1408360708,13,0
3,31,46,1408360718,16,0
3,31,46,1408360728,19,0
3,31,46,1408360738,22,0
3,31,46,1408360748,19,0
3,31,46,1408360758,21,0
3,31,46,1408360768,20,0
3,31,46,1408360778,20,0
3,31,46,1408360788,23,0
3,31,46,1408360798,25,0
3,30,45,1408360808,25,0
3,30,45,1408360818,26,0
3,30,45,1408360828,26,0
3,30,45,1408360838,24,0
3,30,45,1408360848,22,0
3,30,45,1408360858,22,0
3,30,45,1408360868,21,0
3,30,45,1408360878,21,0
3,30,45,1408360888,19,0
3,30,45,1408360898,21,0
3,30,45,1408360908,20,0
3,30,45,1408360918,24,0
3,30,45,1408360928,22,0
3,30,45,1408360938,25,0
3,30,45,1408360948,25,0
3,30,45,1408360958,27,0
3,30,45,1408360968,27,0
3,30,45,1408360978,28,0
3,30,45,1408360988,27,0
3,30,45,1408360998,26,0
3,30,45,1408361008,26,0
3,29,44,1408361018,24,0
3,29,44,1408361028,23,0
3,29,44,1408361038,24,0
3,29,44,1408361048,25,0
3,29,44,1408361058,24,0
3,29,44,1408361068,21,0
3,29,44,1408361078,20,0
3,29,44,1408361088,22,0
3,29,44,1408361098,22,0
3,29,44,1408361108,23,0
3,28,44,1408361118,24,0
3,28,44,1408361128,25,0
3,28,44,1408361138,24,0
3,28,44,1408361148,25,0
3,28,44,1408361158,24,0
3,28,44,1408361168,23,0
3,28,44,1408361178,23,0
3,28,44,1408361188,21,0
3,28,44,1408361198,22,0
3,28,44,1408361208,25,0
3,28,43,1408361218,25,0
3,28,43,1408361228,25,0
3,28,43,1408361238,23,0
3,28,43,1408361248,22,0
3,28,43,1408361258,20,0
3,28,43,1408361268,20,0
3,28,43,1408361278,17,0
3,28,43,1408361288,20,0
3,27,43,1408361348,25,0
3,27,43,1408361358,22,0
3,26,42,1408361518,20,0
3,26,42,1408361528,22,0
3,26,42,1408361538,23,0
3,26,42,1408361548,24,0
3,26,42,1408361558,23,0
3,26,42,1408361568,22,0
3,26,42,1408361578,21,0
3,25,42,1408361628,13,0
3,25,42,1408361648,15,0
3,25,42,1408361658,17,0
3,25,42,1408361668,18,0
3,25,42,1408361678,19,0
3,25,42,1408361688,20,0
3,25,41,1408361718,12,0
3,25,41,1408361748,21,0
3,25,41,1408361758,16,0
3,25,41,1408361768,13,0
3,25,41,1408361798,15,0
3,25,41,1408361808,16,0
3,24,41,1408361818,19,0
3,24,41,1408361828,20,0
3,24,41,1408361838,15,0
3,24,41,1408361848,14,0
3,24,41,1408361858,15,0
3,24,41,1408361868,21,0
3,24,41,1408361878,22,0
3,24,41,1408361888,23,0
3,24,41,1408361898,22,0
3,24,41,1408361908,23,0
3,24,41,1408361918,23,0
3,23,41,1408361928,21,0
3,23,41,1408361938,20,0
3,23,41,1408361948,14,0
3,23,41,1408361958,14,0
3,23,41,1408361968,19,0
3,23,41,1408361978,15,0
3,23,41,1408361988,12,0
3,23,41,1408361998,23,0
3,23,41,1408362008,22,0
3,23,41,1408362018,25,0
3,23,40,1408362028,25,0
3,23,40,1408362038,24,0
3,23,40,1408362048,25,0
3,23,40,1408362058,22,0
3,23,40,1408362068,20,0
3,23,40,1408362078,21,0
3,23,40,1408362088,19,0
3,23,40,1408362108,21,0
3,23,40,1408362118,17,0
3,22,40,1408362128,16,0
3,22,40,1408362138,15,0
3,22,40,1408362148,16,0
3,22,40,1408362158,15,0
3,22,40,1408362168,13,0
3,22,40,1408362178,17,0
3,22,40,1408362188,15,0
3,22,40,1408362218,19,0
3,21,40,1408362228,15,0
3,21,40,1408362238,14,0
3,21,40,1408362248,20,0
3,21,40,1408362258,20,0
3,21,40,1408362268,20,0
3,21,40,1408362278,22,0
3,21,40,1408362288,22,0
3,21,40,1408362298,22,0
3,21,40,1408362308,24,0
3,21,40,1408362318,23,0
3,21,40,1408362328,22,0
3,21,40,1408362338,23,0
3,21,40,1408362348,21,0
3,21,40,1408362368,21,0
3,21,40,1408362378,21,0
3,21,40,1408362388,21,0
3,21,40,1408362398,21,0
3,21,40,1408362408,21,0
3,21,40,1408362418,21,0
3,20,39,1408362428,20,0
3,20,39,1408362438,19,0
3,20,39,1408362448,21,0
3,20,39,1408362458,21,0
3,20,39,1408362468,14,0
3,20,39,1408362478,14,0
3,20,39,1408362488,21,0
3,20,39,1408362498,22,0
3,20,39,1408362508,23,0
3,20,39,1408362518,23,0
3,19,39,1408362528,24,0
3,19,39,1408362538,24,0
3,19,39,1408362548,24,0
3,19,39,1408362558,23,0
3,19,39,1408362568,19,0
3,19,39,1408362578,18,0
3,19,39,1408362588,18,0
3,19,39,1408362598,20,0
3,19,39,1408362608,20,0
3,19,39,1408362618,21,0
3,19,39,1408362628,21,0
3,19,39,1408362638,20,0
3,19,39,1408362648,18,0
3,19,39,1408362658,18,0
3,19,39,1408362668,21,0
3,19,39,1408362678,18,0
3,19,39,1408362688,19,0
3,19,39,1408362698,20,0
3,19,39,1408362708,20,0
3,19,39,1408362718,20,0
3,18,39,1408362728,17,0
3,18,39,1408362738,15,0
3,18,39,1408362748,15,0
3,18,39,1408362758,12,0
3,18,39,1408362768,18,0
3,18,39,1408362778,19,0
3,18,39,1408362788,19,0
3,18,39,1408362798,20,0
3,18,39,1408362808,19,0
3,18,39,1408362818,19,0
3,17,38,1408362828,18,0
3,17,38,1408362838,17,0
3,17,38,1408362848,16,0
3,17,38,1408362858,17,0
3,17,38,1408362868,20,0
3,17,38,1408362878,19,0
3,17,38,1408362888,18,0
3,17,38,1408362898,19,0
3,17,38,1408362908,19,0
3,17,38,1408362918,18,0
3,17,38,1408362928,18,0
3,17,38,1408362938,18,0
3,17,38,1408362948,18,0
3,17,38,1408362958,20,0
3,17,38,1408362968,18,0
3,17,38,1408362978,17,0
3,17,38,1408362988,19,0
3,17,38,1408362998,19,0
3,17,38,1408363008,19,0
3,17,38,1408363018,16,0
3,17,38,1408363028,14,0
3,16,38,1408363038,17,0
3,16,38,1408363048,11,0
3,16,38,1408363058,16,0
3,16,38,1408363068,18,0
3,16,38,1408363078,19,0
3,16,38,1408363088,20,0
3,16,38,1408363098,19,0
3,16,38,1408363108,18,0
3,16,38,1408363118,20,0
3,16,38,1408363128,21,0
3,15,38,1408363138,21,0
3,15,38,1408363148,22,0
3,15,38,1408363158,22,0
3,15,38,1408363168,22,0
3,15,38,1408363178,21,0
3,15,38,1408363188,21,0
3,15,38,1408363198,21,0
3,15,38,1408363208,21,0
3,15,38,1408363218,19,0
3,15,38,1408363228,19,0
3,15,38,1408363238,17,0
3,15,38,1408363248,18,0
3,15,38,1408363258,17,0
3,15,38,1408363268,18,0
3,15,38,1408363278,19,0
3,15,38,1408363288,19,0
3,15,38,1408363298,18,0
3,15,38,1408363308,19,0
3,15,38,1408363318,18,0
3,15,38,1408363328,19,0
3,14,37,1408363338,18,0
3,14,37,1408363348,18,0
3,14,37,1408363358,21,0
3,14,37,1408363368,18,0
3,14,37,1408363378,15,0
3,14,37,1408363388,12,0
3,14,37,1408363398,8,0
3,14,37,1408363408,15,0
3,14,37,1408363418,15,0
3,14,37,1408363428,11,0
3,13,37,1408363438,14,0
3,13,37,1408363448,15,0
3,13,37,1408363458,14,0
3,13,37,1408363468,15,0
3,13,37,1408363478,17,0
3,13,37,1408363488,14,0
3,13,37,1408363498,10,0
3,13,37,1408363508,13,0
3,13,37,1408363518,11,0
3,13,37,1408363528,11,0
3,13,37,1408363538,12,0
3,13,37,1408363548,10,0
3,13,37,1408363558,12,0
3,13,37,1408363568,16,0
3,13,37,1408363578,10,0
3,13,37,1408363588,10,0
3,13,37,1408363598,9,0
3,13,37,1408363608,9,0
3,13,37,1408363618,9,0
3,13,37,1408363628,11,0
3,12,37,1408363638,11,0
3,12,37,1408363648,11,0
3,12,37,1408363658,10,0
3,12,37,1408363668,7,0
3,12,37,1408363678,15,0
3,12,37,1408363688,10,0
3,12,37,1408363698,13,0
3,12,37,1408363708,11,0
3,12,37,1408363718,11,0
3,12,37,1408363728,10,0
3,11,37,1408363738,10,0
3,11,37,1408363748,8,0
3,11,37,1408363758,8,0
3,11,37,1408363768,8,0
3,11,37,1408363778,9,0
3,11,37,1408363788,11,0
3,11,37,1408363798,13,0
3,11,37,1408363808,11,0
3,11,37,1408363818,8,0
3,11,37,1408363828,11,0
3,10,37,1408363838,9,0
3,10,37,1408363848,8,0
3,10,37,1408363858,9,0
3,10,37,1408363868,9,0
3,10,37,1408363878,9,0
3,10,37,1408363888,9,0
3,10,37,1408363898,9,0
3,10,37,1408363908,9,0
3,10,37,1408363918,8,0
3,10,37,1408363928,6,0
3,10,37,1408363938,13,0
3,10,37,1408363948,9,0
3,10,37,1408363958,8,0
3,10,37,1408363968,8,0
3,10,37,1408363978,10,0
3,10,37,1408363988,7,0
3,10,37,1408363998,7,0
3,10,37,1408364008,12,0
3,10,37,1408364018,9,0
3,10,37,1408364028,9,0
3,10,37,1408364038,10,0
3,9,37,1408364048,9,0
3,9,37,1408364058,7,0
3,9,37,1408364068,8,0
3,9,37,1408364078,7,0
3,9,37,1408364088,10,0
3,9,37,1408364098,9,0
3,9,37,1408364108,9,0
3,9,37,1408364118,9,0
3,9,37,1408364128,9,0
3,9,37,1408364138,8,0
3,8,36,1408364148,7,0
3,8,36,1408364158,8,0
3,8,36,1408364168,10,0
3,8,36,1408364178,9,0
3,8,36,1408364188,9,0
3,8,36,1408364198,9,0
3,8,36,1408364208,8,0
3,8,36,1408364218,8,0
3,8,36,1408364228,9,0
3,8,36,1408364238,10,0
3,8,36,1408364248,10,0
3,8,36,1408364258,14,0
3,8,36,1408364268,14,0
3,8,36,1408364278,7,0
3,8,36,1408364288,10,0
3,8,36,1408364298,9,0
3,8,36,1408364308,7,0
3,8,36,1408364318,9,0
3,8,36,1408364328,9,0
3,8,36,1408364338,8,0
3,7,36,1408364348,9,0
3,7,36,1408364358,8,0
3,7,36,1408364368,11,0
3,7,36,1408364378,9,0
3,7,36,1408364388,11,0
3,7,36,1408364398,12,0
3,7,36,1408364408,10,0
3,7,36,1408364418,11,0
3,7,36,1408364428,11,0
3,7,36,1408364438,12,0
3,6,36,1408364448,8,0
3,6,36,1408364458,11,0
3,6,36,1408364468,8,0
3,6,36,1408364478,9,0
3,6,36,1408364488,11,0
3,6,36,1408364498,11,0
3,6,36,1408364508,7,0
3,6,36,1408364518,11,0
3,6,36,1408364528,8,0
3,6,36,1408364538,15,0
3,6,36,1408364548,15,0
3,6,36,1408364558,11,0
3,6,36,1408364568,10,0
3,6,36,1408364578,11,0
3,6,36,1408364588,7,0
3,6,36,1408364598,11,0
3,6,36,1408364608,9,0
3,6,36,1408364618,12,0
3,6,36,1408364628,11,0
3,6,36,1408364638,8,0
3,5,36,1408364648,10,0
3,5,36,1408364658,8,0
3,5,36,1408364668,13,0
3,5,36,1408364678,11,0
3,5,36,1408364688,11,0
3,5,36,1408364698,13,0
3,5,36,1408364708,13,0
3,5,36,1408364718,8,0
3,5,36,1408364728,9,0
3,5,36,1408364738,9,0
3,4,36,1408364748,10,0
3,4,36,1408364758,12,0
3,4,36,1408364768,12,0
3,4,36,1408364778,8,0
3,4,36,1408364788,9,0
3,4,36,1408364798,7,0
3,4,36,1408364808,8,0
3,4,36,1408364818,9,0
3,4,36,1408364828,11,0
3,4,36,1408364838,8,0
3,4,36,1408364848,7,0
3,4,36,1408364858,8,0
3,1,36,1408365308,13,0
3,0,36,1408365368,15,0
3,0,36,1408365378,9,0
3,0,36,1408365388,6,0
3,0,36,1408365398,11,0
3,0,36,1408365408,11,0
3,0,36,1408365418,9,0
3,0,36,1408365428,10,0
3,0,36,1408365438,9,0
3,0,36,1408365448,11,0
3,15,38,1408363218,19,0
3,15,38,1408363228,19,0
3,15,38,1408363238,17,0
3,15,38,1408363248,18,0
3,15,38,1408363258,17,0
3,15,38,1408363268,18,0
3,15,38,1408363278,19,0
3,15,38,1408363288,19,0
3,15,38,1408363298,18,0
3,15,38,1408363308,19,0
3,15,38,1408363318,18,0
3,15,38,1408363328,19,0
3,14,37,1408363338,18,0
3,14,37,1408363348,18,0
3,14,37,1408363358,21,0
3,14,37,1408363368,18,0
3,14,37,1408363378,15,0
3,14,37,1408363388,12,0
3,14,37,1408363398,8,0
3,14,37,1408363408,15,0
3,14,37,1408363418,15,0
3,14,37,1408363428,11,0
3,13,37,1408363438,14,0
3,13,37,1408363448,15,0
3,13,37,1408363458,14,0
3,13,37,1408363468,15,0
3,13,37,1408363478,17,0
3,13,37,1408363488,14,0
3,13,37,1408363498,10,0
3,13,37,1408363508,13,0
3,13,37,1408363518,11,0
3,13,37,1408363528,11,0
3,13,37,1408363538,12,0
3,13,37,1408363548,10,0
3,13,37,1408363558,12,0
3,13,37,1408363568,16,0
3,13,37,1408363578,10,0
3,13,37,1408363588,10,0
3,13,37,1408363598,9,0
3,13,37,1408363608,9,0
3,13,37,1408363618,9,0
3,13,37,1408363628,11,0
3,12,37,1408363638,11,0
3,12,37,1408363648,11,0
3,12,37,1408363658,10,0
3,12,37,1408363668,7,0
3,12,37,1408363678,15,0
3,12,37,1408363688,10,0
3,12,37,1408363698,13,0
3,12,37,1408363708,11,0
3,12,37,1408363718,11,0
3,12,37,1408363728,10,0
3,11,37,1408363738,10,0
3,11,37,1408363748,8,0
3,11,37,1408363758,8,0
3,11,37,1408363768,8,0
3,11,37,1408363778,9,0
3,11,37,1408363788,11,0
3,11,37,1408363798,13,0
3,11,37,1408363808,11,0
3,11,37,1408363818,8,0
3,11,37,1408363828,11,0
3,10,37,1408363838,9,0
3,10,37,1408363848,8,0
3,10,37,1408363858,9,0
3,10,37,1408363868,9,0
3,10,37,1408363878,9,0
3,10,37,1408363888,9,0
3,10,37,1408363898,9,0
3,10,37,1408363908,9,0
3,10,37,1408363918,8,0
3,10,37,1408363928,6,0
3,10,37,1408363938,13,0
3,10,37,1408363948,9,0
3,10,37,1408363958,8,0
3,10,37,1408363968,8,0
3,10,37,1408363978,10,0
3,10,37,1408363988,7,0
3,10,37,1408363998,7,0
3,10,37,1408364008,12,0
3,10,37,1408364018,9,0
3,10,37,1408364028,9,0
3,10,37,1408364038,10,0
3,9,37,1408364048,9,0
3,9,37,1408364058,7,0
3,9,37,1408364068,8,0
3,9,37,1408364078,7,0
3,9,37,1408364088,10,0
3,9,37,1408364098,9,0
3,9,37,1408364108,9,0
3,9,37,1408364118,9,0
3,9,37,1408364128,9,0
3,9,37,1408364138,8,0
3,8,36,1408364148,7,0
3,8,36,1408364158,8,0
3,8,36,1408364168,10,0
3,8,36,1408364178,9,0
3,8,36,1408364188,9,0
3,8,36,1408364198,9,0
3,8,36,1408364208,8,0
3,8,36,1408364218,8,0
3,8,36,1408364228,9,0
3,8,36,1408364238,10,0
3,8,36,1408364248,10,0
3,8,36,1408364258,14,0
3,8,36,1408364268,14,0
3,8,36,1408364278,7,0
3,8,36,1408364288,10,0
3,8,36,1408364298,9,0
3,8,36,1408364308,7,0
3,8,36,1408364318,9,0
3,8,36,1408364328,9,0
3,8,36,1408364338,8,0
3,7,36,1408364348,9,0
3,7,36,1408364358,8,0
3,7,36,1408364368,11,0
3,7,36,1408364378,9,0
3,7,36,1408364388,11,0
3,7,36,1408364398,12,0
3,7,36,1408364408,10,0
3,7,36,1408364418,11,0
3,7,36,1408364428,11,0
3,7,36,1408364438,12,0
3,6,36,1408364448,8,0
3,6,36,1408364458,11,0
3,6,36,1408364468,8,0
3,6,36,1408364478,9,0
3,6,36,1408364488,11,0
3,6,36,1408364498,11,0
3,6,36,1408364508,7,0
3,6,36,1408364518,11,0
3,6,36,1408364528,8,0
3,6,36,1408364538,15,0
3,6,36,1408364548,15,0
3,6,36,1408364558,11,0
3,6,36,1408364568,10,0
3,6,36,1408364578,11,0
3,6,36,1408364588,7,0
3,6,36,1408364598,11,0
3,6,36,1408364608,9,0
3,6,36,1408364618,12,0
3,6,36,1408364628,11,0
3,6,36,1408364638,8,0
3,5,36,1408364648,10,0
3,5,36,1408364658,8,0
3,5,36,1408364668,13,0
3,5,36,1408364678,11,0
3,5,36,1408364688,11,0
3,5,36,1408364698,13,0
3,5,36,1408364708,13,0
3,5,36,1408364718,8,0
3,5,36,1408364728,9,0
3,5,36,1408364738,9,0
3,4,36,1408364748,10,0
3,4,36,1408364758,12,0
3,4,36,1408364768,12,0
3,4,36,1408364778,8,0
3,4,36,1408364788,9,0
3,4,36,1408364798,7,0
3,4,36,1408364808,8,0
3,4,36,1408364818,9,0
3,4,36,1408364828,11,0
3,4,36,1408364838,8,0
3,4,36,1408364848,7,0
3,4,36,1408364858,8,0
3,1,36,1408365308,13,0
3,0,36,1408365368,15,0
3,0,36,1408365378,9,0
3,0,36,1408365388,6,0
3,0,36,1408365398,11,0
3,0,36,1408365408,11,0
3,0,36,1408365418,9,0
3,0,36,1408365428,10,0
3,0,36,1408365438,9,0
3,0,36,1408365448,11,0
3,0,308,1408393908,12,0
3,0,308,1408393918,13,0
3,0,308,1408393958,21,0
3,0,308,1408393968,14,0
3,1,308,1408394048,14,0
3,1,308,1408394058,14,0
3,2,308,1408394128,15,0
3,2,308,1408394138,9,0
3,2,308,1408394168,22,0
3,2,308,1408394188,16,0
3,2,308,1408394198,18,0
3,3,308,1408394288,19,0
3,3,308,1408394338,23,0
3,4,308,1408394488,15,0
3,6,308,1408394808,13,0
3,7,308,1408394818,14,0
3,7,308,1408394838,15,0
3,7,308,1408394848,12,0
3,7,308,1408394858,12,0
3,7,308,1408394868,14,0
3,7,308,1408394878,14,0
3,7,308,1408394908,9,0
3,8,308,1408394948,25,0
3,8,308,1408394958,27,0
3,8,308,1408394968,28,0
3,8,308,1408394978,30,0
3,8,308,1408394988,32,0
3,8,308,1408394998,33,0
3,8,308,1408395008,34,0
3,8,308,1408395018,35,0
3,8,308,1408395028,33,0
3,8,308,1408395038,33,0
3,8,308,1408395048,29,0
3,8,308,1408395058,19,0
3,8,308,1408395068,24,0
3,8,308,1408395078,27,0
3,8,308,1408395088,26,0
3,8,308,1408395098,25,0
3,8,308,1408395108,29,0
3,8,308,1408395118,32,0
3,9,308,1408395128,30,0
3,9,308,1408395138,30,0
3,9,308,1408395148,31,0
3,9,308,1408395158,30,0
3,9,308,1408395168,31,0
3,9,308,1408395178,31,0
3,9,308,1408395188,28,0
3,9,308,1408395198,29,0
3,9,308,1408395208,29,0
3,9,308,1408395218,29,0
3,10,308,1408395228,26,0
3,10,308,1408395238,29,0
3,10,308,1408395248,31,0
3,10,308,1408395258,30,0
3,10,308,1408395268,31,0
3,10,308,1408395278,31,0
3,10,308,1408395288,34,0
3,10,308,1408395298,32,0
3,10,308,1408395308,32,0
3,10,308,1408395318,32,0
3,10,308,1408395328,29,0
3,10,308,1408395338,27,0
3,10,308,1408395348,29,0
3,10,308,1408395358,29,0
3,10,308,1408395368,32,0
3,10,308,1408395378,30,0
3,10,308,1408395388,31,0
3,10,308,1408395398,35,0
3,10,308,1408395408,34,0
3,10,308,1408395418,34,0
3,10,308,1408395428,32,0
3,11,308,1408395438,32,0
3,11,308,1408395448,30,0
3,11,308,1408395458,31,0
3,11,308,1408395468,29,0
3,11,308,1408395478,28,0
3,11,308,1408395488,22,0
3,11,308,1408395498,23,0
3,11,308,1408395508,29,0
3,11,308,1408395518,28,0
3,11,308,1408395528,32,0
3,12,307,1408395538,34,0
3,12,307,1408395548,35,0
3,12,307,1408395558,33,0
3,12,307,1408395568,35,0
3,12,307,1408395578,36,0
3,12,307,1408395588,33,0
3,12,307,1408395598,33,0
3,12,307,1408395608,32,0
3,0,308,1408393908,12,0
3,0,308,1408393918,13,0
3,0,308,1408393958,21,0
3,0,308,1408393968,14,0
3,1,308,1408394048,14,0
3,1,308,1408394058,14,0
3,2,308,1408394128,15,0
3,2,308,1408394138,9,0
3,2,308,1408394168,22,0
3,2,308,1408394188,16,0
3,2,308,1408394198,18,0
3,3,308,1408394288,19,0
3,3,308,1408394338,23,0
3,4,308,1408394488,15,0
3,6,308,1408394808,13,0
3,7,308,1408394818,14,0
3,7,308,1408394838,15,0
3,7,308,1408394848,12,0
3,7,308,1408394858,12,0
3,7,308,1408394868,14,0
3,7,308,1408394878,14,0
3,7,308,1408394908,9,0
3,8,308,1408394948,25,0
3,8,308,1408394958,27,0
3,8,308,1408394968,28,0
3,8,308,1408394978,30,0
3,8,308,1408394988,32,0
3,8,308,1408394998,33,0
3,8,308,1408395008,34,0
3,8,308,1408395018,35,0
3,8,308,1408395028,33,0
3,8,308,1408395038,33,0
3,8,308,1408395048,29,0
3,8,308,1408395058,19,0
3,8,308,1408395068,24,0
3,8,308,1408395078,27,0
3,8,308,1408395088,26,0
3,8,308,1408395098,25,0
3,8,308,1408395108,29,0
3,8,308,1408395118,32,0
3,9,308,1408395128,30,0
3,9,308,1408395138,30,0
3,9,308,1408395148,31,0
3,9,308,1408395158,30,0
3,9,308,1408395168,31,0
3,9,308,1408395178,31,0
3,9,308,1408395188,28,0
3,9,308,1408395198,29,0
3,9,308,1408395208,29,0
3,9,308,1408395218,29,0
3,10,308,1408395228,26,0
3,10,308,1408395238,29,0
3,10,308,1408395248,31,0
3,10,308,1408395258,30,0
3,10,308,1408395268,31,0
3,10,308,1408395278,31,0
3,10,308,1408395288,34,0
3,10,308,1408395298,32,0
3,10,308,1408395308,32,0
3,10,308,1408395318,32,0
3,10,308,1408395328,29,0
3,10,308,1408395338,27,0
3,10,308,1408395348,29,0
3,10,308,1408395358,29,0
3,10,308,1408395368,32,0
3,10,308,1408395378,30,0
3,10,308,1408395388,31,0
3,10,308,1408395398,35,0
3,10,308,1408395408,34,0
3,10,308,1408395418,34,0
3,10,308,1408395428,32,0
3,11,308,1408395438,32,0
3,11,308,1408395448,30,0
3,11,308,1408395458,31,0
3,11,308,1408395468,29,0
3,11,308,1408395478,28,0
3,11,308,1408395488,22,0
3,11,308,1408395498,23,0
3,11,308,1408395508,29,0
3,11,308,1408395518,28,0
3,11,308,1408395528,32,0
3,12,307,1408395538,34,0
3,12,307,1408395548,35,0
3,12,307,1408395558,33,0
3,12,307,1408395568,35,0
3,12,307,1408395578,36,0
3,12,307,1408395588,33,0
3,12,307,1408395598,33,0
3,12,307,1408395608,32,0
3,12,307,1408395618,31,0
3,12,307,1408395628,32,0
3,13,307,1408395638,31,0
3,13,307,1408395648,32,0
3,13,307,1408395658,31,0
3,13,307,1408395668,31,0
3,13,307,1408395678,31,0
3,13,307,1408395688,31,0
3,13,307,1408395698,33,0
3,13,307,1408395708,33,0
3,13,307,1408395718,31,0
3,13,307,1408395728,32,0
3,13,307,1408395738,31,0
3,13,307,1408395748,30,0
3,13,307,1408395758,30,0
3,13,307,1408395768,33,0
3,13,307,1408395778,31,0
3,13,307,1408395788,35,0
3,13,307,1408395798,36,0
3,13,307,1408395808,35,0
3,13,307,1408395818,37,0
3,13,307,1408395828,37,0
3,14,307,1408395838,35,0
3,14,307,1408395848,34,0
3,14,307,1408395858,35,0
3,14,307,1408395868,33,0
3,14,307,1408395878,28,0
3,14,307,1408395888,30,0
3,14,307,1408395898,24,0
3,14,307,1408395908,24,0
3,14,307,1408395918,30,0
3,14,307,1408395928,29,0
3,14,307,1408395938,33,0
3,15,307,1408395948,31,0
3,15,307,1408395958,31,0
3,15,307,1408395968,32,0
3,15,307,1408395978,33,0
3,15,307,1408395988,28,0
3,15,307,1408395998,33,0
3,15,307,1408396008,31,0
3,15,307,1408396018,33,0
3,15,307,1408396028,34,0
3,15,307,1408396038,33,0
3,15,307,1408396048,32,0
3,15,307,1408396058,33,0
3,15,307,1408396068,31,0
3,15,307,1408396078,32,0
3,15,307,1408396088,34,0
3,15,307,1408396098,30,0
3,15,307,1408396108,31,0
3,15,307,1408396118,30,0
3,15,307,1408396128,26,0
3,15,307,1408396138,20,0
3,16,307,1408396148,26,0
3,16,307,1408396158,22,0
3,16,307,1408396168,29,0
3,16,307,1408396178,30,0
3,16,307,1408396188,32,0
3,16,307,1408396198,35,0
3,16,307,1408396208,35,0
3,16,307,1408396218,35,0
3,16,307,1408396228,34,0
3,16,307,1408396238,33,0
3,17,307,1408396248,32,0
3,17,307,1408396258,30,0
3,17,307,1408396268,30,0
3,17,307,1408396278,27,0
3,17,307,1408396288,24,0
3,17,307,1408396298,29,0
3,17,307,1408396308,29,0
3,17,307,1408396318,33,0
3,17,307,1408396328,33,0
3,17,307,1408396338,33,0
3,18,307,1408396348,33,0
3,18,307,1408396358,34,0
3,18,307,1408396368,34,0
3,18,307,1408396378,32,0
3,18,307,1408396388,26,0
3,18,307,1408396398,21,0
3,18,307,1408396408,26,0
3,18,307,1408396418,32,0
3,18,307,1408396428,33,0
3,18,307,1408396438,35,0
3,18,307,1408396448,35,0
3,18,307,1408396458,34,0
3,18,307,1408396468,35,0
3,18,307,1408396478,36,0
3,18,307,1408396488,35,0
3,18,307,1408396498,34,0
3,18,307,1408396508,32,0
3,18,307,1408396518,29,0
3,18,307,1408396528,27,0
3,18,307,1408396538,16,0
3,18,307,1408396548,29,0
3,19,306,1408396558,33,0
3,19,306,1408396568,36,0
3,19,306,1408396578,37,0
3,19,306,1408396588,37,0
3,19,306,1408396598,38,0
3,19,306,1408396608,38,0
3,19,306,1408396618,37,0
3,19,306,1408396628,36,0
3,19,306,1408396638,35,0
3,19,306,1408396648,34,0
3,20,306,1408396658,31,0
3,20,306,1408396668,27,0
3,20,306,1408396678,23,0
3,20,306,1408396688,23,0
3,20,306,1408396698,29,0
3,20,306,1408396708,32,0
3,20,306,1408396718,32,0
3,20,306,1408396728,36,0
3,20,306,1408396738,34,0
3,20,306,1408396748,35,0
3,20,306,1408396758,35,0
3,20,306,1408396768,34,0
3,20,306,1408396778,33,0
3,20,306,1408396788,33,0
3,20,306,1408396798,31,0
3,20,306,1408396808,29,0
3,20,306,1408396818,25,0
3,20,306,1408396828,30,0
3,20,306,1408396838,32,0
3,20,306,1408396848,35,0
3,21,306,1408396858,35,0
3,21,306,1408396868,35,0
3,21,306,1408396878,35,0
3,21,306,1408396888,35,0
3,21,306,1408396898,35,0
3,21,306,1408396908,32,0
3,21,306,1408396918,31,0
3,21,306,1408396928,26,0
3,21,306,1408396938,21,0
3,21,306,1408396948,16,0
3,21,306,1408396958,25,0
3,22,306,1408396968,26,0
3,22,306,1408396978,30,0
3,22,306,1408396988,32,0
3,22,306,1408396998,31,0
3,22,306,1408397008,32,0
3,22,306,1408397018,32,0
3,22,306,1408397028,33,0
3,22,306,1408397038,31,0
3,22,306,1408397048,32,0
3,22,306,1408397058,29,0
3,22,305,1408397068,30,0
3,22,305,1408397078,31,0
3,22,305,1408397088,28,0
3,22,305,1408397098,27,0
3,22,305,1408397108,26,0
3,22,305,1408397118,25,0
3,22,305,1408397128,26,0
3,22,305,1408397138,26,0
3,22,305,1408397148,29,0
3,22,305,1408397158,29,0
3,23,305,1408397168,31,0
3,23,305,1408397178,29,0
3,23,305,1408397188,29,0
3,23,305,1408397198,26,0
3,23,305,1408397208,24,0
3,23,305,1408397218,28,0
3,23,305,1408397228,31,0
3,23,305,1408397238,32,0
3,23,305,1408397248,34,0
3,23,305,1408397258,34,0
3,24,305,1408397268,35,0
3,24,305,1408397278,34,0
3,24,305,1408397288,33,0
3,24,305,1408397298,32,0
3,24,305,1408397308,29,0
3,24,305,1408397318,25,0
3,24,305,1408397328,24,0
3,24,305,1408397338,26,0
3,24,305,1408397348,29,0
3,24,305,1408397358,32,0
3,25,305,1408397368,33,0
3,25,305,1408397378,33,0
3,25,305,1408397388,35,0
3,25,305,1408397398,35,0
3,25,305,1408397408,36,0
3,25,305,1408397418,36,0
3,25,305,1408397428,35,0
3,25,305,1408397438,34,0
3,25,305,1408397448,32,0
3,25,305,1408397458,32,0
3,25,305,1408397468,31,0
3,25,305,1408397478,31,0
3,25,305,1408397488,31,0
3,25,305,1408397498,32,0
3,25,305,1408397508,33,0
3,25,305,1408397518,35,0
3,25,305,1408397528,34,0
3,25,305,1408397538,35,0
3,25,305,1408397548,33,0
3,25,305,1408397558,33,0
3,25,305,1408397568,32,0
3,26,304,1408397578,32,0
3,26,304,1408397588,30,0
3,26,304,1408397598,28,0
3,26,304,1408397608,25,0
3,26,304,1408397618,25,0
3,26,304,1408397628,27,0
3,26,304,1408397638,31,0
3,26,304,1408397648,31,0
3,26,304,1408397658,33,0
3,26,304,1408397668,34,0
3,27,304,1408397678,35,0
3,27,304,1408397688,34,0
3,27,304,1408397698,34,0
3,27,304,1408397708,32,0
3,27,304,1408397718,30,0
3,27,304,1408397728,30,0
3,27,304,1408397738,30,0
3,27,304,1408397748,30,0
3,27,304,1408397758,28,0
3,27,304,1408397768,28,0
3,27,304,1408397778,29,0
3,27,304,1408397788,27,0
3,27,304,1408397798,27,0
3,27,304,1408397808,25,0
3,27,304,1408397818,28,0
3,27,304,1408397828,27,0
3,27,304,1408397838,28,0
3,27,304,1408397848,29,0
3,27,304,1408397858,30,0
3,27,304,1408397868,30,0
3,28,303,1408397878,30,0
3,28,303,1408397888,32,0
3,28,303,1408397898,31,0
3,28,303,1408397908,31,0
3,28,303,1408397918,31,0
3,28,303,1408397928,32,0
3,28,303,1408397938,31,0
3,28,303,1408397948,28,0
3,28,303,1408397958,24,0
3,28,303,1408397978,27,0
3,29,303,1408397988,22,0
3,29,303,1408398028,28,0
3,29,303,1408398038,30,0
3,29,303,1408398048,32,0
3,29,303,1408398058,34,0
3,29,303,1408398068,35,0
3,29,303,1408398078,36,0
3,29,303,1408398088,37,0
3,29,303,1408398098,36,0
3,29,303,1408398108,35,0
3,29,303,1408398118,33,0
3,29,303,1408398128,32,0
3,29,303,1408398138,32,0
3,29,303,1408398148,29,0
3,29,303,1408398158,19,0
3,29,303,1408398168,15,0
3,29,303,1408398178,27,0
3,30,302,1408398188,31,0
3,30,302,1408398198,33,0
3,30,302,1408398208,35,0
3,30,302,1408398218,36,0
3,30,302,1408398228,36,0
3,30,302,1408398238,36,0
3,30,302,1408398248,36,0
3,30,302,1408398258,36,0
3,30,302,1408398268,35,0
3,30,302,1408398278,34,0
3,31,302,1408398288,32,0
3,31,302,1408398298,30,0
3,31,302,1408398308,27,0
3,31,302,1408398318,20,0
3,31,302,1408398328,25,0
3,31,302,1408398338,32,0
3,31,302,1408398348,35,0
3,31,302,1408398358,35,0
3,31,302,1408398368,37,0
3,31,302,1408398378,37,0
3,31,302,1408398388,37,0
3,31,302,1408398398,36,0
3,31,302,1408398408,36,0
3,31,302,1408398418,36,0
3,31,302,1408398428,34,0
3,31,302,1408398438,32,0
3,31,302,1408398448,28,0
3,31,302,1408398458,24,0
3,31,302,1408398468,25,0
3,31,302,1408398478,30,0
3,31,302,1408398488,34,0
3,32,301,1408398498,35,0
3,32,301,1408398508,36,0
3,32,301,1408398518,36,0
3,32,301,1408398528,36,0
3,32,301,1408398538,36,0
3,32,301,1408398548,36,0
3,32,301,1408398558,36,0
3,32,301,1408398568,33,0
3,32,301,1408398578,31,0
3,32,301,1408398588,30,0
3,33,301,1408398598,27,0
3,33,301,1408398628,25,0
3,33,301,1408398638,31,0
3,33,301,1408398648,33,0
3,33,301,1408398658,35,0
3,33,301,1408398668,36,0
3,33,301,1408398678,35,0
3,33,301,1408398688,35,0
3,33,300,1408398698,35,0
3,33,300,1408398708,35,0
3,33,300,1408398718,35,0
3,33,300,1408398728,34,0
3,33,300,1408398738,34,0
3,33,300,1408398748,30,0
3,33,300,1408398758,27,0
3,33,300,1408398768,25,0
3,33,300,1408398778,19,0
3,34,300,1408398798,23,0
3,34,300,1408398808,27,0
3,34,300,1408398818,31,0
3,34,300,1408398828,29,0
3,34,300,1408398838,30,0
3,34,300,1408398848,30,0
3,34,300,1408398858,26,0
3,34,300,1408398868,28,0
3,34,300,1408398878,28,0
3,34,300,1408398888,26,0
3,35,299,1408398898,12,0
3,35,299,1408398908,25,0
3,35,299,1408398918,28,0
3,35,299,1408398928,31,0
3,35,299,1408398938,33,0
3,35,299,1408398948,32,0
3,35,299,1408398958,33,0
3,35,299,1408398968,34,0
3,35,299,1408398978,34,0
3,35,299,1408398988,35,0
3,35,299,1408398998,35,0
3,35,299,1408399008,33,0
3,35,299,1408399018,33,0
3,35,299,1408399028,33,0
3,35,299,1408399038,31,0
3,35,299,1408399048,27,0
3,35,299,1408399058,23,0
3,35,299,1408399068,20,0
3,35,299,1408399078,23,0
3,35,299,1408399088,30,0
3,35,299,1408399098,27,0
3,36,298,1408399108,31,0
3,36,298,1408399118,32,0
3,36,298,1408399128,34,0
3,36,298,1408399138,34,0
3,36,298,1408399148,32,0
3,36,298,1408399158,34,0
3,36,298,1408399168,36,0
3,36,298,1408399178,37,0
3,36,298,1408399188,36,0
3,36,298,1408399198,37,0
3,36,298,1408399208,37,0
3,12,307,1408395618,31,0
3,12,307,1408395628,32,0
3,13,307,1408395638,31,0
3,13,307,1408395648,32,0
3,13,307,1408395658,31,0
3,13,307,1408395668,31,0
3,13,307,1408395678,31,0
3,13,307,1408395688,31,0
3,13,307,1408395698,33,0
3,13,307,1408395708,33,0
3,13,307,1408395718,31,0
3,13,307,1408395728,32,0
3,13,307,1408395738,31,0
3,13,307,1408395748,30,0
3,13,307,1408395758,30,0
3,13,307,1408395768,33,0
3,13,307,1408395778,31,0
3,13,307,1408395788,35,0
3,13,307,1408395798,36,0
3,13,307,1408395808,35,0
3,13,307,1408395818,37,0
3,13,307,1408395828,37,0
3,14,307,1408395838,35,0
3,14,307,1408395848,34,0
3,14,307,1408395858,35,0
3,14,307,1408395868,33,0
3,14,307,1408395878,28,0
3,14,307,1408395888,30,0
3,14,307,1408395898,24,0
3,14,307,1408395908,24,0
3,14,307,1408395918,30,0
3,14,307,1408395928,29,0
3,14,307,1408395938,33,0
3,15,307,1408395948,31,0
3,15,307,1408395958,31,0
3,15,307,1408395968,32,0
3,15,307,1408395978,33,0
3,15,307,1408395988,28,0
3,15,307,1408395998,33,0
3,15,307,1408396008,31,0
3,15,307,1408396018,33,0
3,15,307,1408396028,34,0
3,15,307,1408396038,33,0
3,15,307,1408396048,32,0
3,15,307,1408396058,33,0
3,15,307,1408396068,31,0
3,15,307,1408396078,32,0
3,15,307,1408396088,34,0
3,15,307,1408396098,30,0
3,15,307,1408396108,31,0
3,15,307,1408396118,30,0
3,15,307,1408396128,26,0
3,15,307,1408396138,20,0
3,16,307,1408396148,26,0
3,16,307,1408396158,22,0
3,16,307,1408396168,29,0
3,16,307,1408396178,30,0
3,16,307,1408396188,32,0
3,16,307,1408396198,35,0
3,16,307,1408396208,35,0
3,16,307,1408396218,35,0
3,16,307,1408396228,34,0
3,16,307,1408396238,33,0
3,17,307,1408396248,32,0
3,17,307,1408396258,30,0
3,17,307,1408396268,30,0
3,17,307,1408396278,27,0
3,17,307,1408396288,24,0
3,17,307,1408396298,29,0
3,17,307,1408396308,29,0
3,17,307,1408396318,33,0
3,17,307,1408396328,33,0
3,17,307,1408396338,33,0
3,18,307,1408396348,33,0
3,18,307,1408396358,34,0
3,18,307,1408396368,34,0
3,18,307,1408396378,32,0
3,18,307,1408396388,26,0
3,18,307,1408396398,21,0
3,18,307,1408396408,26,0
3,18,307,1408396418,32,0
3,18,307,1408396428,33,0
3,18,307,1408396438,35,0
3,18,307,1408396448,35,0
3,18,307,1408396458,34,0
3,18,307,1408396468,35,0
3,18,307,1408396478,36,0
3,18,307,1408396488,35,0
3,18,307,1408396498,34,0
3,18,307,1408396508,32,0
3,18,307,1408396518,29,0
3,18,307,1408396528,27,0
3,18,307,1408396538,16,0
3,18,307,1408396548,29,0
3,19,306,1408396558,33,0
3,19,306,1408396568,36,0
3,19,306,1408396578,37,0
3,19,306,1408396588,37,0
3,19,306,1408396598,38,0
3,19,306,1408396608,38,0
3,19,306,1408396618,37,0
3,19,306,1408396628,36,0
3,19,306,1408396638,35,0
3,19,306,1408396648,34,0
3,20,306,1408396658,31,0
3,20,306,1408396668,27,0
3,20,306,1408396678,23,0
3,20,306,1408396688,23,0
3,20,306,1408396698,29,0
3,20,306,1408396708,32,0
3,20,306,1408396718,32,0
3,20,306,1408396728,36,0
3,20,306,1408396738,34,0
3,20,306,1408396748,35,0
3,20,306,1408396758,35,0
3,20,306,1408396768,34,0
3,20,306,1408396778,33,0
3,20,306,1408396788,33,0
3,20,306,1408396798,31,0
3,20,306,1408396808,29,0
3,20,306,1408396818,25,0
3,20,306,1408396828,30,0
3,20,306,1408396838,32,0
3,20,306,1408396848,35,0
3,21,306,1408396858,35,0
3,21,306,1408396868,35,0
3,21,306,1408396878,35,0
3,21,306,1408396888,35,0
3,21,306,1408396898,35,0
3,21,306,1408396908,32,0
3,21,306,1408396918,31,0
3,21,306,1408396928,26,0
3,21,306,1408396938,21,0
3,21,306,1408396948,16,0
3,21,306,1408396958,25,0
3,22,306,1408396968,26,0
3,22,306,1408396978,30,0
3,22,306,1408396988,32,0
3,22,306,1408396998,31,0
3,22,306,1408397008,32,0
3,22,306,1408397018,32,0
3,22,306,1408397028,33,0
3,22,306,1408397038,31,0
3,22,306,1408397048,32,0
3,22,306,1408397058,29,0
3,22,305,1408397068,30,0
3,22,305,1408397078,31,0
3,22,305,1408397088,28,0
3,22,305,1408397098,27,0
3,22,305,1408397108,26,0
3,22,305,1408397118,25,0
3,22,305,1408397128,26,0
3,22,305,1408397138,26,0
3,22,305,1408397148,29,0
3,22,305,1408397158,29,0
3,23,305,1408397168,31,0
3,23,305,1408397178,29,0
3,23,305,1408397188,29,0
3,23,305,1408397198,26,0
3,23,305,1408397208,24,0
3,23,305,1408397218,28,0
3,23,305,1408397228,31,0
3,23,305,1408397238,32,0
3,23,305,1408397248,34,0
3,23,305,1408397258,34,0
3,24,305,1408397268,35,0
3,24,305,1408397278,34,0
3,24,305,1408397288,33,0
3,24,305,1408397298,32,0
3,24,305,1408397308,29,0
3,24,305,1408397318,25,0
3,24,305,1408397328,24,0
3,24,305,1408397338,26,0
3,24,305,1408397348,29,0
3,24,305,1408397358,32,0
3,25,305,1408397368,33,0
3,25,305,1408397378,33,0
3,25,305,1408397388,35,0
3,25,305,1408397398,35,0
3,25,305,1408397408,36,0
3,25,305,1408397418,36,0
3,25,305,1408397428,35,0
3,25,305,1408397438,34,0
3,25,305,1408397448,32,0
3,25,305,1408397458,32,0
3,25,305,1408397468,31,0
3,25,305,1408397478,31,0
3,25,305,1408397488,31,0
3,25,305,1408397498,32,0
3,25,305,1408397508,33,0
3,25,305,1408397518,35,0
3,25,305,1408397528,34,0
3,25,305,1408397538,35,0
3,25,305,1408397548,33,0
3,25,305,1408397558,33,0
3,25,305,1408397568,32,0
3,26,304,1408397578,32,0
3,26,304,1408397588,30,0
3,26,304,1408397598,28,0
3,26,304,1408397608,25,0
3,26,304,1408397618,25,0
3,26,304,1408397628,27,0
3,26,304,1408397638,31,0
3,26,304,1408397648,31,0
3,26,304,1408397658,33,0
3,26,304,1408397668,34,0
3,27,304,1408397678,35,0
3,27,304,1408397688,34,0
3,27,304,1408397698,34,0
3,27,304,1408397708,32,0
3,27,304,1408397718,30,0
3,27,304,1408397728,30,0
3,27,304,1408397738,30,0
3,27,304,1408397748,30,0
3,27,304,1408397758,28,0
3,27,304,1408397768,28,0
3,27,304,1408397778,29,0
3,27,304,1408397788,27,0
3,27,304,1408397798,27,0
3,27,304,1408397808,25,0
3,27,304,1408397818,28,0
3,27,304,1408397828,27,0
3,27,304,1408397838,28,0
3,27,304,1408397848,29,0
3,27,304,1408397858,30,0
3,27,304,1408397868,30,0
3,28,303,1408397878,30,0
3,28,303,1408397888,32,0
3,28,303,1408397898,31,0
3,28,303,1408397908,31,0
3,28,303,1408397918,31,0
3,28,303,1408397928,32,0
3,28,303,1408397938,31,0
3,28,303,1408397948,28,0
3,28,303,1408397958,24,0
3,28,303,1408397978,27,0
3,29,303,1408397988,22,0
3,29,303,1408398028,28,0
3,29,303,1408398038,30,0
3,29,303,1408398048,32,0
3,29,303,1408398058,34,0
3,29,303,1408398068,35,0
3,29,303,1408398078,36,0
3,29,303,1408398088,37,0
3,29,303,1408398098,36,0
3,29,303,1408398108,35,0
3,29,303,1408398118,33,0
3,29,303,1408398128,32,0
3,29,303,1408398138,32,0
3,29,303,1408398148,29,0
3,29,303,1408398158,19,0
3,29,303,1408398168,15,0
3,29,303,1408398178,27,0
3,30,302,1408398188,31,0
3,30,302,1408398198,33,0
3,30,302,1408398208,35,0
3,30,302,1408398218,36,0
3,30,302,1408398228,36,0
3,30,302,1408398238,36,0
3,30,302,1408398248,36,0
3,30,302,1408398258,36,0
3,30,302,1408398268,35,0
3,30,302,1408398278,34,0
3,31,302,1408398288,32,0
3,31,302,1408398298,30,0
3,31,302,1408398308,27,0
3,31,302,1408398318,20,0
3,31,302,1408398328,25,0
3,31,302,1408398338,32,0
3,31,302,1408398348,35,0
3,31,302,1408398358,35,0
3,31,302,1408398368,37,0
3,31,302,1408398378,37,0
3,31,302,1408398388,37,0
3,31,302,1408398398,36,0
3,31,302,1408398408,36,0
3,31,302,1408398418,36,0
3,31,302,1408398428,34,0
3,31,302,1408398438,32,0
3,31,302,1408398448,28,0
3,31,302,1408398458,24,0
3,31,302,1408398468,25,0
3,31,302,1408398478,30,0
3,31,302,1408398488,34,0
3,32,301,1408398498,35,0
3,32,301,1408398508,36,0
3,32,301,1408398518,36,0
3,32,301,1408398528,36,0
3,32,301,1408398538,36,0
3,32,301,1408398548,36,0
3,32,301,1408398558,36,0
3,32,301,1408398568,33,0
3,32,301,1408398578,31,0
3,32,301,1408398588,30,0
3,33,301,1408398598,27,0
3,33,301,1408398628,25,0
3,33,301,1408398638,31,0
3,33,301,1408398648,33,0
3,33,301,1408398658,35,0
3,33,301,1408398668,36,0
3,33,301,1408398678,35,0
3,33,301,1408398688,35,0
3,33,300,1408398698,35,0
3,33,300,1408398708,35,0
3,33,300,1408398718,35,0
3,33,300,1408398728,34,0
3,33,300,1408398738,34,0
3,33,300,1408398748,30,0
3,33,300,1408398758,27,0
3,33,300,1408398768,25,0
3,33,300,1408398778,19,0
3,34,300,1408398798,23,0
3,34,300,1408398808,27,0
3,34,300,1408398818,31,0
3,34,300,1408398828,29,0
3,34,300,1408398838,30,0
3,34,300,1408398848,30,0
3,34,300,1408398858,26,0
3,34,300,1408398868,28,0
3,34,300,1408398878,28,0
3,34,300,1408398888,26,0
3,35,299,1408398898,12,0
3,35,299,1408398908,25,0
3,35,299,1408398918,28,0
3,35,299,1408398928,31,0
3,35,299,1408398938,33,0
3,35,299,1408398948,32,0
3,35,299,1408398958,33,0
3,35,299,1408398968,34,0
3,35,299,1408398978,34,0
3,35,299,1408398988,35,0
3,35,299,1408398998,35,0
3,35,299,1408399008,33,0
3,35,299,1408399018,33,0
3,35,299,1408399028,33,0
3,35,299,1408399038,31,0
3,35,299,1408399048,27,0
3,35,299,1408399058,23,0
3,35,299,1408399068,20,0
3,35,299,1408399078,23,0
3,35,299,1408399088,30,0
3,35,299,1408399098,27,0
3,36,298,1408399108,31,0
3,36,298,1408399118,32,0
3,36,298,1408399128,34,0
3,36,298,1408399138,34,0
3,36,298,1408399148,32,0
3,36,298,1408399158,34,0
3,36,298,1408399168,36,0
3,36,298,1408399178,37,0
3,36,298,1408399188,36,0
3,36,298,1408399198,37,0
3,36,298,1408399208,37,0
3,36,298,1408399218,38,0
3,37,298,1408399228,37,0
3,37,298,1408399238,37,0
3,37,298,1408399248,37,0
3,37,298,1408399258,35,0
3,37,298,1408399268,35,0
3,37,298,1408399278,32,0
3,37,298,1408399288,26,0
3,37,298,1408399298,28,0
3,37,297,1408399308,28,0
3,37,297,1408399318,31,0
3,37,297,1408399328,33,0
3,37,297,1408399338,34,0
3,37,297,1408399348,35,0
3,37,297,1408399358,36,0
3,37,297,1408399368,37,0
3,37,297,1408399378,36,0
3,37,297,1408399388,36,0
3,37,297,1408399398,36,0
3,38,297,1408399408,36,0
3,38,297,1408399418,35,0
3,38,297,1408399428,35,0
3,38,297,1408399438,34,0
3,38,297,1408399448,32,0
3,38,297,1408399458,30,0
3,38,297,1408399468,29,0
3,38,297,1408399478,26,0
3,38,297,1408399488,27,0
3,38,297,1408399498,31,0
3,38,297,1408399508,34,0
3,38,296,1408399518,35,0
3,38,296,1408399528,35,0
3,38,296,1408399538,36,0
3,38,296,1408399548,35,0
3,38,296,1408399558,37,0
3,38,296,1408399568,35,0
3,38,296,1408399578,36,0
3,38,296,1408399588,35,0
3,38,296,1408399598,36,0
3,38,296,1408399608,34,0
3,39,296,1408399618,35,0
3,39,296,1408399628,34,0
3,39,296,1408399638,34,0
3,39,296,1408399648,32,0
3,39,296,1408399658,30,0
3,39,296,1408399668,30,0
3,39,296,1408399678,31,0
3,39,296,1408399688,31,0
3,39,296,1408399698,32,0
3,39,296,1408399708,34,0
3,39,295,1408399718,35,0
3,39,295,1408399728,36,0
3,39,295,1408399738,37,0
3,39,295,1408399748,35,0
3,39,295,1408399758,35,0
3,39,295,1408399768,36,0
3,39,295,1408399778,35,0
3,39,295,1408399788,33,0
3,39,295,1408399798,35,0
3,39,295,1408399808,33,0
3,40,294,1408399818,31,0
3,40,294,1408399828,32,0
3,40,294,1408399838,30,0
3,40,294,1408399848,29,0
3,40,294,1408399858,24,0
3,40,294,1408399888,28,0
3,40,294,1408399898,32,0
3,40,294,1408399908,33,0
3,41,294,1408399918,35,0
3,41,294,1408399928,36,0
3,41,294,1408399938,36,0
3,41,294,1408399948,37,0
3,41,294,1408399958,37,0
3,41,294,1408399968,37,0
3,41,294,1408399978,36,0
3,41,294,1408399988,35,0
3,41,294,1408399998,34,0
3,41,294,1408400008,34,0
3,41,294,1408400018,31,0
3,41,293,1408400028,27,0
3,41,293,1408400058,27,0
3,41,293,1408400068,25,0
3,41,293,1408400078,28,0
3,41,293,1408400088,32,0
3,41,293,1408400098,34,0
3,41,293,1408400108,35,0
3,41,293,1408400118,36,0
3,42,292,1408400128,38,0
3,42,292,1408400138,38,0
3,42,292,1408400148,38,0
3,42,292,1408400158,38,0
3,42,292,1408400168,37,0
3,42,292,1408400178,38,0
3,42,292,1408400188,37,0
3,42,292,1408400198,36,0
3,42,292,1408400208,36,0
3,42,292,1408400218,34,0
3,42,291,1408400228,31,0
3,42,291,1408400238,27,0
3,42,291,1408400248,23,0
3,42,291,1408400258,22,0
3,42,291,1408400268,27,0
3,42,291,1408400278,29,0
3,42,291,1408400288,30,0
3,42,291,1408400298,32,0
3,42,291,1408400308,34,0
3,42,291,1408400318,34,0
3,43,291,1408400328,36,0
3,43,291,1408400338,36,0
3,43,291,1408400348,37,0
3,43,291,1408400358,37,0
3,43,291,1408400368,36,0
3,43,291,1408400378,36,0
3,43,291,1408400388,36,0
3,43,291,1408400398,37,0
3,43,291,1408400408,38,0
3,43,291,1408400418,37,0
3,43,290,1408400428,35,0
3,43,290,1408400438,34,0
3,43,290,1408400448,33,0
3,43,290,1408400458,32,0
3,43,290,1408400468,31,0
3,43,290,1408400478,33,0
3,43,290,1408400488,34,0
3,43,290,1408400498,35,0
3,43,290,1408400508,35,0
3,43,290,1408400518,36,0
3,43,290,1408400528,37,0
3,44,289,1408400538,38,0
3,44,289,1408400548,39,0
3,44,289,1408400558,38,0
3,44,289,1408400568,39,0
3,44,289,1408400578,39,0
3,44,289,1408400588,38,0
3,44,289,1408400598,38,0
3,44,289,1408400608,38,0
3,44,289,1408400618,37,0
3,44,289,1408400628,35,0
3,44,288,1408400638,36,0
3,44,288,1408400648,36,0
3,44,288,1408400658,36,0
3,44,288,1408400668,34,0
3,44,288,1408400678,33,0
3,44,288,1408400688,32,0
3,44,288,1408400698,33,0
3,44,288,1408400708,32,0
3,44,288,1408400718,31,0
3,44,288,1408400728,32,0
3,44,287,1408400738,32,0
3,44,287,1408400748,33,0
3,44,287,1408400758,34,0
3,44,287,1408400768,35,0
3,44,287,1408400778,35,0
3,44,287,1408400788,36,0
3,44,287,1408400798,37,0
3,44,287,1408400808,36,0
3,44,287,1408400818,35,0
3,44,287,1408400828,35,0
3,45,286,1408400838,37,0
3,45,286,1408400848,37,0
3,45,286,1408400858,36,0
3,45,286,1408400868,35,0
3,45,286,1408400878,35,0
3,45,286,1408400888,35,0
3,45,286,1408400898,34,0
3,45,286,1408400908,34,0
3,45,286,1408400918,34,0
3,45,286,1408400928,35,0
3,45,285,1408400938,33,0
3,45,285,1408400948,31,0
3,45,285,1408400958,29,0
3,45,285,1408400968,28,0
3,45,285,1408400978,23,0
3,45,285,1408400988,28,0
3,45,285,1408400998,32,0
3,45,285,1408401008,34,0
3,45,285,1408401018,36,0
3,45,285,1408401028,34,0
3,45,285,1408401038,34,0
3,46,284,1408401048,34,0
3,46,284,1408401058,34,0
3,46,284,1408401068,36,0
3,46,284,1408401078,38,0
3,46,284,1408401088,38,0
3,46,284,1408401098,38,0
3,46,284,1408401108,37,0
3,46,284,1408401118,37,0
3,46,284,1408401128,37,0
3,46,284,1408401138,37,0
3,46,284,1408401148,36,0
3,46,284,1408401158,36,0
3,46,284,1408401168,35,0
3,46,284,1408401178,36,0
3,46,284,1408401188,35,0
3,46,284,1408401198,35,0
3,46,284,1408401208,35,0
3,46,284,1408401218,35,0
3,46,284,1408401228,34,0
3,46,284,1408401238,34,0
3,46,283,1408401248,32,0
3,46,283,1408401258,33,0
3,46,283,1408401268,33,0
3,46,283,1408401278,34,0
3,46,283,1408401288,34,0
3,46,283,1408401298,35,0
3,46,283,1408401308,36,0
3,46,283,1408401318,36,0
3,46,283,1408401328,36,0
3,46,283,1408401338,37,0
3,47,282,1408401348,38,0
3,47,282,1408401358,39,0
3,47,282,1408401368,39,0
3,47,282,1408401378,39,0
3,47,282,1408401388,38,0
3,47,282,1408401398,39,0
3,47,282,1408401408,39,0
3,47,282,1408401418,39,0
3,47,282,1408401428,38,0
3,47,282,1408401438,37,0
3,47,280,1408401448,37,0
3,47,280,1408401458,37,0
3,47,280,1408401468,37,0
3,47,280,1408401478,37,0
3,47,280,1408401488,36,0
3,47,280,1408401498,35,0
3,47,280,1408401508,34,0
3,47,280,1408401518,36,0
3,47,280,1408401528,37,0
3,47,280,1408401538,34,0
3,47,280,1408401548,34,0
3,47,279,1408401558,33,0
3,47,279,1408401568,35,0
3,47,279,1408401578,35,0
3,47,279,1408401588,34,0
3,47,279,1408401598,36,0
3,47,279,1408401608,35,0
3,47,279,1408401618,36,0
3,47,279,1408401628,37,0
3,47,279,1408401638,37,0
3,47,279,1408401648,37,0
3,48,278,1408401658,38,0
3,48,278,1408401668,38,0
3,48,278,1408401678,39,0
3,48,278,1408401688,39,0
3,48,278,1408401698,39,0
3,48,278,1408401708,40,0
3,48,278,1408401718,40,0
3,48,278,1408401728,40,0
3,48,278,1408401738,38,0
3,48,278,1408401748,38,0
3,48,277,1408401758,38,0
3,48,277,1408401768,37,0
3,48,277,1408401778,36,0
3,48,277,1408401788,34,0
3,48,277,1408401798,33,0
3,48,277,1408401808,34,0
3,48,277,1408401818,33,0
3,48,277,1408401828,32,0
3,48,277,1408401838,33,0
3,48,277,1408401848,34,0
3,48,276,1408401858,36,0
3,48,276,1408401868,37,0
3,48,276,1408401878,37,0
3,48,276,1408401888,36,0
3,48,276,1408401898,35,0
3,48,276,1408401908,35,0
3,48,276,1408401918,35,0
3,48,276,1408401928,36,0
3,48,276,1408401938,36,0
3,48,276,1408401948,36,0
3,48,275,1408401958,36,0
3,48,275,1408401968,36,0
3,48,275,1408401978,36,0
3,48,275,1408401988,37,0
3,48,275,1408401998,37,0
3,48,275,1408402008,37,0
3,48,275,1408402018,39,0
3,48,275,1408402028,39,0
3,48,275,1408402038,39,0
3,48,275,1408402048,39,0
3,48,275,1408402058,39,0
3,48,274,1408402068,38,0
3,48,274,1408402078,38,0
3,48,274,1408402088,39,0
3,48,274,1408402098,40,0
3,48,274,1408402108,40,0
3,48,274,1408402118,39,0
3,48,274,1408402128,41,0
3,48,274,1408402138,40,0
3,48,274,1408402148,41,0
3,48,274,1408402158,40,0
3,48,273,1408402168,40,0
3,48,273,1408402178,40,0
3,48,273,1408402188,40,0
3,48,273,1408402198,39,0
3,48,273,1408402208,40,0
3,48,273,1408402218,39,0
3,48,273,1408402228,39,0
3,48,273,1408402238,40,0
3,48,273,1408402248,39,0
3,48,273,1408402258,39,0
3,49,272,1408402268,38,0
3,49,272,1408402278,39,0
3,49,272,1408402288,38,0
3,49,272,1408402298,39,0
3,49,272,1408402308,40,0
3,49,272,1408402318,39,0
3,49,272,1408402328,38,0
3,49,272,1408402338,39,0
3,49,272,1408402348,39,0
3,49,272,1408402358,39,0
3,49,270,1408402368,39,0
3,49,270,1408402378,38,0
3,49,270,1408402388,38,0
3,49,270,1408402398,38,0
3,49,270,1408402408,39,0
3,49,270,1408402418,39,0
3,49,270,1408402428,39,0
3,49,270,1408402438,38,0
3,49,270,1408402448,39,0
3,49,270,1408402458,37,0
3,49,269,1408402468,36,0
3,49,269,1408402478,34,0
3,49,269,1408402488,34,0
3,49,269,1408402498,34,0
3,49,269,1408402508,35,0
3,49,269,1408402518,35,0
3,49,269,1408402528,35,0
3,49,269,1408402538,36,0
3,49,269,1408402548,36,0
3,49,269,1408402558,36,0
3,49,268,1408402568,37,0
3,49,268,1408402578,37,0
3,49,268,1408402588,37,0
3,49,268,1408402598,36,0
3,49,268,1408402608,36,0
3,49,268,1408402618,36,0
3,49,268,1408402628,36,0
3,49,268,1408402638,36,0
3,49,268,1408402648,34,0
3,49,268,1408402658,34,0
3,49,267,1408402668,34,0
3,49,267,1408402678,36,0
3,49,267,1408402688,37,0
3,49,267,1408402698,37,0
3,49,267,1408402708,37,0
3,49,267,1408402718,37,0
3,49,267,1408402728,39,0
3,49,267,1408402738,40,0
3,49,267,1408402748,39,0
3,49,267,1408402758,39,0
3,49,266,1408402768,39,0
3,49,266,1408402778,40,0
3,49,266,1408402788,39,0
3,49,266,1408402798,41,0
3,49,266,1408402808,40,0
3,36,298,1408399218,38,0
3,37,298,1408399228,37,0
3,37,298,1408399238,37,0
3,37,298,1408399248,37,0
3,37,298,1408399258,35,0
3,37,298,1408399268,35,0
3,37,298,1408399278,32,0
3,37,298,1408399288,26,0
3,37,298,1408399298,28,0
3,37,297,1408399308,28,0
3,37,297,1408399318,31,0
3,37,297,1408399328,33,0
3,37,297,1408399338,34,0
3,37,297,1408399348,35,0
3,37,297,1408399358,36,0
3,37,297,1408399368,37,0
3,37,297,1408399378,36,0
3,37,297,1408399388,36,0
3,37,297,1408399398,36,0
3,38,297,1408399408,36,0
3,38,297,1408399418,35,0
3,38,297,1408399428,35,0
3,38,297,1408399438,34,0
3,38,297,1408399448,32,0
3,38,297,1408399458,30,0
3,38,297,1408399468,29,0
3,38,297,1408399478,26,0
3,38,297,1408399488,27,0
3,38,297,1408399498,31,0
3,38,297,1408399508,34,0
3,38,296,1408399518,35,0
3,38,296,1408399528,35,0
3,38,296,1408399538,36,0
3,38,296,1408399548,35,0
3,38,296,1408399558,37,0
3,38,296,1408399568,35,0
3,38,296,1408399578,36,0
3,38,296,1408399588,35,0
3,38,296,1408399598,36,0
3,38,296,1408399608,34,0
3,39,296,1408399618,35,0
3,39,296,1408399628,34,0
3,39,296,1408399638,34,0
3,39,296,1408399648,32,0
3,39,296,1408399658,30,0
3,39,296,1408399668,30,0
3,39,296,1408399678,31,0
3,39,296,1408399688,31,0
3,39,296,1408399698,32,0
3,39,296,1408399708,34,0
3,39,295,1408399718,35,0
3,39,295,1408399728,36,0
3,39,295,1408399738,37,0
3,39,295,1408399748,35,0
3,39,295,1408399758,35,0
3,39,295,1408399768,36,0
3,39,295,1408399778,35,0
3,39,295,1408399788,33,0
3,39,295,1408399798,35,0
3,39,295,1408399808,33,0
3,40,294,1408399818,31,0
3,40,294,1408399828,32,0
3,40,294,1408399838,30,0
3,40,294,1408399848,29,0
3,40,294,1408399858,24,0
3,40,294,1408399888,28,0
3,40,294,1408399898,32,0
3,40,294,1408399908,33,0
3,41,294,1408399918,35,0
3,41,294,1408399928,36,0
3,41,294,1408399938,36,0
3,41,294,1408399948,37,0
3,41,294,1408399958,37,0
3,41,294,1408399968,37,0
3,41,294,1408399978,36,0
3,41,294,1408399988,35,0
3,41,294,1408399998,34,0
3,41,294,1408400008,34,0
3,41,294,1408400018,31,0
3,41,293,1408400028,27,0
3,41,293,1408400058,27,0
3,41,293,1408400068,25,0
3,41,293,1408400078,28,0
3,41,293,1408400088,32,0
3,41,293,1408400098,34,0
3,41,293,1408400108,35,0
3,41,293,1408400118,36,0
3,42,292,1408400128,38,0
3,42,292,1408400138,38,0
3,42,292,1408400148,38,0
3,42,292,1408400158,38,0
3,42,292,1408400168,37,0
3,42,292,1408400178,38,0
3,42,292,1408400188,37,0
3,42,292,1408400198,36,0
3,42,292,1408400208,36,0
3,42,292,1408400218,34,0
3,42,291,1408400228,31,0
3,42,291,1408400238,27,0
3,42,291,1408400248,23,0
3,42,291,1408400258,22,0
3,42,291,1408400268,27,0
3,42,291,1408400278,29,0
3,42,291,1408400288,30,0
3,42,291,1408400298,32,0
3,42,291,1408400308,34,0
3,42,291,1408400318,34,0
3,43,291,1408400328,36,0
3,43,291,1408400338,36,0
3,43,291,1408400348,37,0
3,43,291,1408400358,37,0
3,43,291,1408400368,36,0
3,43,291,1408400378,36,0
3,43,291,1408400388,36,0
3,43,291,1408400398,37,0
3,43,291,1408400408,38,0
3,43,291,1408400418,37,0
3,43,290,1408400428,35,0
3,43,290,1408400438,34,0
3,43,290,1408400448,33,0
3,43,290,1408400458,32,0
3,43,290,1408400468,31,0
3,43,290,1408400478,33,0
3,43,290,1408400488,34,0
3,43,290,1408400498,35,0
3,43,290,1408400508,35,0
3,43,290,1408400518,36,0
3,43,290,1408400528,37,0
3,44,289,1408400538,38,0
3,44,289,1408400548,39,0
3,44,289,1408400558,38,0
3,44,289,1408400568,39,0
3,44,289,1408400578,39,0
3,44,289,1408400588,38,0
3,44,289,1408400598,38,0
3,44,289,1408400608,38,0
3,44,289,1408400618,37,0
3,44,289,1408400628,35,0
3,44,288,1408400638,36,0
3,44,288,1408400648,36,0
3,44,288,1408400658,36,0
3,44,288,1408400668,34,0
3,44,288,1408400678,33,0
3,44,288,1408400688,32,0
3,44,288,1408400698,33,0
3,44,288,1408400708,32,0
3,44,288,1408400718,31,0
3,44,288,1408400728,32,0
3,44,287,1408400738,32,0
3,44,287,1408400748,33,0
3,44,287,1408400758,34,0
3,44,287,1408400768,35,0
3,44,287,1408400778,35,0
3,44,287,1408400788,36,0
3,44,287,1408400798,37,0
3,44,287,1408400808,36,0
3,44,287,1408400818,35,0
3,44,287,1408400828,35,0
3,45,286,1408400838,37,0
3,45,286,1408400848,37,0
3,45,286,1408400858,36,0
3,45,286,1408400868,35,0
3,45,286,1408400878,35,0
3,45,286,1408400888,35,0
3,45,286,1408400898,34,0
3,45,286,1408400908,34,0
3,45,286,1408400918,34,0
3,45,286,1408400928,35,0
3,45,285,1408400938,33,0
3,45,285,1408400948,31,0
3,45,285,1408400958,29,0
3,45,285,1408400968,28,0
3,45,285,1408400978,23,0
3,45,285,1408400988,28,0
3,45,285,1408400998,32,0
3,45,285,1408401008,34,0
3,45,285,1408401018,36,0
3,45,285,1408401028,34,0
3,45,285,1408401038,34,0
3,46,284,1408401048,34,0
3,46,284,1408401058,34,0
3,46,284,1408401068,36,0
3,46,284,1408401078,38,0
3,46,284,1408401088,38,0
3,46,284,1408401098,38,0
3,46,284,1408401108,37,0
3,46,284,1408401118,37,0
3,46,284,1408401128,37,0
3,46,284,1408401138,37,0
3,46,284,1408401148,36,0
3,46,284,1408401158,36,0
3,46,284,1408401168,35,0
3,46,284,1408401178,36,0
3,46,284,1408401188,35,0
3,46,284,1408401198,35,0
3,46,284,1408401208,35,0
3,46,284,1408401218,35,0
3,46,284,1408401228,34,0
3,46,284,1408401238,34,0
3,46,283,1408401248,32,0
3,46,283,1408401258,33,0
3,46,283,1408401268,33,0
3,46,283,1408401278,34,0
3,46,283,1408401288,34,0
3,46,283,1408401298,35,0
3,46,283,1408401308,36,0
3,46,283,1408401318,36,0
3,46,283,1408401328,36,0
3,46,283,1408401338,37,0
3,47,282,1408401348,38,0
3,47,282,1408401358,39,0
3,47,282,1408401368,39,0
3,47,282,1408401378,39,0
3,47,282,1408401388,38,0
3,47,282,1408401398,39,0
3,47,282,1408401408,39,0
3,47,282,1408401418,39,0
3,47,282,1408401428,38,0
3,47,282,1408401438,37,0
3,47,280,1408401448,37,0
3,47,280,1408401458,37,0
3,47,280,1408401468,37,0
3,47,280,1408401478,37,0
3,47,280,1408401488,36,0
3,47,280,1408401498,35,0
3,47,280,1408401508,34,0
3,47,280,1408401518,36,0
3,47,280,1408401528,37,0
3,47,280,1408401538,34,0
3,47,280,1408401548,34,0
3,47,279,1408401558,33,0
3,47,279,1408401568,35,0
3,47,279,1408401578,35,0
3,47,279,1408401588,34,0
3,47,279,1408401598,36,0
3,47,279,1408401608,35,0
3,47,279,1408401618,36,0
3,47,279,1408401628,37,0
3,47,279,1408401638,37,0
3,47,279,1408401648,37,0
3,48,278,1408401658,38,0
3,48,278,1408401668,38,0
3,48,278,1408401678,39,0
3,48,278,1408401688,39,0
3,48,278,1408401698,39,0
3,48,278,1408401708,40,0
3,48,278,1408401718,40,0
3,48,278,1408401728,40,0
3,48,278,1408401738,38,0
3,48,278,1408401748,38,0
3,48,277,1408401758,38,0
3,48,277,1408401768,37,0
3,48,277,1408401778,36,0
3,48,277,1408401788,34,0
3,48,277,1408401798,33,0
3,48,277,1408401808,34,0
3,48,277,1408401818,33,0
3,48,277,1408401828,32,0
3,48,277,1408401838,33,0
3,48,277,1408401848,34,0
3,48,276,1408401858,36,0
3,48,276,1408401868,37,0
3,48,276,1408401878,37,0
3,48,276,1408401888,36,0
3,48,276,1408401898,35,0
3,48,276,1408401908,35,0
3,48,276,1408401918,35,0
3,48,276,1408401928,36,0
3,48,276,1408401938,36,0
3,48,276,1408401948,36,0
3,48,275,1408401958,36,0
3,48,275,1408401968,36,0
3,48,275,1408401978,36,0
3,48,275,1408401988,37,0
3,48,275,1408401998,37,0
3,48,275,1408402008,37,0
3,48,275,1408402018,39,0
3,48,275,1408402028,39,0
3,48,275,1408402038,39,0
3,48,275,1408402048,39,0
3,48,275,1408402058,39,0
3,48,274,1408402068,38,0
3,48,274,1408402078,38,0
3,48,274,1408402088,39,0
3,48,274,1408402098,40,0
3,48,274,1408402108,40,0
3,48,274,1408402118,39,0
3,48,274,1408402128,41,0
3,48,274,1408402138,40,0
3,48,274,1408402148,41,0
3,48,274,1408402158,40,0
3,48,273,1408402168,40,0
3,48,273,1408402178,40,0
3,48,273,1408402188,40,0
3,48,273,1408402198,39,0
3,48,273,1408402208,40,0
3,48,273,1408402218,39,0
3,48,273,1408402228,39,0
3,48,273,1408402238,40,0
3,48,273,1408402248,39,0
3,48,273,1408402258,39,0
3,49,272,1408402268,38,0
3,49,272,1408402278,39,0
3,49,272,1408402288,38,0
3,49,272,1408402298,39,0
3,49,272,1408402308,40,0
3,49,272,1408402318,39,0
3,49,272,1408402328,38,0
3,49,272,1408402338,39,0
3,49,272,1408402348,39,0
3,49,272,1408402358,39,0
3,49,270,1408402368,39,0
3,49,270,1408402378,38,0
3,49,270,1408402388,38,0
3,49,270,1408402398,38,0
3,49,270,1408402408,39,0
3,49,270,1408402418,39,0
3,49,270,1408402428,39,0
3,49,270,1408402438,38,0
3,49,270,1408402448,39,0
3,49,270,1408402458,37,0
3,49,269,1408402468,36,0
3,49,269,1408402478,34,0
3,49,269,1408402488,34,0
3,49,269,1408402498,34,0
3,49,269,1408402508,35,0
3,49,269,1408402518,35,0
3,49,269,1408402528,35,0
3,49,269,1408402538,36,0
3,49,269,1408402548,36,0
3,49,269,1408402558,36,0
3,49,268,1408402568,37,0
3,49,268,1408402578,37,0
3,49,268,1408402588,37,0
3,49,268,1408402598,36,0
3,49,268,1408402608,36,0
3,49,268,1408402618,36,0
3,49,268,1408402628,36,0
3,49,268,1408402638,36,0
3,49,268,1408402648,34,0
3,49,268,1408402658,34,0
3,49,267,1408402668,34,0
3,49,267,1408402678,36,0
3,49,267,1408402688,37,0
3,49,267,1408402698,37,0
3,49,267,1408402708,37,0
3,49,267,1408402718,37,0
3,49,267,1408402728,39,0
3,49,267,1408402738,40,0
3,49,267,1408402748,39,0
3,49,267,1408402758,39,0
3,49,266,1408402768,39,0
3,49,266,1408402778,40,0
3,49,266,1408402788,39,0
3,49,266,1408402798,41,0
3,49,266,1408402808,40,0
3,49,266,1408402818,40,0
3,49,266,1408402828,40,0
3,49,266,1408402838,40,0
3,49,266,1408402848,41,0
3,49,266,1408402858,40,0
3,49,265,1408402868,40,0
3,49,265,1408402878,41,0
3,49,265,1408402888,40,0
3,49,265,1408402898,42,0
3,49,265,1408402908,40,0
3,49,265,1408402918,40,0
3,49,265,1408402928,41,0
3,49,265,1408402938,41,0
3,49,265,1408402948,41,0
3,49,265,1408402958,41,0
3,49,265,1408402968,40,0
3,49,263,1408402978,41,0
3,49,263,1408402988,41,0
3,49,263,1408402998,40,0
3,49,263,1408403008,39,0
3,49,263,1408403018,40,0
3,49,263,1408403028,41,0
3,49,263,1408403038,41,0
3,49,263,1408403048,41,0
3,49,263,1408403058,41,0
3,49,263,1408403068,40,0
3,49,262,1408403078,41,0
3,49,262,1408403088,42,0
3,49,262,1408403098,41,0
3,49,262,1408403108,40,0
3,49,262,1408403118,39,0
3,49,262,1408403128,39,0
3,49,262,1408403138,40,0
3,49,262,1408403148,39,0
3,49,262,1408403158,40,0
3,49,262,1408403168,40,0
3,49,261,1408403178,41,0
3,49,261,1408403188,40,0
3,49,261,1408403198,40,0
3,49,261,1408403208,40,0
3,49,261,1408403218,39,0
3,49,261,1408403228,38,0
3,49,261,1408403238,39,0
3,49,261,1408403248,39,0
3,49,261,1408403258,41,0
3,49,261,1408403268,41,0
3,49,260,1408403278,41,0
3,49,260,1408403288,41,0
3,49,260,1408403298,41,0
3,49,260,1408403308,40,0
3,49,260,1408403318,41,0
3,49,260,1408403328,42,0
3,49,260,1408403338,41,0
3,49,260,1408403348,41,0
3,49,260,1408403358,39,0
3,49,260,1408403368,39,0
3,48,259,1408403378,40,0
3,48,259,1408403388,41,0
3,48,259,1408403398,41,0
3,48,259,1408403408,40,0
3,48,259,1408403418,40,0
3,48,259,1408403428,40,0
3,48,259,1408403438,40,0
3,48,259,1408403448,38,0
3,48,259,1408403458,37,0
3,48,259,1408403468,38,0
3,48,258,1408403478,39,0
3,48,258,1408403488,41,0
3,48,257,1408403498,40,0
3,48,257,1408403508,41,0
3,48,257,1408403518,40,0
3,48,257,1408403528,40,0
3,48,257,1408403538,40,0
3,48,257,1408403548,40,0
3,48,257,1408403558,40,0
3,48,257,1408403568,40,0
3,48,257,1408403578,39,0
3,48,257,1408403588,39,0
3,48,257,1408403598,39,0
3,48,257,1408403608,39,0
3,48,257,1408403618,39,0
3,48,257,1408403628,40,0
3,48,257,1408403638,40,0
3,48,257,1408403648,39,0
3,48,257,1408403658,37,0
3,48,257,1408403668,37,0
3,48,255,1408403678,37,0
3,48,255,1408403688,38,0
3,48,255,1408403698,38,0
3,48,255,1408403708,37,0
3,48,255,1408403718,38,0
3,48,255,1408403728,38,0
3,48,255,1408403738,37,0
3,48,255,1408403748,35,0
3,48,255,1408403758,34,0
3,48,255,1408403768,33,0
3,48,254,1408403778,32,0
3,48,254,1408403788,30,0
3,48,254,1408403798,28,0
3,48,254,1408403808,28,0
3,48,254,1408403818,33,0
3,48,254,1408403828,34,0
3,48,254,1408403838,32,0
3,48,254,1408403848,33,0
3,48,254,1408403858,36,0
3,48,254,1408403868,37,0
3,47,253,1408403878,37,0
3,47,253,1408403888,37,0
3,47,253,1408403898,39,0
3,47,253,1408403908,39,0
3,47,253,1408403918,39,0
3,47,253,1408403928,39,0
3,47,253,1408403938,39,0
3,47,253,1408403948,38,0
3,47,253,1408403958,39,0
3,47,253,1408403968,39,0
3,47,253,1408403978,39,0
3,47,252,1408403988,39,0
3,47,252,1408403998,38,0
3,47,252,1408404008,38,0
3,47,252,1408404018,37,0
3,47,252,1408404028,37,0
3,47,252,1408404038,37,0
3,47,252,1408404048,35,0
3,47,252,1408404058,34,0
3,47,252,1408404068,30,0
3,47,252,1408404078,30,0
3,47,251,1408404088,25,0
3,47,251,1408404098,24,0
3,47,251,1408404108,21,0
3,47,251,1408404118,19,0
3,47,251,1408404128,18,0
3,47,251,1408404138,23,0
3,47,251,1408404148,27,0
3,47,251,1408404158,28,0
3,47,251,1408404168,33,0
3,47,251,1408404178,35,0
3,47,250,1408404188,38,0
3,47,250,1408404198,38,0
3,47,250,1408404208,38,0
3,47,250,1408404218,39,0
3,47,250,1408404228,42,0
3,47,250,1408404238,41,0
3,47,250,1408404248,40,0
3,47,250,1408404258,40,0
3,47,250,1408404268,40,0
3,47,250,1408404278,41,0
3,46,249,1408404288,40,0
3,46,249,1408404298,40,0
3,46,249,1408404308,38,0
3,46,249,1408404318,38,0
3,46,249,1408404328,39,0
3,46,249,1408404338,39,0
3,46,249,1408404348,38,0
3,46,249,1408404358,38,0
3,46,249,1408404368,37,0
3,46,249,1408404378,36,0
3,46,248,1408404388,33,0
3,46,248,1408404398,31,0
3,46,248,1408404408,31,0
3,46,248,1408404418,30,0
3,46,248,1408404428,32,0
3,46,248,1408404438,35,0
3,46,248,1408404448,37,0
3,46,248,1408404458,38,0
3,46,248,1408404468,39,0
3,46,248,1408404478,40,0
3,45,247,1408404488,41,0
3,45,247,1408404498,43,0
3,45,247,1408404508,43,0
3,45,247,1408404518,43,0
3,45,247,1408404528,43,0
3,45,247,1408404538,44,0
3,45,247,1408404548,44,0
3,45,247,1408404558,44,0
3,45,247,1408404568,43,0
3,45,247,1408404578,43,0
3,45,246,1408404588,43,0
3,45,246,1408404598,42,0
3,45,246,1408404608,42,0
3,45,246,1408404618,41,0
3,45,246,1408404628,40,0
3,45,246,1408404638,39,0
3,45,246,1408404648,37,0
3,45,246,1408404658,35,0
3,45,246,1408404668,29,0
3,45,246,1408404678,24,0
3,45,245,1408404688,14,0
3,45,245,1408404698,16,0
3,45,245,1408404708,28,0
3,45,245,1408404718,33,0
3,45,245,1408404728,35,0
3,45,245,1408404738,35,0
3,45,245,1408404748,37,0
3,45,245,1408404758,39,0
3,45,245,1408404768,40,0
3,45,245,1408404778,39,0
3,44,244,1408404788,38,0
3,44,244,1408404798,40,0
3,44,244,1408404808,42,0
3,44,244,1408404818,41,0
3,44,244,1408404828,42,0
3,44,244,1408404838,41,0
3,44,244,1408404848,42,0
3,44,244,1408404858,42,0
3,44,244,1408404868,42,0
3,44,244,1408404878,40,0
3,44,243,1408404888,39,0
3,44,243,1408404898,38,0
3,44,243,1408404908,34,0
3,44,243,1408404918,34,0
3,44,243,1408404928,33,0
3,44,243,1408404938,28,0
3,44,243,1408404948,29,0
3,44,243,1408404958,26,0
3,44,243,1408404968,16,0
3,44,243,1408404978,31,0
3,44,243,1408404988,35,0
3,43,242,1408404998,37,0
3,43,242,1408405008,37,0
3,43,242,1408405018,40,0
3,43,242,1408405028,40,0
3,43,242,1408405038,42,0
3,43,242,1408405048,41,0
3,43,242,1408405058,40,0
3,43,242,1408405068,39,0
3,43,242,1408405078,40,0
3,43,242,1408405088,39,0
3,43,242,1408405098,39,0
3,43,242,1408405108,38,0
3,43,242,1408405118,39,0
3,43,242,1408405128,38,0
3,43,242,1408405138,38,0
3,43,242,1408405148,36,0
3,43,242,1408405158,34,0
3,43,242,1408405168,33,0
3,43,242,1408405178,33,0
3,43,242,1408405188,31,0
3,42,241,1408405198,31,0
3,42,241,1408405208,31,0
3,42,241,1408405218,31,0
3,42,241,1408405228,34,0
3,42,241,1408405238,37,0
3,42,241,1408405248,38,0
3,42,241,1408405258,38,0
3,42,241,1408405268,39,0
3,42,241,1408405278,39,0
3,42,241,1408405288,37,0
3,42,240,1408405298,37,0
3,42,240,1408405308,39,0
3,42,240,1408405318,38,0
3,42,240,1408405328,38,0
3,42,240,1408405338,38,0
3,42,240,1408405348,36,0
3,42,240,1408405358,34,0
3,42,240,1408405368,34,0
3,42,240,1408405378,37,0
3,42,240,1408405388,39,0
3,41,239,1408405398,37,0
3,41,239,1408405408,36,0
3,41,239,1408405418,37,0
3,41,239,1408405428,38,0
3,41,239,1408405438,39,0
3,41,239,1408405448,38,0
3,41,239,1408405458,38,0
3,41,239,1408405468,38,0
3,41,239,1408405478,38,0
3,41,239,1408405488,35,0
3,41,238,1408405498,32,0
3,41,238,1408405508,33,0
3,41,238,1408405518,32,0
3,41,238,1408405528,35,0
3,41,238,1408405538,34,0
3,41,238,1408405548,35,0
3,41,238,1408405558,38,0
3,41,238,1408405568,40,0
3,41,238,1408405578,40,0
3,41,238,1408405588,40,0
3,40,238,1408405598,40,0
3,40,238,1408405608,40,0
3,40,238,1408405618,41,0
3,40,238,1408405628,42,0
3,40,238,1408405638,43,0
3,40,238,1408405648,41,0
3,40,238,1408405658,39,0
3,40,238,1408405668,38,0
3,40,238,1408405678,38,0
3,40,238,1408405688,37,0
3,40,237,1408405698,36,0
3,40,237,1408405708,34,0
3,40,237,1408405718,34,0
3,40,237,1408405728,32,0
3,40,237,1408405738,32,0
3,40,237,1408405748,36,0
3,40,237,1408405758,36,0
3,40,237,1408405768,38,0
3,40,237,1408405778,39,0
3,40,237,1408405788,37,0
3,39,236,1408405798,38,0
3,39,236,1408405808,37,0
3,39,236,1408405818,37,0
3,39,236,1408405828,35,0
3,39,236,1408405838,34,0
3,39,236,1408405848,36,0
3,39,236,1408405858,35,0
3,39,236,1408405868,35,0
3,39,236,1408405878,31,0
3,39,236,1408405888,32,0
3,39,235,1408405898,35,0
3,39,235,1408405908,37,0
3,39,235,1408405918,38,0
3,39,235,1408405928,41,0
3,39,235,1408405938,43,0
3,39,235,1408405948,43,0
3,39,235,1408405958,43,0
3,39,235,1408405968,43,0
3,39,235,1408405978,43,0
3,39,235,1408405988,43,0
3,39,235,1408405998,42,0
3,38,235,1408406008,41,0
3,38,235,1408406018,40,0
3,38,235,1408406028,38,0
3,38,235,1408406038,35,0
3,38,235,1408406048,28,0
3,38,235,1408406058,29,0
3,38,235,1408406068,30,0
3,38,235,1408406078,33,0
3,38,235,1408406088,37,0
3,38,235,1408406098,36,0
3,38,234,1408406108,36,0
3,38,234,1408406118,39,0
3,38,234,1408406128,39,0
3,38,234,1408406138,41,0
3,38,234,1408406148,41,0
3,38,234,1408406158,41,0
3,38,234,1408406168,38,0
3,38,234,1408406178,37,0
3,38,234,1408406188,37,0
3,38,234,1408406198,38,0
3,37,234,1408406208,34,0
3,37,234,1408406218,35,0
3,37,234,1408406228,37,0
3,37,234,1408406238,39,0
3,37,234,1408406248,40,0
3,37,234,1408406258,40,0
3,37,234,1408406268,40,0
3,37,234,1408406278,42,0
3,37,234,1408406288,42,0
3,37,234,1408406298,42,0
3,36,233,1408406308,43,0
3,36,233,1408406318,42,0
3,36,233,1408406328,41,0
3,36,233,1408406338,39,0
3,36,233,1408406348,37,0
3,36,233,1408406358,36,0
3,36,233,1408406368,35,0
3,36,233,1408406378,35,0
3,36,233,1408406388,37,0
3,36,233,1408406398,35,0
3,36,232,1408406408,35,0
3,49,266,1408402818,40,0
3,49,266,1408402828,40,0
3,49,266,1408402838,40,0
3,49,266,1408402848,41,0
3,49,266,1408402858,40,0
3,49,265,1408402868,40,0
3,49,265,1408402878,41,0
3,49,265,1408402888,40,0
3,49,265,1408402898,42,0
3,49,265,1408402908,40,0
3,49,265,1408402918,40,0
3,49,265,1408402928,41,0
3,49,265,1408402938,41,0
3,49,265,1408402948,41,0
3,49,265,1408402958,41,0
3,49,265,1408402968,40,0
3,49,263,1408402978,41,0
3,49,263,1408402988,41,0
3,49,263,1408402998,40,0
3,49,263,1408403008,39,0
3,49,263,1408403018,40,0
3,49,263,1408403028,41,0
3,49,263,1408403038,41,0
3,49,263,1408403048,41,0
3,49,263,1408403058,41,0
3,49,263,1408403068,40,0
3,49,262,1408403078,41,0
3,49,262,1408403088,42,0
3,49,262,1408403098,41,0
3,49,262,1408403108,40,0
3,49,262,1408403118,39,0
3,49,262,1408403128,39,0
3,49,262,1408403138,40,0
3,49,262,1408403148,39,0
3,49,262,1408403158,40,0
3,49,262,1408403168,40,0
3,49,261,1408403178,41,0
3,49,261,1408403188,40,0
3,49,261,1408403198,40,0
3,49,261,1408403208,40,0
3,49,261,1408403218,39,0
3,49,261,1408403228,38,0
3,49,261,1408403238,39,0
3,49,261,1408403248,39,0
3,49,261,1408403258,41,0
3,49,261,1408403268,41,0
3,49,260,1408403278,41,0
3,49,260,1408403288,41,0
3,49,260,1408403298,41,0
3,49,260,1408403308,40,0
3,49,260,1408403318,41,0
3,49,260,1408403328,42,0
3,49,260,1408403338,41,0
3,49,260,1408403348,41,0
3,49,260,1408403358,39,0
3,49,260,1408403368,39,0
3,48,259,1408403378,40,0
3,48,259,1408403388,41,0
3,48,259,1408403398,41,0
3,48,259,1408403408,40,0
3,48,259,1408403418,40,0
3,48,259,1408403428,40,0
3,48,259,1408403438,40,0
3,48,259,1408403448,38,0
3,48,259,1408403458,37,0
3,48,259,1408403468,38,0
3,48,258,1408403478,39,0
3,48,258,1408403488,41,0
3,48,257,1408403498,40,0
3,48,257,1408403508,41,0
3,48,257,1408403518,40,0
3,48,257,1408403528,40,0
3,48,257,1408403538,40,0
3,48,257,1408403548,40,0
3,48,257,1408403558,40,0
3,48,257,1408403568,40,0
3,48,257,1408403578,39,0
3,48,257,1408403588,39,0
3,48,257,1408403598,39,0
3,48,257,1408403608,39,0
3,48,257,1408403618,39,0
3,48,257,1408403628,40,0
3,48,257,1408403638,40,0
3,48,257,1408403648,39,0
3,48,257,1408403658,37,0
3,48,257,1408403668,37,0
3,48,255,1408403678,37,0
3,48,255,1408403688,38,0
3,48,255,1408403698,38,0
3,48,255,1408403708,37,0
3,48,255,1408403718,38,0
3,48,255,1408403728,38,0
3,48,255,1408403738,37,0
3,48,255,1408403748,35,0
3,48,255,1408403758,34,0
3,48,255,1408403768,33,0
3,48,254,1408403778,32,0
3,48,254,1408403788,30,0
3,48,254,1408403798,28,0
3,48,254,1408403808,28,0
3,48,254,1408403818,33,0
3,48,254,1408403828,34,0
3,48,254,1408403838,32,0
3,48,254,1408403848,33,0
3,48,254,1408403858,36,0
3,48,254,1408403868,37,0
3,47,253,1408403878,37,0
3,47,253,1408403888,37,0
3,47,253,1408403898,39,0
3,47,253,1408403908,39,0
3,47,253,1408403918,39,0
3,47,253,1408403928,39,0
3,47,253,1408403938,39,0
3,47,253,1408403948,38,0
3,47,253,1408403958,39,0
3,47,253,1408403968,39,0
3,47,253,1408403978,39,0
3,47,252,1408403988,39,0
3,47,252,1408403998,38,0
3,47,252,1408404008,38,0
3,47,252,1408404018,37,0
3,47,252,1408404028,37,0
3,47,252,1408404038,37,0
3,47,252,1408404048,35,0
3,47,252,1408404058,34,0
3,47,252,1408404068,30,0
3,47,252,1408404078,30,0
3,47,251,1408404088,25,0
3,47,251,1408404098,24,0
3,47,251,1408404108,21,0
3,47,251,1408404118,19,0
3,47,251,1408404128,18,0
3,47,251,1408404138,23,0
3,47,251,1408404148,27,0
3,47,251,1408404158,28,0
3,47,251,1408404168,33,0
3,47,251,1408404178,35,0
3,47,250,1408404188,38,0
3,47,250,1408404198,38,0
3,47,250,1408404208,38,0
3,47,250,1408404218,39,0
3,47,250,1408404228,42,0
3,47,250,1408404238,41,0
3,47,250,1408404248,40,0
3,47,250,1408404258,40,0
3,47,250,1408404268,40,0
3,47,250,1408404278,41,0
3,46,249,1408404288,40,0
3,46,249,1408404298,40,0
3,46,249,1408404308,38,0
3,46,249,1408404318,38,0
3,46,249,1408404328,39,0
3,46,249,1408404338,39,0
3,46,249,1408404348,38,0
3,46,249,1408404358,38,0
3,46,249,1408404368,37,0
3,46,249,1408404378,36,0
3,46,248,1408404388,33,0
3,46,248,1408404398,31,0
3,46,248,1408404408,31,0
3,46,248,1408404418,30,0
3,46,248,1408404428,32,0
3,46,248,1408404438,35,0
3,46,248,1408404448,37,0
3,46,248,1408404458,38,0
3,46,248,1408404468,39,0
3,46,248,1408404478,40,0
3,45,247,1408404488,41,0
3,45,247,1408404498,43,0
3,45,247,1408404508,43,0
3,45,247,1408404518,43,0
3,45,247,1408404528,43,0
3,45,247,1408404538,44,0
3,45,247,1408404548,44,0
3,45,247,1408404558,44,0
3,45,247,1408404568,43,0
3,45,247,1408404578,43,0
3,45,246,1408404588,43,0
3,45,246,1408404598,42,0
3,45,246,1408404608,42,0
3,45,246,1408404618,41,0
3,45,246,1408404628,40,0
3,45,246,1408404638,39,0
3,45,246,1408404648,37,0
3,45,246,1408404658,35,0
3,45,246,1408404668,29,0
3,45,246,1408404678,24,0
3,45,245,1408404688,14,0
3,45,245,1408404698,16,0
3,45,245,1408404708,28,0
3,45,245,1408404718,33,0
3,45,245,1408404728,35,0
3,45,245,1408404738,35,0
3,45,245,1408404748,37,0
3,45,245,1408404758,39,0
3,45,245,1408404768,40,0
3,45,245,1408404778,39,0
3,44,244,1408404788,38,0
3,44,244,1408404798,40,0
3,44,244,1408404808,42,0
3,44,244,1408404818,41,0
3,44,244,1408404828,42,0
3,44,244,1408404838,41,0
3,44,244,1408404848,42,0
3,44,244,1408404858,42,0
3,44,244,1408404868,42,0
3,44,244,1408404878,40,0
3,44,243,1408404888,39,0
3,44,243,1408404898,38,0
3,44,243,1408404908,34,0
3,44,243,1408404918,34,0
3,44,243,1408404928,33,0
3,44,243,1408404938,28,0
3,44,243,1408404948,29,0
3,44,243,1408404958,26,0
3,44,243,1408404968,16,0
3,44,243,1408404978,31,0
3,44,243,1408404988,35,0
3,43,242,1408404998,37,0
3,43,242,1408405008,37,0
3,43,242,1408405018,40,0
3,43,242,1408405028,40,0
3,43,242,1408405038,42,0
3,43,242,1408405048,41,0
3,43,242,1408405058,40,0
3,43,242,1408405068,39,0
3,43,242,1408405078,40,0
3,43,242,1408405088,39,0
3,43,242,1408405098,39,0
3,43,242,1408405108,38,0
3,43,242,1408405118,39,0
3,43,242,1408405128,38,0
3,43,242,1408405138,38,0
3,43,242,1408405148,36,0
3,43,242,1408405158,34,0
3,43,242,1408405168,33,0
3,43,242,1408405178,33,0
3,43,242,1408405188,31,0
3,42,241,1408405198,31,0
3,42,241,1408405208,31,0
3,42,241,1408405218,31,0
3,42,241,1408405228,34,0
3,42,241,1408405238,37,0
3,42,241,1408405248,38,0
3,42,241,1408405258,38,0
3,42,241,1408405268,39,0
3,42,241,1408405278,39,0
3,42,241,1408405288,37,0
3,42,240,1408405298,37,0
3,42,240,1408405308,39,0
3,42,240,1408405318,38,0
3,42,240,1408405328,38,0
3,42,240,1408405338,38,0
3,42,240,1408405348,36,0
3,42,240,1408405358,34,0
3,42,240,1408405368,34,0
3,42,240,1408405378,37,0
3,42,240,1408405388,39,0
3,41,239,1408405398,37,0
3,41,239,1408405408,36,0
3,41,239,1408405418,37,0
3,41,239,1408405428,38,0
3,41,239,1408405438,39,0
3,41,239,1408405448,38,0
3,41,239,1408405458,38,0
3,41,239,1408405468,38,0
3,41,239,1408405478,38,0
3,41,239,1408405488,35,0
3,41,238,1408405498,32,0
3,41,238,1408405508,33,0
3,41,238,1408405518,32,0
3,41,238,1408405528,35,0
3,41,238,1408405538,34,0
3,41,238,1408405548,35,0
3,41,238,1408405558,38,0
3,41,238,1408405568,40,0
3,41,238,1408405578,40,0
3,41,238,1408405588,40,0
3,40,238,1408405598,40,0
3,40,238,1408405608,40,0
3,40,238,1408405618,41,0
3,40,238,1408405628,42,0
3,40,238,1408405638,43,0
3,40,238,1408405648,41,0
3,40,238,1408405658,39,0
3,40,238,1408405668,38,0
3,40,238,1408405678,38,0
3,40,238,1408405688,37,0
3,40,237,1408405698,36,0
3,40,237,1408405708,34,0
3,40,237,1408405718,34,0
3,40,237,1408405728,32,0
3,40,237,1408405738,32,0
3,40,237,1408405748,36,0
3,40,237,1408405758,36,0
3,40,237,1408405768,38,0
3,40,237,1408405778,39,0
3,40,237,1408405788,37,0
3,39,236,1408405798,38,0
3,39,236,1408405808,37,0
3,39,236,1408405818,37,0
3,39,236,1408405828,35,0
3,39,236,1408405838,34,0
3,39,236,1408405848,36,0
3,39,236,1408405858,35,0
3,39,236,1408405868,35,0
3,39,236,1408405878,31,0
3,39,236,1408405888,32,0
3,39,235,1408405898,35,0
3,39,235,1408405908,37,0
3,39,235,1408405918,38,0
3,39,235,1408405928,41,0
3,39,235,1408405938,43,0
3,39,235,1408405948,43,0
3,39,235,1408405958,43,0
3,39,235,1408405968,43,0
3,39,235,1408405978,43,0
3,39,235,1408405988,43,0
3,39,235,1408405998,42,0
3,38,235,1408406008,41,0
3,38,235,1408406018,40,0
3,38,235,1408406028,38,0
3,38,235,1408406038,35,0
3,38,235,1408406048,28,0
3,38,235,1408406058,29,0
3,38,235,1408406068,30,0
3,38,235,1408406078,33,0
3,38,235,1408406088,37,0
3,38,235,1408406098,36,0
3,38,234,1408406108,36,0
3,38,234,1408406118,39,0
3,38,234,1408406128,39,0
3,38,234,1408406138,41,0
3,38,234,1408406148,41,0
3,38,234,1408406158,41,0
3,38,234,1408406168,38,0
3,38,234,1408406178,37,0
3,38,234,1408406188,37,0
3,38,234,1408406198,38,0
3,37,234,1408406208,34,0
3,37,234,1408406218,35,0
3,37,234,1408406228,37,0
3,37,234,1408406238,39,0
3,37,234,1408406248,40,0
3,37,234,1408406258,40,0
3,37,234,1408406268,40,0
3,37,234,1408406278,42,0
3,37,234,1408406288,42,0
3,37,234,1408406298,42,0
3,36,233,1408406308,43,0
3,36,233,1408406318,42,0
3,36,233,1408406328,41,0
3,36,233,1408406338,39,0
3,36,233,1408406348,37,0
3,36,233,1408406358,36,0
3,36,233,1408406368,35,0
3,36,233,1408406378,35,0
3,36,233,1408406388,37,0
3,36,233,1408406398,35,0
3,36,232,1408406408,35,0
